setup,attacker,seed,m,probation,attack_success,leaked,spread,compromised,ttc,contained,task_success,availability,fpr,mal_block_rate,n_heals,fidelity,good_lost,reinfection,recovery
A,none,2000,4,True,0,0,0.0,0,,0,1.0,1.0,0.0,,0,,,,
A,none,2001,4,True,0,0,0.0,0,,0,1.0,1.0,0.0,,0,,,,
A,none,2002,4,True,0,0,0.0,0,,0,1.0,1.0,0.0,,0,,,,
A,none,2003,4,True,0,0,0.0,0,,0,1.0,1.0,0.0,,0,,,,
A,none,2004,4,True,0,0,0.0,0,,0,1.0,1.0,0.0,,0,,,,
A,none,2005,4,True,0,0,0.0,0,,0,1.0,1.0,0.0,,0,,,,
A,none,2006,4,True,0,0,0.0,0,,0,1.0,1.0,0.0,,0,,,,
A,none,2007,4,True,0,0,0.0,0,,0,1.0,1.0,0.0,,0,,,,
A,none,2008,4,True,0,0,0.0,0,,0,1.0,1.0,0.0,,0,,,,
A,none,2009,4,True,0,0,0.0,0,,0,1.0,1.0,0.0,,0,,,,
A,none,2010,4,True,0,0,0.0,0,,0,1.0,1.0,0.0,,0,,,,
A,none,2011,4,True,0,0,0.0,0,,0,1.0,1.0,0.0,,0,,,,
A,none,2012,4,True,0,0,0.0,0,,0,1.0,1.0,0.0,,0,,,,
A,none,2013,4,True,0,0,0.0,0,,0,1.0,1.0,0.0,,0,,,,
A,none,2014,4,True,0,0,0.0,0,,0,1.0,1.0,0.0,,0,,,,
A,none,2015,4,True,0,0,0.0,0,,0,1.0,1.0,0.0,,0,,,,
A,none,2016,4,True,0,0,0.0,0,,0,1.0,1.0,0.0,,0,,,,
A,none,2017,4,True,0,0,0.0,0,,0,1.0,1.0,0.0,,0,,,,
A,none,2018,4,True,0,0,0.0,0,,0,1.0,1.0,0.0,,0,,,,
A,none,2019,4,True,0,0,0.0,0,,0,1.0,1.0,0.0,,0,,,,
A,none,2020,4,True,0,0,0.0,0,,0,1.0,1.0,0.0,,0,,,,
A,none,2021,4,True,0,0,0.0,0,,0,1.0,1.0,0.0,,0,,,,
A,none,2022,4,True,0,0,0.0,0,,0,1.0,1.0,0.0,,0,,,,
A,none,2023,4,True,0,0,0.0,0,,0,1.0,1.0,0.0,,0,,,,
A,none,2024,4,True,0,0,0.0,0,,0,1.0,1.0,0.0,,0,,,,
A,none,2025,4,True,0,0,0.0,0,,0,1.0,1.0,0.0,,0,,,,
A,none,2026,4,True,0,0,0.0,0,,0,1.0,1.0,0.0,,0,,,,
A,none,2027,4,True,0,0,0.0,0,,0,1.0,1.0,0.0,,0,,,,
A,none,2028,4,True,0,0,0.0,0,,0,1.0,1.0,0.0,,0,,,,
A,none,2029,4,True,0,0,0.0,0,,0,1.0,1.0,0.0,,0,,,,
A,none,2030,4,True,0,0,0.0,0,,0,1.0,1.0,0.0,,0,,,,
A,none,2031,4,True,0,0,0.0,0,,0,1.0,1.0,0.0,,0,,,,
A,none,2032,4,True,0,0,0.0,0,,0,1.0,1.0,0.0,,0,,,,
A,none,2033,4,True,0,0,0.0,0,,0,1.0,1.0,0.0,,0,,,,
A,none,2034,4,True,0,0,0.0,0,,0,1.0,1.0,0.0,,0,,,,
A,none,2035,4,True,0,0,0.0,0,,0,1.0,1.0,0.0,,0,,,,
A,none,2036,4,True,0,0,0.0,0,,0,1.0,1.0,0.0,,0,,,,
A,none,2037,4,True,0,0,0.0,0,,0,1.0,1.0,0.0,,0,,,,
A,none,2038,4,True,0,0,0.0,0,,0,1.0,1.0,0.0,,0,,,,
A,none,2039,4,True,0,0,0.0,0,,0,1.0,1.0,0.0,,0,,,,
A,none,2040,4,True,0,0,0.0,0,,0,1.0,1.0,0.0,,0,,,,
A,none,2041,4,True,0,0,0.0,0,,0,1.0,1.0,0.0,,0,,,,
A,none,2042,4,True,0,0,0.0,0,,0,1.0,1.0,0.0,,0,,,,
A,none,2043,4,True,0,0,0.0,0,,0,1.0,1.0,0.0,,0,,,,
A,none,2044,4,True,0,0,0.0,0,,0,1.0,1.0,0.0,,0,,,,
A,none,2045,4,True,0,0,0.0,0,,0,1.0,1.0,0.0,,0,,,,
A,none,2046,4,True,0,0,0.0,0,,0,1.0,1.0,0.0,,0,,,,
A,none,2047,4,True,0,0,0.0,0,,0,1.0,1.0,0.0,,0,,,,
A,none,2048,4,True,0,0,0.0,0,,0,1.0,1.0,0.0,,0,,,,
A,none,2049,4,True,0,0,0.0,0,,0,1.0,1.0,0.0,,0,,,,
A,none,2050,4,True,0,0,0.0,0,,0,1.0,1.0,0.0,,0,,,,
A,none,2051,4,True,0,0,0.0,0,,0,1.0,1.0,0.0,,0,,,,
A,none,2052,4,True,0,0,0.0,0,,0,1.0,1.0,0.0,,0,,,,
A,none,2053,4,True,0,0,0.0,0,,0,1.0,1.0,0.0,,0,,,,
A,none,2054,4,True,0,0,0.0,0,,0,1.0,1.0,0.0,,0,,,,
A,none,2055,4,True,0,0,0.0,0,,0,1.0,1.0,0.0,,0,,,,
A,none,2056,4,True,0,0,0.0,0,,0,1.0,1.0,0.0,,0,,,,
A,none,2057,4,True,0,0,0.0,0,,0,1.0,1.0,0.0,,0,,,,
A,none,2058,4,True,0,0,0.0,0,,0,1.0,1.0,0.0,,0,,,,
A,none,2059,4,True,0,0,0.0,0,,0,1.0,1.0,0.0,,0,,,,
A,T1,2000,4,True,1,1200,1.0,1,38.0,0,1.0,1.0,0.0,0.0,0,,,,
A,T1,2001,4,True,1,2300,1.0,1,59.0,0,0.9473684210526315,0.9411764705882353,0.0,0.0,0,,,,
A,T1,2002,4,True,1,1400,1.0,1,35.0,0,1.0,1.0,0.0,0.0,0,,,,
A,T1,2003,4,True,1,2600,1.0,1,65.0,0,0.7894736842105263,0.7647058823529411,0.0,0.0,0,,,,
A,T1,2004,4,True,1,1350,1.0,1,38.0,0,1.0,1.0,0.0,0.0,0,,,,
A,T1,2005,4,True,1,1850,1.0,1,47.0,0,0.8947368421052632,0.8666666666666667,0.0,0.0,0,,,,
A,T1,2006,4,True,1,1600,1.0,1,41.0,0,0.9473684210526315,0.9375,0.0,0.0,0,,,,
A,T1,2007,4,True,1,2450,1.0,1,59.0,0,0.7894736842105263,0.75,0.0,0.0,0,,,,
A,T1,2008,4,True,1,1850,1.0,1,50.0,0,0.8947368421052632,0.875,0.0,0.0,0,,,,
A,T1,2009,4,True,1,2150,1.0,1,56.0,0,0.8421052631578947,0.8125,0.0,0.0,0,,,,
A,T1,2010,4,True,1,1950,1.0,1,56.0,0,0.8421052631578947,0.8125,0.0,0.0,0,,,,
A,T1,2011,4,True,1,2300,1.0,1,59.0,0,0.8947368421052632,0.875,0.0,0.0,0,,,,
A,T1,2012,4,True,1,2150,1.0,1,59.0,0,0.8421052631578947,0.8125,0.0,0.0,0,,,,
A,T1,2013,4,True,1,1900,1.0,1,53.0,0,1.0,1.0,0.0,0.0,0,,,,
A,T1,2014,4,True,1,2150,1.0,1,56.0,0,0.9473684210526315,0.9375,0.0,0.0,0,,,,
A,T1,2015,4,True,1,2200,1.0,1,56.0,0,0.8421052631578947,0.8125,0.0,0.0,0,,,,
A,T1,2016,4,True,1,2400,1.0,1,68.0,0,0.8421052631578947,0.8333333333333334,0.0,0.0,0,,,,
A,T1,2017,4,True,1,1750,1.0,1,44.0,0,1.0,1.0,0.0,0.0,0,,,,
A,T1,2018,4,True,1,1850,1.0,1,53.0,0,1.0,1.0,0.0,0.0,0,,,,
A,T1,2019,4,True,1,1400,1.0,1,38.0,0,0.9473684210526315,0.9411764705882353,0.0,0.0,0,,,,
A,T1,2020,4,True,1,2450,1.0,1,65.0,0,0.8421052631578947,0.8235294117647058,0.0,0.0,0,,,,
A,T1,2021,4,True,1,2350,1.0,1,59.0,0,0.8947368421052632,0.8666666666666667,0.0,0.0,0,,,,
A,T1,2022,4,True,1,1750,1.0,1,50.0,0,0.9473684210526315,0.9333333333333333,0.0,0.0,0,,,,
A,T1,2023,4,True,1,2500,1.0,1,65.0,0,0.7894736842105263,0.7647058823529411,0.0,0.0,0,,,,
A,T1,2024,4,True,1,1450,1.0,1,38.0,0,0.9473684210526315,0.9411764705882353,0.0,0.0,0,,,,
A,T1,2025,4,True,1,2300,1.0,1,59.0,0,0.8947368421052632,0.875,0.0,0.0,0,,,,
A,T1,2026,4,True,1,1850,1.0,1,50.0,0,0.8947368421052632,0.8823529411764706,0.0,0.0,0,,,,
A,T1,2027,4,True,0,0,0.0,0,,0,1.0,1.0,0.0,,0,,,,
A,T1,2028,4,True,1,2300,1.0,1,59.0,0,0.8421052631578947,0.8,0.0,0.0,0,,,,
A,T1,2029,4,True,1,2000,1.0,1,53.0,0,0.8947368421052632,0.875,0.0,0.0,0,,,,
A,T1,2030,4,True,1,1350,1.0,1,32.0,0,1.0,1.0,0.0,0.0,0,,,,
A,T1,2031,4,True,1,1450,1.0,1,38.0,0,1.0,1.0,0.0,0.0,0,,,,
A,T1,2032,4,True,1,2000,1.0,1,53.0,0,0.9473684210526315,0.9333333333333333,0.0,0.0,0,,,,
A,T1,2033,4,True,0,0,0.0,0,,0,1.0,1.0,0.0,,0,,,,
A,T1,2034,4,True,1,2300,1.0,1,56.0,0,0.8421052631578947,0.8,0.0,0.0,0,,,,
A,T1,2035,4,True,1,2100,1.0,1,56.0,0,0.9473684210526315,0.9411764705882353,0.0,0.0,0,,,,
A,T1,2036,4,True,1,1950,1.0,1,47.0,0,0.8947368421052632,0.8823529411764706,0.0,0.0,0,,,,
A,T1,2037,4,True,1,1650,1.0,1,47.0,0,1.0,1.0,0.0,0.0,0,,,,
A,T1,2038,4,True,1,2350,1.0,1,65.0,0,0.9473684210526315,0.9411764705882353,0.0,0.0,0,,,,
A,T1,2039,4,True,1,2250,1.0,1,59.0,0,1.0,1.0,0.0,0.0,0,,,,
A,T1,2040,4,True,1,2200,1.0,1,59.0,0,0.9473684210526315,0.9411764705882353,0.0,0.0,0,,,,
A,T1,2041,4,True,1,2250,1.0,1,62.0,0,0.8421052631578947,0.8235294117647058,0.0,0.0,0,,,,
A,T1,2042,4,True,0,0,0.0,0,,0,1.0,1.0,0.0,,0,,,,
A,T1,2043,4,True,1,1900,1.0,1,50.0,0,0.9473684210526315,0.9411764705882353,0.0,0.0,0,,,,
A,T1,2044,4,True,1,1500,1.0,1,38.0,0,0.9473684210526315,0.9411764705882353,0.0,0.0,0,,,,
A,T1,2045,4,True,1,2150,1.0,1,59.0,0,1.0,1.0,0.0,0.0,0,,,,
A,T1,2046,4,True,1,2050,1.0,1,53.0,0,0.9473684210526315,0.9375,0.0,0.0,0,,,,
A,T1,2047,4,True,1,2050,1.0,1,50.0,0,0.8421052631578947,0.8235294117647058,0.0,0.0,0,,,,
A,T1,2048,4,True,1,1400,1.0,1,35.0,0,1.0,1.0,0.0,0.0,0,,,,
A,T1,2049,4,True,1,2100,1.0,1,56.0,0,0.8947368421052632,0.875,0.0,0.0,0,,,,
A,T1,2050,4,True,1,1600,1.0,1,41.0,0,1.0,1.0,0.0,0.0,0,,,,
A,T1,2051,4,True,1,1500,1.0,1,38.0,0,0.9473684210526315,0.9333333333333333,0.0,0.0,0,,,,
A,T1,2052,4,True,1,1950,1.0,1,53.0,0,0.9473684210526315,0.9333333333333333,0.0,0.0,0,,,,
A,T1,2053,4,True,1,2400,1.0,1,59.0,0,0.8947368421052632,0.875,0.0,0.0,0,,,,
A,T1,2054,4,True,1,2250,1.0,1,59.0,0,0.8421052631578947,0.8235294117647058,0.0,0.0,0,,,,
A,T1,2055,4,True,1,2150,1.0,1,59.0,0,0.8421052631578947,0.8,0.0,0.0,0,,,,
A,T1,2056,4,True,1,1400,1.0,1,35.0,0,1.0,1.0,0.0,0.0,0,,,,
A,T1,2057,4,True,1,2550,1.0,1,65.0,0,0.9473684210526315,0.9444444444444444,0.0,0.0,0,,,,
A,T1,2058,4,True,1,2600,1.0,1,65.0,0,0.8421052631578947,0.8235294117647058,0.0,0.0,0,,,,
A,T1,2059,4,True,1,1600,1.0,1,44.0,0,0.9473684210526315,0.9333333333333333,0.0,0.0,0,,,,
A,T2,2000,4,True,0,0,0.0,0,,0,1.0,1.0,0.0,,0,,,,
A,T2,2001,4,True,0,0,0.0,0,,0,1.0,1.0,0.0,,0,,,,
A,T2,2002,4,True,0,0,0.0,0,,0,1.0,1.0,0.0,,0,,,,
A,T2,2003,4,True,1,2,0.0,0,,0,0.8947368421052632,0.8823529411764706,0.0,0.0,0,,,,
A,T2,2004,4,True,1,1,0.0,0,,0,0.9473684210526315,0.9333333333333333,0.0,0.0,0,,,,
A,T2,2005,4,True,1,1,0.0,0,,0,0.9473684210526315,0.9333333333333333,0.0,0.0,0,,,,
A,T2,2006,4,True,1,2,0.0,0,,0,0.8947368421052632,0.875,0.0,0.0,0,,,,
A,T2,2007,4,True,1,1,0.0,0,,0,0.9473684210526315,0.9375,0.0,0.0,0,,,,
A,T2,2008,4,True,1,1,0.0,0,,0,0.9473684210526315,0.9375,0.0,0.0,0,,,,
A,T2,2009,4,True,1,2,0.0,0,,0,0.8947368421052632,0.875,0.0,0.0,0,,,,
A,T2,2010,4,True,1,2,0.0,0,,0,0.8947368421052632,0.875,0.0,0.0,0,,,,
A,T2,2011,4,True,0,0,0.0,0,,0,1.0,1.0,0.0,,0,,,,
A,T2,2012,4,True,1,1,0.0,0,,0,0.9473684210526315,0.9375,0.0,0.0,0,,,,
A,T2,2013,4,True,1,3,0.0,0,,0,0.8421052631578947,0.8333333333333334,0.0,0.0,0,,,,
A,T2,2014,4,True,1,1,0.0,0,,0,0.9473684210526315,0.9375,0.0,0.0,0,,,,
A,T2,2015,4,True,1,1,0.0,0,,0,0.9473684210526315,0.9375,0.0,0.0,0,,,,
A,T2,2016,4,True,1,1,0.0,0,,0,0.9473684210526315,0.9444444444444444,0.0,0.0,0,,,,
A,T2,2017,4,True,0,0,0.0,0,,0,1.0,1.0,0.0,,0,,,,
A,T2,2018,4,True,0,0,0.0,0,,0,1.0,1.0,0.0,,0,,,,
A,T2,2019,4,True,0,0,0.0,0,,0,1.0,1.0,0.0,,0,,,,
A,T2,2020,4,True,0,0,0.0,0,,0,1.0,1.0,0.0,,0,,,,
A,T2,2021,4,True,1,1,0.0,0,,0,0.9473684210526315,0.9333333333333333,0.0,0.0,0,,,,
A,T2,2022,4,True,0,0,0.0,0,,0,1.0,1.0,0.0,,0,,,,
A,T2,2023,4,True,1,2,0.0,0,,0,0.8947368421052632,0.8823529411764706,0.0,0.0,0,,,,
A,T2,2024,4,True,0,0,0.0,0,,0,1.0,1.0,0.0,,0,,,,
A,T2,2025,4,True,1,1,0.0,0,,0,0.9473684210526315,0.9375,0.0,0.0,0,,,,
A,T2,2026,4,True,1,1,0.0,0,,0,0.9473684210526315,0.9411764705882353,0.0,0.0,0,,,,
A,T2,2027,4,True,0,0,0.0,0,,0,1.0,1.0,0.0,,0,,,,
A,T2,2028,4,True,1,3,0.0,0,,0,0.8421052631578947,0.8,0.0,0.0,0,,,,
A,T2,2029,4,True,1,2,0.0,0,,0,0.8947368421052632,0.875,0.0,0.0,0,,,,
A,T2,2030,4,True,0,0,0.0,0,,0,1.0,1.0,0.0,,0,,,,
A,T2,2031,4,True,0,0,0.0,0,,0,1.0,1.0,0.0,,0,,,,
A,T2,2032,4,True,1,1,0.0,0,,0,0.9473684210526315,0.9333333333333333,0.0,0.0,0,,,,
A,T2,2033,4,True,0,0,0.0,0,,0,1.0,1.0,0.0,,0,,,,
A,T2,2034,4,True,0,0,0.0,0,,0,1.0,1.0,0.0,,0,,,,
A,T2,2035,4,True,0,0,0.0,0,,0,1.0,1.0,0.0,,0,,,,
A,T2,2036,4,True,1,1,0.0,0,,0,0.9473684210526315,0.9411764705882353,0.0,0.0,0,,,,
A,T2,2037,4,True,1,1,0.0,0,,0,0.9473684210526315,0.9411764705882353,0.0,0.0,0,,,,
A,T2,2038,4,True,0,0,0.0,0,,0,1.0,1.0,0.0,,0,,,,
A,T2,2039,4,True,1,1,0.0,0,,0,0.9473684210526315,0.9411764705882353,0.0,0.0,0,,,,
A,T2,2040,4,True,1,1,0.0,0,,0,0.9473684210526315,0.9411764705882353,0.0,0.0,0,,,,
A,T2,2041,4,True,1,1,0.0,0,,0,0.9473684210526315,0.9411764705882353,0.0,0.0,0,,,,
A,T2,2042,4,True,0,0,0.0,0,,0,1.0,1.0,0.0,,0,,,,
A,T2,2043,4,True,1,3,0.0,0,,0,0.8421052631578947,0.8235294117647058,0.0,0.0,0,,,,
A,T2,2044,4,True,0,0,0.0,0,,0,1.0,1.0,0.0,,0,,,,
A,T2,2045,4,True,0,0,0.0,0,,0,1.0,1.0,0.0,,0,,,,
A,T2,2046,4,True,1,2,0.0,0,,0,0.8947368421052632,0.875,0.0,0.0,0,,,,
A,T2,2047,4,True,0,0,0.0,0,,0,1.0,1.0,0.0,,0,,,,
A,T2,2048,4,True,1,1,0.0,0,,0,0.9473684210526315,0.9375,0.0,0.0,0,,,,
A,T2,2049,4,True,0,0,0.0,0,,0,1.0,1.0,0.0,,0,,,,
A,T2,2050,4,True,1,1,0.0,0,,0,0.9473684210526315,0.9375,0.0,0.0,0,,,,
A,T2,2051,4,True,0,0,0.0,0,,0,1.0,1.0,0.0,,0,,,,
A,T2,2052,4,True,1,1,0.0,0,,0,0.9473684210526315,0.9333333333333333,0.0,0.0,0,,,,
A,T2,2053,4,True,1,1,0.0,0,,0,0.9473684210526315,0.9375,0.0,0.0,0,,,,
A,T2,2054,4,True,0,0,0.0,0,,0,1.0,1.0,0.0,,0,,,,
A,T2,2055,4,True,1,1,0.0,0,,0,0.9473684210526315,0.9333333333333333,0.0,0.0,0,,,,
A,T2,2056,4,True,0,0,0.0,0,,0,1.0,1.0,0.0,,0,,,,
A,T2,2057,4,True,0,0,0.0,0,,0,1.0,1.0,0.0,,0,,,,
A,T2,2058,4,True,0,0,0.0,0,,0,1.0,1.0,0.0,,0,,,,
A,T2,2059,4,True,0,0,0.0,0,,0,1.0,1.0,0.0,,0,,,,
A,T3,2000,4,True,1,25,1.0,1,38.0,0,1.0,1.0,0.0,0.0,0,,,,
A,T3,2001,4,True,1,34,1.0,1,59.0,0,0.8947368421052632,0.8823529411764706,0.0,0.0,0,,,,
A,T3,2002,4,True,1,25,1.0,1,35.0,0,1.0,1.0,0.0,0.0,0,,,,
A,T3,2003,4,True,1,45,1.0,1,65.0,0,0.9473684210526315,0.9411764705882353,0.0,0.0,0,,,,
A,T3,2004,4,True,0,0,0.0,0,,0,1.0,1.0,0.0,,0,,,,
A,T3,2005,4,True,1,29,1.0,1,47.0,0,0.9473684210526315,0.9333333333333333,0.0,0.0,0,,,,
A,T3,2006,4,True,1,31,1.0,1,38.0,0,1.0,1.0,0.0,0.0,0,,,,
A,T3,2007,4,True,1,36,1.0,1,59.0,0,0.8947368421052632,0.875,0.0,0.0,0,,,,
A,T3,2008,4,True,1,35,1.0,1,56.0,0,0.9473684210526315,0.9375,0.0,0.0,0,,,,
A,T3,2009,4,True,1,40,1.0,1,56.0,0,0.9473684210526315,0.9375,0.0,0.0,0,,,,
A,T3,2010,4,True,1,35,1.0,1,56.0,0,1.0,1.0,0.0,0.0,0,,,,
A,T3,2011,4,True,1,37,1.0,1,59.0,0,0.7894736842105263,0.75,0.0,0.0,0,,,,
A,T3,2012,4,True,1,35,1.0,1,59.0,0,0.8947368421052632,0.875,0.0,0.0,0,,,,
A,T3,2013,4,True,1,33,1.0,1,47.0,0,0.9473684210526315,0.9444444444444444,0.0,0.0,0,,,,
A,T3,2014,4,True,1,33,1.0,1,56.0,0,0.8947368421052632,0.875,0.0,0.0,0,,,,
A,T3,2015,4,True,1,36,1.0,1,56.0,0,0.9473684210526315,0.9375,0.0,0.0,0,,,,
A,T3,2016,4,True,1,44,1.0,1,68.0,0,1.0,1.0,0.0,0.0,0,,,,
A,T3,2017,4,True,1,14,1.0,1,20.0,0,1.0,1.0,0.0,0.0,0,,,,
A,T3,2018,4,True,1,36,1.0,1,59.0,0,1.0,1.0,0.0,0.0,0,,,,
A,T3,2019,4,True,1,26,1.0,1,38.0,0,0.9473684210526315,0.9411764705882353,0.0,0.0,0,,,,
A,T3,2020,4,True,1,36,1.0,1,65.0,0,0.8421052631578947,0.8235294117647058,0.0,0.0,0,,,,
A,T3,2021,4,True,1,37,1.0,1,59.0,0,0.9473684210526315,0.9333333333333333,0.0,0.0,0,,,,
A,T3,2022,4,True,1,29,1.0,1,50.0,0,0.8947368421052632,0.8666666666666667,0.0,0.0,0,,,,
A,T3,2023,4,True,1,30,1.0,1,65.0,0,0.9473684210526315,0.9411764705882353,0.0,0.0,0,,,,
A,T3,2024,4,True,1,23,1.0,1,38.0,0,1.0,1.0,0.0,0.0,0,,,,
A,T3,2025,4,True,1,42,1.0,1,59.0,0,1.0,1.0,0.0,0.0,0,,,,
A,T3,2026,4,True,1,24,1.0,1,50.0,0,0.9473684210526315,0.9411764705882353,0.0,0.0,0,,,,
A,T3,2027,4,True,0,0,0.0,0,,0,1.0,1.0,0.0,,0,,,,
A,T3,2028,4,True,1,38,1.0,1,59.0,0,0.8947368421052632,0.8666666666666667,0.0,0.0,0,,,,
A,T3,2029,4,True,1,28,1.0,1,53.0,0,0.8947368421052632,0.875,0.0,0.0,0,,,,
A,T3,2030,4,True,1,23,1.0,1,32.0,0,1.0,1.0,0.0,0.0,0,,,,
A,T3,2031,4,True,1,23,1.0,1,38.0,0,1.0,1.0,0.0,0.0,0,,,,
A,T3,2032,4,True,1,33,1.0,1,53.0,0,1.0,1.0,0.0,0.0,0,,,,
A,T3,2033,4,True,1,41,1.0,1,62.0,0,1.0,1.0,0.0,0.0,0,,,,
A,T3,2034,4,True,1,39,1.0,1,56.0,0,0.8421052631578947,0.8,0.0,0.0,0,,,,
A,T3,2035,4,True,1,30,1.0,1,56.0,0,0.8947368421052632,0.8823529411764706,0.0,0.0,0,,,,
A,T3,2036,4,True,1,31,1.0,1,47.0,0,0.8947368421052632,0.8823529411764706,0.0,0.0,0,,,,
A,T3,2037,4,True,1,30,1.0,1,44.0,0,0.8947368421052632,0.8823529411764706,0.0,0.0,0,,,,
A,T3,2038,4,True,1,33,1.0,1,65.0,0,0.8947368421052632,0.8823529411764706,0.0,0.0,0,,,,
A,T3,2039,4,True,1,36,1.0,1,59.0,0,0.8947368421052632,0.8823529411764706,0.0,0.0,0,,,,
A,T3,2040,4,True,1,37,1.0,1,59.0,0,0.9473684210526315,0.9411764705882353,0.0,0.0,0,,,,
A,T3,2041,4,True,1,38,1.0,1,62.0,0,1.0,1.0,0.0,0.0,0,,,,
A,T3,2042,4,True,0,0,0.0,0,,0,1.0,1.0,0.0,,0,,,,
A,T3,2043,4,True,1,27,1.0,1,50.0,0,1.0,1.0,0.0,0.0,0,,,,
A,T3,2044,4,True,1,22,1.0,1,38.0,0,1.0,1.0,0.0,0.0,0,,,,
A,T3,2045,4,True,1,42,1.0,1,59.0,0,1.0,1.0,0.0,0.0,0,,,,
A,T3,2046,4,True,1,28,1.0,1,53.0,0,1.0,1.0,0.0,0.0,0,,,,
A,T3,2047,4,True,1,28,1.0,1,50.0,0,0.8421052631578947,0.8235294117647058,0.0,0.0,0,,,,
A,T3,2048,4,True,1,25,1.0,1,35.0,0,1.0,1.0,0.0,0.0,0,,,,
A,T3,2049,4,True,1,37,1.0,1,56.0,0,1.0,1.0,0.0,0.0,0,,,,
A,T3,2050,4,True,1,42,1.0,1,62.0,0,0.8421052631578947,0.8125,0.0,0.0,0,,,,
A,T3,2051,4,True,1,30,1.0,1,38.0,0,1.0,1.0,0.0,0.0,0,,,,
A,T3,2052,4,True,1,30,1.0,1,53.0,0,0.8421052631578947,0.8,0.0,0.0,0,,,,
A,T3,2053,4,True,1,38,1.0,1,59.0,0,0.8947368421052632,0.875,0.0,0.0,0,,,,
A,T3,2054,4,True,1,39,1.0,1,59.0,0,1.0,1.0,0.0,0.0,0,,,,
A,T3,2055,4,True,1,40,1.0,1,59.0,0,1.0,1.0,0.0,0.0,0,,,,
A,T3,2056,4,True,1,22,1.0,1,35.0,0,1.0,1.0,0.0,0.0,0,,,,
A,T3,2057,4,True,1,35,1.0,1,65.0,0,0.8947368421052632,0.8888888888888888,0.0,0.0,0,,,,
A,T3,2058,4,True,1,37,1.0,1,65.0,0,0.8947368421052632,0.8823529411764706,0.0,0.0,0,,,,
A,T3,2059,4,True,1,24,1.0,1,32.0,0,1.0,1.0,0.0,0.0,0,,,,
A,T4,2000,4,True,1,7,1.0,1,38.0,0,1.0,1.0,0.0,0.0,0,,,,
A,T4,2001,4,True,1,19,1.0,1,59.0,0,1.0,1.0,0.0,0.0,0,,,,
A,T4,2002,4,True,1,8,1.0,1,35.0,0,1.0,1.0,0.0,0.0,0,,,,
A,T4,2003,4,True,1,15,1.0,1,65.0,0,1.0,1.0,0.0,0.0,0,,,,
A,T4,2004,4,True,1,2,1.0,1,38.0,0,1.0,1.0,0.0,0.0,0,,,,
A,T4,2005,4,True,1,8,1.0,1,47.0,0,1.0,1.0,0.0,0.0,0,,,,
A,T4,2006,4,True,1,2,1.0,1,41.0,0,1.0,1.0,0.0,0.0,0,,,,
A,T4,2007,4,True,1,13,1.0,1,59.0,0,1.0,1.0,0.0,0.0,0,,,,
A,T4,2008,4,True,1,14,1.0,1,56.0,0,1.0,1.0,0.0,0.0,0,,,,
A,T4,2009,4,True,1,8,1.0,1,56.0,0,1.0,1.0,0.0,0.0,0,,,,
A,T4,2010,4,True,1,7,1.0,1,56.0,0,1.0,1.0,0.0,0.0,0,,,,
A,T4,2011,4,True,1,12,1.0,1,38.0,0,1.0,1.0,0.0,0.0,0,,,,
A,T4,2012,4,True,1,11,1.0,1,59.0,0,1.0,1.0,0.0,0.0,0,,,,
A,T4,2013,4,True,1,12,1.0,1,53.0,0,1.0,1.0,0.0,0.0,0,,,,
A,T4,2014,4,True,1,11,1.0,1,56.0,0,1.0,1.0,0.0,0.0,0,,,,
A,T4,2015,4,True,1,21,1.0,1,53.0,0,1.0,1.0,0.0,0.0,0,,,,
A,T4,2016,4,True,1,11,1.0,1,47.0,0,1.0,1.0,0.0,0.0,0,,,,
A,T4,2017,4,True,1,8,1.0,1,44.0,0,1.0,1.0,0.0,0.0,0,,,,
A,T4,2018,4,True,1,11,1.0,1,59.0,0,1.0,1.0,0.0,0.0,0,,,,
A,T4,2019,4,True,1,10,1.0,1,38.0,0,1.0,1.0,0.0,0.0,0,,,,
A,T4,2020,4,True,1,13,1.0,1,65.0,0,1.0,1.0,0.0,0.0,0,,,,
A,T4,2021,4,True,1,12,1.0,1,59.0,0,1.0,1.0,0.0,0.0,0,,,,
A,T4,2022,4,True,1,15,1.0,1,50.0,0,1.0,1.0,0.0,0.0,0,,,,
A,T4,2023,4,True,1,10,1.0,1,59.0,0,1.0,1.0,0.0,0.0,0,,,,
A,T4,2024,4,True,1,7,1.0,1,38.0,0,1.0,1.0,0.0,0.0,0,,,,
A,T4,2025,4,True,1,6,1.0,1,59.0,0,1.0,1.0,0.0,0.0,0,,,,
A,T4,2026,4,True,1,7,1.0,1,50.0,0,1.0,1.0,0.0,0.0,0,,,,
A,T4,2027,4,True,0,0,0.0,0,,0,1.0,1.0,0.0,,0,,,,
A,T4,2028,4,True,1,7,0.75,1,59.0,0,1.0,1.0,0.0,0.0,0,,,,
A,T4,2029,4,True,1,12,1.0,1,53.0,0,1.0,1.0,0.0,0.0,0,,,,
A,T4,2030,4,True,1,2,0.75,1,32.0,0,1.0,1.0,0.0,0.0,0,,,,
A,T4,2031,4,True,1,7,1.0,1,38.0,0,1.0,1.0,0.0,0.0,0,,,,
A,T4,2032,4,True,1,9,1.0,1,53.0,0,1.0,1.0,0.0,0.0,0,,,,
A,T4,2033,4,True,0,0,0.0,0,,0,1.0,1.0,0.0,,0,,,,
A,T4,2034,4,True,1,18,1.0,1,56.0,0,1.0,1.0,0.0,0.0,0,,,,
A,T4,2035,4,True,1,15,1.0,1,56.0,0,1.0,1.0,0.0,0.0,0,,,,
A,T4,2036,4,True,1,17,1.0,1,47.0,0,1.0,1.0,0.0,0.0,0,,,,
A,T4,2037,4,True,1,12,0.75,1,47.0,0,1.0,1.0,0.0,0.0,0,,,,
A,T4,2038,4,True,1,12,1.0,1,65.0,0,1.0,1.0,0.0,0.0,0,,,,
A,T4,2039,4,True,1,3,1.0,1,29.0,0,1.0,1.0,0.0,0.0,0,,,,
A,T4,2040,4,True,1,14,1.0,1,59.0,0,1.0,1.0,0.0,0.0,0,,,,
A,T4,2041,4,True,1,18,1.0,1,62.0,0,1.0,1.0,0.0,0.0,0,,,,
A,T4,2042,4,True,1,10,1.0,1,47.0,0,1.0,1.0,0.0,0.0,0,,,,
A,T4,2043,4,True,1,1,0.25,1,35.0,0,1.0,1.0,0.0,0.0,0,,,,
A,T4,2044,4,True,1,4,1.0,1,38.0,0,1.0,1.0,0.0,0.0,0,,,,
A,T4,2045,4,True,1,5,1.0,1,59.0,0,1.0,1.0,0.0,0.0,0,,,,
A,T4,2046,4,True,1,9,1.0,1,53.0,0,1.0,1.0,0.0,0.0,0,,,,
A,T4,2047,4,True,1,10,1.0,1,50.0,0,1.0,1.0,0.0,0.0,0,,,,
A,T4,2048,4,True,1,4,1.0,1,35.0,0,1.0,1.0,0.0,0.0,0,,,,
A,T4,2049,4,True,1,6,1.0,1,56.0,0,1.0,1.0,0.0,0.0,0,,,,
A,T4,2050,4,True,1,20,1.0,1,62.0,0,1.0,1.0,0.0,0.0,0,,,,
A,T4,2051,4,True,1,5,1.0,1,38.0,0,1.0,1.0,0.0,0.0,0,,,,
A,T4,2052,4,True,0,0,0.0,0,,0,1.0,1.0,0.0,,0,,,,
A,T4,2053,4,True,1,16,1.0,1,59.0,0,1.0,1.0,0.0,0.0,0,,,,
A,T4,2054,4,True,1,13,1.0,1,59.0,0,1.0,1.0,0.0,0.0,0,,,,
A,T4,2055,4,True,1,3,1.0,1,56.0,0,1.0,1.0,0.0,0.0,0,,,,
A,T4,2056,4,True,1,8,1.0,1,35.0,0,1.0,1.0,0.0,0.0,0,,,,
A,T4,2057,4,True,1,11,1.0,1,65.0,0,1.0,1.0,0.0,0.0,0,,,,
A,T4,2058,4,True,1,17,1.0,1,65.0,0,1.0,1.0,0.0,0.0,0,,,,
A,T4,2059,4,True,1,14,1.0,1,44.0,0,1.0,1.0,0.0,0.0,0,,,,
A,T5,2000,4,True,1,20,1.0,1,38.0,0,0.9473684210526315,0.9375,0.0,0.0,0,,,,
A,T5,2001,4,True,0,0,0.0,0,,0,0.8421052631578947,0.8235294117647058,0.0,0.0,0,,,,
A,T5,2002,4,True,0,0,0.0,0,,0,0.9473684210526315,0.9444444444444444,0.0,0.0,0,,,,
A,T5,2003,4,True,1,9,1.0,1,44.0,0,0.7894736842105263,0.7647058823529411,0.0,0.0,0,,,,
A,T5,2004,4,True,0,0,0.0,0,,0,1.0,1.0,0.0,0.0,0,,,,
A,T5,2005,4,True,1,2,1.0,1,29.0,0,0.8947368421052632,0.8666666666666667,0.0,0.0,0,,,,
A,T5,2006,4,True,1,29,1.0,1,38.0,0,1.0,1.0,0.0,0.0,0,,,,
A,T5,2007,4,True,1,4,1.0,1,32.0,0,0.8421052631578947,0.8125,0.0,0.0,0,,,,
A,T5,2008,4,True,0,0,0.0,0,,0,0.9473684210526315,0.9375,0.0,0.0,0,,,,
A,T5,2009,4,True,0,0,0.75,1,17.0,0,0.8421052631578947,0.8125,0.0,0.0,0,,,,
A,T5,2010,4,True,0,0,0.0,0,,0,0.7368421052631579,0.6875,0.0,0.0,0,,,,
A,T5,2011,4,True,0,0,0.0,0,,0,0.6842105263157895,0.625,0.0,0.0,0,,,,
A,T5,2012,4,True,0,0,0.0,0,,0,0.8947368421052632,0.875,0.0,0.0,0,,,,
A,T5,2013,4,True,1,33,1.0,1,47.0,0,0.9473684210526315,0.9444444444444444,0.0,0.0,0,,,,
A,T5,2014,4,True,0,0,1.0,1,17.0,0,0.7894736842105263,0.75,0.0,0.0,0,,,,
A,T5,2015,4,True,0,0,0.0,0,,0,0.9473684210526315,0.9375,0.0,0.0,0,,,,
A,T5,2016,4,True,0,0,1.0,1,23.0,0,0.7368421052631579,0.7222222222222222,0.0,0.0,0,,,,
A,T5,2017,4,True,0,0,0.0,0,,0,0.9473684210526315,0.9333333333333333,0.0,0.0,0,,,,
A,T5,2018,4,True,0,0,0.0,0,,0,0.9473684210526315,0.9411764705882353,0.0,0.0,0,,,,
A,T5,2019,4,True,1,5,1.0,1,29.0,0,0.9473684210526315,0.9411764705882353,0.0,0.0,0,,,,
A,T5,2020,4,True,0,0,1.0,1,20.0,0,0.7894736842105263,0.7647058823529411,0.0,0.0,0,,,,
A,T5,2021,4,True,0,0,0.0,0,,0,0.8947368421052632,0.8666666666666667,0.0,0.0,0,,,,
A,T5,2022,4,True,0,0,0.0,0,,0,0.8421052631578947,0.8,0.0,0.0,0,,,,
A,T5,2023,4,True,1,1,1.0,1,35.0,0,0.6842105263157895,0.6470588235294118,0.0,0.0,0,,,,
A,T5,2024,4,True,1,13,1.0,1,38.0,0,1.0,1.0,0.0,0.0,0,,,,
A,T5,2025,4,True,0,0,1.0,1,17.0,0,0.8421052631578947,0.8125,0.0,0.0,0,,,,
A,T5,2026,4,True,1,24,1.0,1,44.0,0,0.9473684210526315,0.9411764705882353,0.0,0.0,0,,,,
A,T5,2027,4,True,0,0,0.0,0,,0,0.7894736842105263,0.75,0.0,0.0,0,,,,
A,T5,2028,4,True,0,0,0.0,0,,0,0.7368421052631579,0.6666666666666666,0.0,0.0,0,,,,
A,T5,2029,4,True,1,7,1.0,1,32.0,0,0.8947368421052632,0.875,0.0,0.0,0,,,,
A,T5,2030,4,True,0,0,0.0,0,,0,1.0,1.0,0.0,0.0,0,,,,
A,T5,2031,4,True,1,5,1.0,1,38.0,0,0.7894736842105263,0.7333333333333333,0.0,0.0,0,,,,
A,T5,2032,4,True,1,12,1.0,1,41.0,0,0.8421052631578947,0.8,0.0,0.0,0,,,,
A,T5,2033,4,True,0,0,0.0,0,,0,0.7894736842105263,0.7647058823529411,0.0,0.0,0,,,,
A,T5,2034,4,True,0,0,0.0,0,,0,0.7894736842105263,0.7333333333333333,0.0,0.0,0,,,,
A,T5,2035,4,True,0,0,0.0,0,,0,0.7894736842105263,0.7647058823529411,0.0,0.0,0,,,,
A,T5,2036,4,True,0,0,0.0,0,,0,0.7894736842105263,0.7647058823529411,0.0,0.0,0,,,,
A,T5,2037,4,True,1,12,1.0,1,44.0,0,0.7894736842105263,0.7647058823529411,0.0,0.0,0,,,,
A,T5,2038,4,True,1,12,1.0,1,44.0,0,0.9473684210526315,0.9411764705882353,0.0,0.0,0,,,,
A,T5,2039,4,True,0,0,0.0,0,,0,0.8421052631578947,0.8235294117647058,0.0,0.0,0,,,,
A,T5,2040,4,True,1,17,1.0,1,44.0,0,0.9473684210526315,0.9411764705882353,0.0,0.0,0,,,,
A,T5,2041,4,True,0,0,0.0,0,,0,0.9473684210526315,0.9411764705882353,0.0,0.0,0,,,,
A,T5,2042,4,True,0,0,0.0,0,,0,0.8421052631578947,0.8,0.0,0.0,0,,,,
A,T5,2043,4,True,0,0,0.0,0,,0,0.8421052631578947,0.8235294117647058,0.0,0.0,0,,,,
A,T5,2044,4,True,0,0,0.0,0,,0,0.8947368421052632,0.8823529411764706,0.0,0.0,0,,,,
A,T5,2045,4,True,1,3,1.0,1,26.0,0,0.8421052631578947,0.8125,0.0,0.0,0,,,,
A,T5,2046,4,True,0,0,0.0,0,,0,0.9473684210526315,0.9375,0.0,0.0,0,,,,
A,T5,2047,4,True,0,0,1.0,1,20.0,0,0.6842105263157895,0.6470588235294118,0.0,0.0,0,,,,
A,T5,2048,4,True,1,11,1.0,1,35.0,0,0.9473684210526315,0.9375,0.0,0.0,0,,,,
A,T5,2049,4,True,1,4,1.0,1,35.0,0,0.8421052631578947,0.8125,0.0,0.0,0,,,,
A,T5,2050,4,True,0,0,1.0,1,17.0,0,0.7894736842105263,0.75,0.0,0.0,0,,,,
A,T5,2051,4,True,1,30,1.0,1,38.0,0,1.0,1.0,0.0,0.0,0,,,,
A,T5,2052,4,True,0,0,0.0,0,,0,0.8421052631578947,0.8,0.0,0.0,0,,,,
A,T5,2053,4,True,0,0,0.0,0,,0,0.8947368421052632,0.875,0.0,0.0,0,,,,
A,T5,2054,4,True,0,0,0.0,0,,0,0.8421052631578947,0.8235294117647058,0.0,0.0,0,,,,
A,T5,2055,4,True,0,0,0.0,0,,0,0.8421052631578947,0.8,0.0,0.0,0,,,,
A,T5,2056,4,True,0,0,0.0,0,,0,0.8947368421052632,0.875,0.0,0.0,0,,,,
A,T5,2057,4,True,0,0,0.0,0,,0,0.7368421052631579,0.7222222222222222,0.0,0.0,0,,,,
A,T5,2058,4,True,0,0,0.0,0,,0,0.7368421052631579,0.7058823529411765,0.0,0.0,0,,,,
A,T5,2059,4,True,0,0,0.0,0,,0,0.9473684210526315,0.9333333333333333,0.0,0.0,0,,,,
D,none,2000,4,True,0,0,0.0,0,,0,0.7894736842105263,0.8125,0.028368794326241134,,0,,,,
D,none,2001,4,True,0,0,0.0,0,,0,0.8421052631578947,0.8235294117647058,0.02912621359223301,,0,,,,
D,none,2002,4,True,0,0,0.0,0,,0,0.8947368421052632,0.8888888888888888,0.018018018018018018,,0,,,,
D,none,2003,4,True,0,0,0.0,0,,0,0.9473684210526315,0.9411764705882353,0.009259259259259259,,0,,,,
D,none,2004,4,True,0,0,0.0,0,,0,0.8421052631578947,0.8666666666666667,0.029411764705882353,,0,,,,
D,none,2005,4,True,0,0,0.0,0,,0,0.9473684210526315,0.9333333333333333,0.007246376811594203,,0,,,,
D,none,2006,4,True,0,0,0.0,0,,0,0.8421052631578947,0.875,0.027522935779816515,,0,,,,
D,none,2007,4,True,0,0,0.0,0,,0,0.8421052631578947,0.8125,0.026785714285714284,,0,,,,
D,none,2008,4,True,0,0,0.0,0,,0,0.6842105263157895,0.75,0.057692307692307696,,0,,,,
D,none,2009,4,True,0,0,0.0,0,,0,0.9473684210526315,0.9375,0.008064516129032258,,0,,,,
D,none,2010,4,True,0,0,0.0,0,,0,0.7894736842105263,0.8125,0.03773584905660377,,0,,,,
D,none,2011,4,True,0,0,0.0,0,,0,0.7894736842105263,0.875,0.03333333333333333,,0,,,,
D,none,2012,4,True,0,0,0.0,0,,0,0.7368421052631579,0.75,0.044642857142857144,,0,,,,
D,none,2013,4,True,0,0,0.0,0,,0,0.8421052631578947,0.8333333333333334,0.02654867256637168,,0,,,,
D,none,2014,4,True,0,0,0.0,0,,0,0.8421052631578947,0.875,0.02702702702702703,,0,,,,
D,none,2015,4,True,0,0,0.0,0,,0,0.8947368421052632,0.875,0.015748031496062992,,0,,,,
D,none,2016,4,True,0,0,0.0,0,,0,0.7894736842105263,0.7777777777777778,0.03571428571428571,,0,,,,
D,none,2017,4,True,0,0,0.0,0,,0,0.9473684210526315,0.9333333333333333,0.008547008547008548,,0,,,,
D,none,2018,4,True,0,0,0.0,0,,0,1.0,1.0,0.0,,0,,,,
D,none,2019,4,True,0,0,0.0,0,,0,0.8947368421052632,0.8823529411764706,0.016260162601626018,,0,,,,
D,none,2020,4,True,0,0,0.0,0,,0,0.8947368421052632,0.8823529411764706,0.015503875968992248,,0,,,,
D,none,2021,4,True,0,0,0.0,0,,0,0.9473684210526315,0.9333333333333333,0.008620689655172414,,0,,,,
D,none,2022,4,True,0,0,0.0,0,,0,1.0,1.0,0.0,,0,,,,
D,none,2023,4,True,0,0,0.0,0,,0,0.8947368421052632,0.8823529411764706,0.015267175572519083,,0,,,,
D,none,2024,4,True,0,0,0.0,0,,0,1.0,1.0,0.0,,0,,,,
D,none,2025,4,True,0,0,0.0,0,,0,0.8947368421052632,0.875,0.018867924528301886,,0,,,,
D,none,2026,4,True,0,0,0.0,0,,0,0.9473684210526315,0.9411764705882353,0.007518796992481203,,0,,,,
D,none,2027,4,True,0,0,0.0,0,,0,1.0,1.0,0.0,,0,,,,
D,none,2028,4,True,0,0,0.0,0,,0,0.9473684210526315,0.9333333333333333,0.008403361344537815,,0,,,,
D,none,2029,4,True,0,0,0.0,0,,0,1.0,1.0,0.0,,0,,,,
D,none,2030,4,True,0,0,0.0,0,,0,0.8947368421052632,0.8888888888888888,0.0196078431372549,,0,,,,
D,none,2031,4,True,0,0,0.0,0,,0,0.8421052631578947,0.9333333333333333,0.024,,0,,,,
D,none,2032,4,True,0,0,0.0,0,,0,0.8421052631578947,0.8,0.028037383177570093,,0,,,,
D,none,2033,4,True,0,0,0.0,0,,0,0.7368421052631579,0.7058823529411765,0.047619047619047616,,0,,,,
D,none,2034,4,True,0,0,0.0,0,,0,0.9473684210526315,0.9333333333333333,0.008620689655172414,,0,,,,
D,none,2035,4,True,0,0,0.0,0,,0,0.8421052631578947,0.8235294117647058,0.02702702702702703,,0,,,,
D,none,2036,4,True,0,0,0.0,0,,0,0.8947368421052632,0.8823529411764706,0.017699115044247787,,0,,,,
D,none,2037,4,True,0,0,0.0,0,,0,0.8947368421052632,0.8823529411764706,0.017391304347826087,,0,,,,
D,none,2038,4,True,0,0,0.0,0,,0,0.8947368421052632,0.8823529411764706,0.015625,,0,,,,
D,none,2039,4,True,0,0,0.0,0,,0,0.9473684210526315,0.9411764705882353,0.00847457627118644,,0,,,,
D,none,2040,4,True,0,0,0.0,0,,0,0.8421052631578947,0.8823529411764706,0.0297029702970297,,0,,,,
D,none,2041,4,True,0,0,0.0,0,,0,0.8421052631578947,0.8235294117647058,0.027777777777777776,,0,,,,
D,none,2042,4,True,0,0,0.0,0,,0,0.7894736842105263,0.8666666666666667,0.030303030303030304,,0,,,,
D,none,2043,4,True,0,0,0.0,0,,0,0.9473684210526315,1.0,0.009174311926605505,,0,,,,
D,none,2044,4,True,0,0,0.0,0,,0,0.7894736842105263,0.7647058823529411,0.03571428571428571,,0,,,,
D,none,2045,4,True,0,0,0.0,0,,0,0.8947368421052632,0.875,0.01694915254237288,,0,,,,
D,none,2046,4,True,0,0,0.0,0,,0,0.8947368421052632,0.875,0.01680672268907563,,0,,,,
D,none,2047,4,True,0,0,0.0,0,,0,1.0,1.0,0.0,,0,,,,
D,none,2048,4,True,0,0,0.0,0,,0,0.8947368421052632,0.875,0.015267175572519083,,0,,,,
D,none,2049,4,True,0,0,0.0,0,,0,0.8947368421052632,0.875,0.01680672268907563,,0,,,,
D,none,2050,4,True,0,0,0.0,0,,0,0.7894736842105263,0.8125,0.03636363636363636,,0,,,,
D,none,2051,4,True,0,0,0.0,0,,0,0.9473684210526315,0.9333333333333333,0.008849557522123894,,0,,,,
D,none,2052,4,True,0,0,0.0,0,,0,0.9473684210526315,0.9333333333333333,0.007936507936507936,,0,,,,
D,none,2053,4,True,0,0,0.0,0,,0,0.8947368421052632,0.9375,0.018867924528301886,,0,,,,
D,none,2054,4,True,0,0,0.0,0,,0,0.6842105263157895,0.6470588235294118,0.05660377358490566,,0,,,,
D,none,2055,4,True,0,0,0.0,0,,0,0.8947368421052632,0.8666666666666667,0.020833333333333332,,0,,,,
D,none,2056,4,True,0,0,0.0,0,,0,0.8947368421052632,0.9375,0.016129032258064516,,0,,,,
D,none,2057,4,True,0,0,0.0,0,,0,0.8947368421052632,0.8888888888888888,0.016666666666666666,,0,,,,
D,none,2058,4,True,0,0,0.0,0,,0,1.0,1.0,0.0,,0,,,,
D,none,2059,4,True,0,0,0.0,0,,0,0.8947368421052632,0.8666666666666667,0.01904761904761905,,0,,,,
D,T1,2000,4,True,0,0,1.0,1,38.0,0,0.7894736842105263,0.8125,0.028368794326241134,0.3956043956043956,0,,,,
D,T1,2001,4,True,0,0,1.0,1,59.0,0,0.7894736842105263,0.7647058823529411,0.02857142857142857,0.3375,0,,,,
D,T1,2002,4,True,0,0,1.0,1,35.0,0,0.8947368421052632,0.8888888888888888,0.017391304347826087,0.3522727272727273,0,,,,
D,T1,2003,4,True,0,0,1.0,1,65.0,0,0.5789473684210527,0.5294117647058824,0.04938271604938271,0.3277777777777778,0,,,,
D,T1,2004,4,True,0,0,1.0,1,38.0,0,0.7894736842105263,0.8,0.038461538461538464,0.3125,0,,,,
D,T1,2005,4,True,0,0,1.0,1,47.0,0,0.8947368421052632,0.8666666666666667,0.007518796992481203,0.3233082706766917,0,,,,
D,T1,2006,4,True,0,0,1.0,1,41.0,0,0.8421052631578947,0.875,0.027522935779816515,0.28695652173913044,0,,,,
D,T1,2007,4,True,0,0,1.0,1,59.0,0,0.6842105263157895,0.625,0.022988505747126436,0.3081081081081081,0,,,,
D,T1,2008,4,True,0,0,1.0,1,50.0,0,0.631578947368421,0.6875,0.057692307692307696,0.31654676258992803,0,,,,
D,T1,2009,4,True,0,0,1.0,1,56.0,0,0.7894736842105263,0.75,0.01904761904761905,0.3546099290780142,0,,,,
D,T1,2010,4,True,0,0,1.0,1,56.0,0,0.7368421052631579,0.75,0.030612244897959183,0.3161764705882353,0,,,,
D,T1,2011,4,True,0,0,1.0,1,59.0,0,0.631578947368421,0.6875,0.053763440860215055,0.30601092896174864,0,,,,
D,T1,2012,4,True,0,0,1.0,1,59.0,0,0.631578947368421,0.625,0.04854368932038835,0.3225806451612903,0,,,,
D,T1,2013,4,True,0,0,1.0,1,53.0,0,0.8421052631578947,0.8333333333333334,0.02857142857142857,0.392,0,,,,
D,T1,2014,4,True,0,0,1.0,1,56.0,0,0.6842105263157895,0.6875,0.05154639175257732,0.3708609271523179,0,,,,
D,T1,2015,4,True,0,0,1.0,1,56.0,0,0.7368421052631579,0.6875,0.017241379310344827,0.33121019108280253,0,,,,
D,T1,2016,4,True,0,0,1.0,1,68.0,0,0.5789473684210527,0.5555555555555556,0.054945054945054944,0.3036649214659686,0,,,,
D,T1,2017,4,True,0,0,1.0,1,44.0,0,0.9473684210526315,0.9333333333333333,0.009174311926605505,0.37606837606837606,0,,,,
D,T1,2018,4,True,0,0,1.0,1,53.0,0,0.8421052631578947,0.8235294117647058,0.02912621359223301,0.3225806451612903,0,,,,
D,T1,2019,4,True,0,0,1.0,1,38.0,0,0.8421052631578947,0.8235294117647058,0.017094017094017096,0.3173076923076923,0,,,,
D,T1,2020,4,True,0,0,1.0,1,65.0,0,0.631578947368421,0.5882352941176471,0.038834951456310676,0.3370165745856354,0,,,,
D,T1,2021,4,True,0,0,1.0,1,59.0,0,0.7368421052631579,0.6666666666666666,0.03125,0.3,0,,,,
D,T1,2022,4,True,0,0,1.0,1,50.0,0,0.8947368421052632,0.8666666666666667,0.009708737864077669,0.3282442748091603,0,,,,
D,T1,2023,4,True,0,0,1.0,1,65.0,0,0.6842105263157895,0.6470588235294118,0.017543859649122806,0.3241758241758242,0,,,,
D,T1,2024,4,True,0,0,1.0,1,38.0,0,1.0,1.0,0.0,0.28440366972477066,0,,,,
D,T1,2025,4,True,0,0,1.0,1,59.0,0,0.7894736842105263,0.75,0.04081632653061224,0.348993288590604,0,,,,
D,T1,2026,4,True,0,0,1.0,1,50.0,0,0.7894736842105263,0.7647058823529411,0.01639344262295082,0.3157894736842105,0,,,,
D,T1,2027,4,True,0,0,0.0,0,,0,1.0,1.0,0.0,,0,,,,
D,T1,2028,4,True,0,0,1.0,1,59.0,0,0.7368421052631579,0.6666666666666666,0.018867924528301886,0.32941176470588235,0,,,,
D,T1,2029,4,True,0,0,1.0,1,53.0,0,0.9473684210526315,0.9375,0.0,0.3333333333333333,0,,,,
D,T1,2030,4,True,0,0,1.0,1,32.0,0,0.8421052631578947,0.8333333333333334,0.03,0.34782608695652173,0,,,,
D,T1,2031,4,True,0,0,1.0,1,38.0,0,0.7894736842105263,0.8666666666666667,0.03333333333333333,0.3626373626373626,0,,,,
D,T1,2032,4,True,0,0,1.0,1,53.0,0,0.7894736842105263,0.7333333333333333,0.03669724770642202,0.3282442748091603,0,,,,
D,T1,2033,4,True,0,0,0.0,0,,0,0.7368421052631579,0.7058823529411765,0.047619047619047616,,0,,,,
D,T1,2034,4,True,0,0,1.0,1,56.0,0,0.7368421052631579,0.6666666666666666,0.0196078431372549,0.3125,0,,,,
D,T1,2035,4,True,0,0,1.0,1,56.0,0,0.7894736842105263,0.7647058823529411,0.02857142857142857,0.3357664233576642,0,,,,
D,T1,2036,4,True,0,0,1.0,1,47.0,0,0.7894736842105263,0.7647058823529411,0.021052631578947368,0.32608695652173914,0,,,,
D,T1,2037,4,True,0,0,1.0,1,47.0,0,0.8947368421052632,0.8823529411764706,0.016666666666666666,0.35714285714285715,0,,,,
D,T1,2038,4,True,0,0,1.0,1,65.0,0,0.8421052631578947,0.8235294117647058,0.016666666666666666,0.34911242603550297,0,,,,
D,T1,2039,4,True,0,0,1.0,1,59.0,0,0.9473684210526315,0.9411764705882353,0.008771929824561403,0.3541666666666667,0,,,,
D,T1,2040,4,True,0,0,1.0,1,59.0,0,0.6842105263157895,0.7058823529411765,0.050505050505050504,0.352112676056338,0,,,,
D,T1,2041,4,True,0,0,1.0,1,62.0,0,0.631578947368421,0.5882352941176471,0.0392156862745098,0.36024844720496896,0,,,,
D,T1,2042,4,True,0,0,0.0,0,,0,0.7894736842105263,0.8666666666666667,0.030303030303030304,,0,,,,
D,T1,2043,4,True,0,0,1.0,1,50.0,0,0.8421052631578947,0.8823529411764706,0.020618556701030927,0.3028169014084507,0,,,,
D,T1,2044,4,True,0,0,1.0,1,38.0,0,0.7368421052631579,0.7058823529411765,0.04672897196261682,0.3300970873786408,0,,,,
D,T1,2045,4,True,0,0,1.0,1,59.0,0,0.8421052631578947,0.8125,0.02586206896551724,0.3684210526315789,0,,,,
D,T1,2046,4,True,0,0,1.0,1,53.0,0,0.7894736842105263,0.75,0.028846153846153848,0.3197278911564626,0,,,,
D,T1,2047,4,True,0,0,1.0,1,50.0,0,0.8947368421052632,0.8823529411764706,0.0,0.29012345679012347,0,,,,
D,T1,2048,4,True,0,0,1.0,1,35.0,0,0.8421052631578947,0.8125,0.023255813953488372,0.3956043956043956,0,,,,
D,T1,2049,4,True,0,0,1.0,1,56.0,0,0.7894736842105263,0.75,0.02727272727272727,0.3288590604026846,0,,,,
D,T1,2050,4,True,0,0,1.0,1,41.0,0,0.7894736842105263,0.8125,0.03773584905660377,0.3490566037735849,0,,,,
D,T1,2051,4,True,0,0,1.0,1,38.0,0,0.7368421052631579,0.6666666666666666,0.047619047619047616,0.32038834951456313,0,,,,
D,T1,2052,4,True,0,0,1.0,1,53.0,0,0.8947368421052632,0.8666666666666667,0.008928571428571428,0.37777777777777777,0,,,,
D,T1,2053,4,True,0,0,1.0,1,59.0,0,0.7368421052631579,0.75,0.043478260869565216,0.3584905660377358,0,,,,
D,T1,2054,4,True,0,0,1.0,1,59.0,0,0.631578947368421,0.5882352941176471,0.04807692307692308,0.3393939393939394,0,,,,
D,T1,2055,4,True,0,0,1.0,1,59.0,0,0.6842105263157895,0.6,0.030927835051546393,0.34838709677419355,0,,,,
D,T1,2056,4,True,0,0,1.0,1,35.0,0,0.8421052631578947,0.875,0.025423728813559324,0.29292929292929293,0,,,,
D,T1,2057,4,True,0,0,1.0,1,65.0,0,0.8421052631578947,0.8333333333333334,0.026785714285714284,0.3619631901840491,0,,,,
D,T1,2058,4,True,0,0,1.0,1,65.0,0,0.7368421052631579,0.7058823529411765,0.02197802197802198,0.2983425414364641,0,,,,
D,T1,2059,4,True,0,0,1.0,1,44.0,0,0.8421052631578947,0.8,0.02127659574468085,0.3178294573643411,0,,,,
D,T2,2000,4,True,0,0,0.0,0,,0,0.7894736842105263,0.8125,0.028368794326241134,,0,,,,
D,T2,2001,4,True,0,0,0.0,0,,0,0.8421052631578947,0.8235294117647058,0.02912621359223301,,0,,,,
D,T2,2002,4,True,0,0,0.0,0,,0,0.8947368421052632,0.8888888888888888,0.018018018018018018,,0,,,,
D,T2,2003,4,True,0,0,0.0,0,,0,0.8421052631578947,0.8235294117647058,0.009433962264150943,1.0,0,,,,
D,T2,2004,4,True,0,0,0.0,0,,0,0.7894736842105263,0.8,0.0297029702970297,1.0,0,,,,
D,T2,2005,4,True,0,0,0.0,0,,0,0.8947368421052632,0.8666666666666667,0.0072992700729927005,1.0,0,,,,
D,T2,2006,4,True,0,0,0.0,0,,0,0.7368421052631579,0.75,0.028037383177570093,1.0,0,,,,
D,T2,2007,4,True,0,0,0.0,0,,0,0.7894736842105263,0.75,0.02702702702702703,1.0,0,,,,
D,T2,2008,4,True,0,0,0.0,0,,0,0.631578947368421,0.6875,0.05825242718446602,1.0,0,,,,
D,T2,2009,4,True,0,0,0.0,0,,0,0.8421052631578947,0.8125,0.00819672131147541,1.0,0,,,,
D,T2,2010,4,True,0,0,0.0,0,,0,0.6842105263157895,0.6875,0.038461538461538464,1.0,0,,,,
D,T2,2011,4,True,0,0,0.0,0,,0,0.7894736842105263,0.875,0.03333333333333333,,0,,,,
D,T2,2012,4,True,0,0,0.0,0,,0,0.6842105263157895,0.6875,0.04504504504504504,1.0,0,,,,
D,T2,2013,4,True,0,0,0.0,0,,0,0.6842105263157895,0.6666666666666666,0.02727272727272727,1.0,0,,,,
D,T2,2014,4,True,0,0,0.0,0,,0,0.7894736842105263,0.8125,0.02727272727272727,1.0,0,,,,
D,T2,2015,4,True,0,0,0.0,0,,0,0.8421052631578947,0.8125,0.015873015873015872,1.0,0,,,,
D,T2,2016,4,True,0,0,0.0,0,,0,0.7368421052631579,0.7222222222222222,0.036036036036036036,1.0,0,,,,
D,T2,2017,4,True,0,0,0.0,0,,0,0.9473684210526315,0.9333333333333333,0.008547008547008548,,0,,,,
D,T2,2018,4,True,0,0,0.0,0,,0,1.0,1.0,0.0,,0,,,,
D,T2,2019,4,True,0,0,0.0,0,,0,0.8947368421052632,0.8823529411764706,0.016260162601626018,,0,,,,
D,T2,2020,4,True,0,0,0.0,0,,0,0.8947368421052632,0.8823529411764706,0.015503875968992248,,0,,,,
D,T2,2021,4,True,0,0,0.0,0,,0,0.8947368421052632,0.8666666666666667,0.008695652173913044,1.0,0,,,,
D,T2,2022,4,True,0,0,0.0,0,,0,1.0,1.0,0.0,,0,,,,
D,T2,2023,4,True,0,0,0.0,0,,0,0.7894736842105263,0.7647058823529411,0.015503875968992248,1.0,0,,,,
D,T2,2024,4,True,0,0,0.0,0,,0,1.0,1.0,0.0,,0,,,,
D,T2,2025,4,True,0,0,0.0,0,,0,0.8421052631578947,0.8125,0.01904761904761905,1.0,0,,,,
D,T2,2026,4,True,0,0,0.0,0,,0,0.8947368421052632,0.8823529411764706,0.007575757575757576,1.0,0,,,,
D,T2,2027,4,True,0,0,0.0,0,,0,1.0,1.0,0.0,,0,,,,
D,T2,2028,4,True,0,0,0.0,0,,0,0.7894736842105263,0.7333333333333333,0.008620689655172414,1.0,0,,,,
D,T2,2029,4,True,0,0,0.0,0,,0,0.8947368421052632,0.875,0.0,1.0,0,,,,
D,T2,2030,4,True,0,0,0.0,0,,0,0.8947368421052632,0.8888888888888888,0.0196078431372549,,0,,,,
D,T2,2031,4,True,0,0,0.0,0,,0,0.8421052631578947,0.9333333333333333,0.024,,0,,,,
D,T2,2032,4,True,0,0,0.0,0,,0,0.7894736842105263,0.7333333333333333,0.02830188679245283,1.0,0,,,,
D,T2,2033,4,True,0,0,0.0,0,,0,0.7368421052631579,0.7058823529411765,0.047619047619047616,,0,,,,
D,T2,2034,4,True,0,0,0.0,0,,0,0.9473684210526315,0.9333333333333333,0.008620689655172414,,0,,,,
D,T2,2035,4,True,0,0,0.0,0,,0,0.8421052631578947,0.8235294117647058,0.02702702702702703,,0,,,,
D,T2,2036,4,True,0,0,0.0,0,,0,0.8421052631578947,0.8235294117647058,0.017857142857142856,1.0,0,,,,
D,T2,2037,4,True,0,0,0.0,0,,0,0.8421052631578947,0.8235294117647058,0.017543859649122806,1.0,0,,,,
D,T2,2038,4,True,0,0,0.0,0,,0,0.8947368421052632,0.8823529411764706,0.015625,,0,,,,
D,T2,2039,4,True,0,0,0.0,0,,0,0.8947368421052632,0.8823529411764706,0.008547008547008548,1.0,0,,,,
D,T2,2040,4,True,0,0,0.0,0,,0,0.7894736842105263,0.8235294117647058,0.03,1.0,0,,,,
D,T2,2041,4,True,0,0,0.0,0,,0,0.7894736842105263,0.7647058823529411,0.028037383177570093,1.0,0,,,,
D,T2,2042,4,True,0,0,0.0,0,,0,0.7894736842105263,0.8666666666666667,0.030303030303030304,,0,,,,
D,T2,2043,4,True,0,0,0.0,0,,0,0.7894736842105263,0.8235294117647058,0.009433962264150943,1.0,0,,,,
D,T2,2044,4,True,0,0,0.0,0,,0,0.7894736842105263,0.7647058823529411,0.03571428571428571,,0,,,,
D,T2,2045,4,True,0,0,0.0,0,,0,0.8947368421052632,0.875,0.01694915254237288,,0,,,,
D,T2,2046,4,True,0,0,0.0,0,,0,0.7894736842105263,0.75,0.017094017094017096,1.0,0,,,,
D,T2,2047,4,True,0,0,0.0,0,,0,1.0,1.0,0.0,,0,,,,
D,T2,2048,4,True,0,0,0.0,0,,0,0.8421052631578947,0.8125,0.015384615384615385,1.0,0,,,,
D,T2,2049,4,True,0,0,0.0,0,,0,0.8947368421052632,0.875,0.01680672268907563,,0,,,,
D,T2,2050,4,True,0,0,0.0,0,,0,0.7368421052631579,0.75,0.03669724770642202,1.0,0,,,,
D,T2,2051,4,True,0,0,0.0,0,,0,0.9473684210526315,0.9333333333333333,0.008849557522123894,,0,,,,
D,T2,2052,4,True,0,0,0.0,0,,0,0.8947368421052632,0.8666666666666667,0.008,1.0,0,,,,
D,T2,2053,4,True,0,0,0.0,0,,0,0.8421052631578947,0.875,0.01904761904761905,1.0,0,,,,
D,T2,2054,4,True,0,0,0.0,0,,0,0.6842105263157895,0.6470588235294118,0.05660377358490566,,0,,,,
D,T2,2055,4,True,0,0,0.0,0,,0,0.8421052631578947,0.8,0.021052631578947368,1.0,0,,,,
D,T2,2056,4,True,0,0,0.0,0,,0,0.8947368421052632,0.9375,0.016129032258064516,,0,,,,
D,T2,2057,4,True,0,0,0.0,0,,0,0.8947368421052632,0.8888888888888888,0.016666666666666666,,0,,,,
D,T2,2058,4,True,0,0,0.0,0,,0,1.0,1.0,0.0,,0,,,,
D,T2,2059,4,True,0,0,0.0,0,,0,0.8947368421052632,0.8666666666666667,0.01904761904761905,,0,,,,
D,T3,2000,4,True,1,25,1.0,1,38.0,0,0.7894736842105263,0.8125,0.029197080291970802,0.0,0,,,,
D,T3,2001,4,True,1,34,1.0,1,59.0,0,0.6842105263157895,0.6470588235294118,0.037383177570093455,0.0,0,,,,
D,T3,2002,4,True,1,25,1.0,1,35.0,0,0.8947368421052632,0.8888888888888888,0.018018018018018018,0.0,0,,,,
D,T3,2003,4,True,1,45,1.0,1,65.0,0,0.7368421052631579,0.7058823529411765,0.04395604395604396,0.0,0,,,,
D,T3,2004,4,True,0,0,0.0,0,,0,0.8421052631578947,0.8666666666666667,0.029411764705882353,,0,,,,
D,T3,2005,4,True,1,29,1.0,1,47.0,0,0.8947368421052632,0.8666666666666667,0.007462686567164179,0.0,0,,,,
D,T3,2006,4,True,1,31,1.0,1,38.0,0,0.8421052631578947,0.875,0.02857142857142857,0.0,0,,,,
D,T3,2007,4,True,1,36,1.0,1,59.0,0,0.7368421052631579,0.6875,0.029411764705882353,0.0,0,,,,
D,T3,2008,4,True,1,35,1.0,1,56.0,0,0.631578947368421,0.6875,0.057692307692307696,0.0,0,,,,
D,T3,2009,4,True,1,38,1.0,1,56.0,0,0.8947368421052632,0.875,0.017391304347826087,0.0,0,,,,
D,T3,2010,4,True,1,35,1.0,1,56.0,0,0.7894736842105263,0.8125,0.0392156862745098,0.0,0,,,,
D,T3,2011,4,True,1,37,1.0,1,59.0,0,0.5263157894736842,0.5625,0.05154639175257732,0.0,0,,,,
D,T3,2012,4,True,1,35,1.0,1,59.0,0,0.631578947368421,0.625,0.043478260869565216,0.0,0,,,,
D,T3,2013,4,True,1,33,1.0,1,47.0,0,0.7894736842105263,0.7777777777777778,0.02830188679245283,0.0,0,,,,
D,T3,2014,4,True,1,33,1.0,1,56.0,0,0.631578947368421,0.625,0.05263157894736842,0.0,0,,,,
D,T3,2015,4,True,1,33,1.0,1,56.0,0,0.8947368421052632,0.875,0.014814814814814815,0.0,0,,,,
D,T3,2016,4,True,1,44,1.0,1,68.0,0,0.631578947368421,0.6111111111111112,0.06363636363636363,0.0,0,,,,
D,T3,2017,4,True,1,14,1.0,1,20.0,0,0.9473684210526315,0.9333333333333333,0.008547008547008548,0.0,0,,,,
D,T3,2018,4,True,1,36,1.0,1,59.0,0,0.8421052631578947,0.8235294117647058,0.025,0.0,0,,,,
D,T3,2019,4,True,1,26,1.0,1,38.0,0,0.8421052631578947,0.8235294117647058,0.017241379310344827,0.0,0,,,,
D,T3,2020,4,True,1,36,1.0,1,65.0,0,0.631578947368421,0.5882352941176471,0.03571428571428571,0.0,0,,,,
D,T3,2021,4,True,1,37,1.0,1,59.0,0,0.7894736842105263,0.7333333333333333,0.026785714285714284,0.0,0,,,,
D,T3,2022,4,True,1,29,1.0,1,50.0,0,0.8421052631578947,0.8,0.008928571428571428,0.0,0,,,,
D,T3,2023,4,True,1,30,1.0,1,65.0,0,0.7894736842105263,0.7647058823529411,0.021897810218978103,0.0,0,,,,
D,T3,2024,4,True,1,23,1.0,1,38.0,0,1.0,1.0,0.0,0.0,0,,,,
D,T3,2025,4,True,1,41,1.0,1,59.0,0,0.7894736842105263,0.75,0.03773584905660377,0.0,0,,,,
D,T3,2026,4,True,1,24,1.0,1,50.0,0,0.8421052631578947,0.8235294117647058,0.014814814814814815,0.0,0,,,,
D,T3,2027,4,True,0,0,0.0,0,,0,1.0,1.0,0.0,,0,,,,
D,T3,2028,4,True,1,38,1.0,1,59.0,0,0.7894736842105263,0.7333333333333333,0.017857142857142856,0.0,0,,,,
D,T3,2029,4,True,1,28,1.0,1,53.0,0,0.8947368421052632,0.875,0.0,0.0,0,,,,
D,T3,2030,4,True,1,23,1.0,1,32.0,0,0.8421052631578947,0.8333333333333334,0.03,0.0,0,,,,
D,T3,2031,4,True,1,23,1.0,1,38.0,0,0.7894736842105263,0.8666666666666667,0.03278688524590164,0.0,0,,,,
D,T3,2032,4,True,1,33,1.0,1,53.0,0,0.7894736842105263,0.7333333333333333,0.03636363636363636,0.0,0,,,,
D,T3,2033,4,True,1,41,1.0,1,62.0,0,0.6842105263157895,0.6470588235294118,0.06,0.0,0,,,,
D,T3,2034,4,True,1,39,1.0,1,56.0,0,0.7368421052631579,0.6666666666666666,0.02,0.0,0,,,,
D,T3,2035,4,True,1,30,1.0,1,56.0,0,0.7368421052631579,0.7058823529411765,0.026785714285714284,0.0,0,,,,
D,T3,2036,4,True,1,31,1.0,1,47.0,0,0.7894736842105263,0.7647058823529411,0.020618556701030927,0.0,0,,,,
D,T3,2037,4,True,1,29,1.0,1,44.0,0,0.8421052631578947,0.8235294117647058,0.017543859649122806,0.0,0,,,,
D,T3,2038,4,True,1,33,1.0,1,65.0,0,0.7894736842105263,0.7647058823529411,0.015503875968992248,0.0,0,,,,
D,T3,2039,4,True,1,36,1.0,1,59.0,0,0.8421052631578947,0.8235294117647058,0.009615384615384616,0.0,0,,,,
D,T3,2040,4,True,1,37,1.0,1,59.0,0,0.6842105263157895,0.7058823529411765,0.04807692307692308,0.0,0,,,,
D,T3,2041,4,True,1,38,1.0,1,62.0,0,0.7894736842105263,0.7647058823529411,0.03773584905660377,0.0,0,,,,
D,T3,2042,4,True,0,0,0.0,0,,0,0.7894736842105263,0.8666666666666667,0.030303030303030304,,0,,,,
D,T3,2043,4,True,1,27,1.0,1,50.0,0,0.8947368421052632,0.9411764705882353,0.018518518518518517,0.0,0,,,,
D,T3,2044,4,True,1,22,1.0,1,38.0,0,0.7368421052631579,0.7058823529411765,0.043859649122807015,0.0,0,,,,
D,T3,2045,4,True,1,42,1.0,1,59.0,0,0.8421052631578947,0.8125,0.027777777777777776,0.0,0,,,,
D,T3,2046,4,True,1,28,1.0,1,53.0,0,0.8421052631578947,0.8125,0.024793388429752067,0.0,0,,,,
D,T3,2047,4,True,1,28,1.0,1,50.0,0,0.8421052631578947,0.8235294117647058,0.0,0.0,0,,,,
D,T3,2048,4,True,1,25,1.0,1,35.0,0,0.8421052631578947,0.8125,0.023255813953488372,0.0,0,,,,
D,T3,2049,4,True,1,37,1.0,1,56.0,0,0.7894736842105263,0.75,0.036036036036036036,0.0,0,,,,
D,T3,2050,4,True,1,42,1.0,1,62.0,0,0.631578947368421,0.625,0.0425531914893617,0.0,0,,,,
D,T3,2051,4,True,1,30,1.0,1,38.0,0,0.7368421052631579,0.6666666666666666,0.04950495049504951,0.0,0,,,,
D,T3,2052,4,True,1,30,1.0,1,53.0,0,0.7368421052631579,0.6666666666666666,0.01834862385321101,0.0,0,,,,
D,T3,2053,4,True,1,38,1.0,1,59.0,0,0.6842105263157895,0.6875,0.04040404040404041,0.0,0,,,,
D,T3,2054,4,True,1,39,1.0,1,59.0,0,0.631578947368421,0.5882352941176471,0.0673076923076923,0.0,0,,,,
D,T3,2055,4,True,1,40,1.0,1,59.0,0,0.6842105263157895,0.6,0.0625,0.0,0,,,,
D,T3,2056,4,True,1,22,1.0,1,35.0,0,0.8421052631578947,0.875,0.025423728813559324,0.0,0,,,,
D,T3,2057,4,True,1,35,1.0,1,65.0,0,0.7368421052631579,0.7222222222222222,0.02702702702702703,0.0,0,,,,
D,T3,2058,4,True,1,37,1.0,1,65.0,0,0.7368421052631579,0.7058823529411765,0.02912621359223301,0.0,0,,,,
D,T3,2059,4,True,1,24,1.0,1,32.0,0,0.8421052631578947,0.8,0.02912621359223301,0.0,0,,,,
D,T4,2000,4,True,1,7,1.0,1,38.0,0,0.7894736842105263,0.8125,0.028368794326241134,0.0,0,,,,
D,T4,2001,4,True,1,19,1.0,1,59.0,0,0.7894736842105263,0.7647058823529411,0.043010752688172046,0.0,0,,,,
D,T4,2002,4,True,1,8,1.0,1,35.0,0,0.8947368421052632,0.8888888888888888,0.019417475728155338,0.0,0,,,,
D,T4,2003,4,True,1,15,1.0,1,65.0,0,0.7894736842105263,0.7647058823529411,0.044444444444444446,0.0,0,,,,
D,T4,2004,4,True,1,2,1.0,1,38.0,0,0.7894736842105263,0.8,0.04,0.0,0,,,,
D,T4,2005,4,True,1,8,1.0,1,47.0,0,0.9473684210526315,0.9333333333333333,0.007462686567164179,0.0,0,,,,
D,T4,2006,4,True,1,2,1.0,1,41.0,0,0.8421052631578947,0.875,0.027522935779816515,0.0,0,,,,
D,T4,2007,4,True,1,13,1.0,1,59.0,0,0.8421052631578947,0.8125,0.03125,0.0,0,,,,
D,T4,2008,4,True,1,14,1.0,1,56.0,0,0.6842105263157895,0.75,0.06521739130434782,0.0,0,,,,
D,T4,2009,4,True,1,8,1.0,1,56.0,0,0.8947368421052632,0.875,0.01639344262295082,0.0,0,,,,
D,T4,2010,4,True,1,7,1.0,1,56.0,0,0.7894736842105263,0.8125,0.03773584905660377,0.0,0,,,,
D,T4,2011,4,True,1,12,1.0,1,38.0,0,0.7894736842105263,0.875,0.03571428571428571,0.0,0,,,,
D,T4,2012,4,True,1,11,1.0,1,59.0,0,0.7368421052631579,0.75,0.052083333333333336,0.0,0,,,,
D,T4,2013,4,True,1,12,1.0,1,53.0,0,0.8421052631578947,0.8333333333333334,0.02857142857142857,0.0,0,,,,
D,T4,2014,4,True,1,11,1.0,1,56.0,0,0.7368421052631579,0.75,0.050505050505050504,0.0,0,,,,
D,T4,2015,4,True,1,19,1.0,1,53.0,0,0.8947368421052632,0.875,0.018018018018018018,0.0,0,,,,
D,T4,2016,4,True,1,11,1.0,1,47.0,0,0.6842105263157895,0.6666666666666666,0.06,0.0,0,,,,
D,T4,2017,4,True,1,8,1.0,1,44.0,0,0.9473684210526315,0.9333333333333333,0.009174311926605505,0.0,0,,,,
D,T4,2018,4,True,1,11,1.0,1,59.0,0,0.8421052631578947,0.8235294117647058,0.031578947368421054,0.0,0,,,,
D,T4,2019,4,True,1,10,1.0,1,38.0,0,0.8947368421052632,0.8823529411764706,0.016260162601626018,0.0,0,,,,
D,T4,2020,4,True,1,13,1.0,1,65.0,0,0.8947368421052632,0.8823529411764706,0.016,0.0,0,,,,
D,T4,2021,4,True,1,12,1.0,1,59.0,0,0.8421052631578947,0.8,0.028846153846153848,0.0,0,,,,
D,T4,2022,4,True,1,15,1.0,1,50.0,0,0.9473684210526315,0.9333333333333333,0.011363636363636364,0.0,0,,,,
D,T4,2023,4,True,1,10,1.0,1,59.0,0,0.8947368421052632,0.8823529411764706,0.015267175572519083,0.0,0,,,,
D,T4,2024,4,True,1,7,1.0,1,38.0,0,1.0,1.0,0.0,0.0,0,,,,
D,T4,2025,4,True,1,6,1.0,1,59.0,0,0.7894736842105263,0.75,0.0392156862745098,0.0,0,,,,
D,T4,2026,4,True,1,7,1.0,1,50.0,0,0.8947368421052632,0.8823529411764706,0.015267175572519083,0.0,0,,,,
D,T4,2027,4,True,0,0,0.0,0,,0,1.0,1.0,0.0,,0,,,,
D,T4,2028,4,True,1,7,0.75,1,59.0,0,0.9473684210526315,0.9333333333333333,0.009708737864077669,0.0,0,,,,
D,T4,2029,4,True,1,12,1.0,1,53.0,0,1.0,1.0,0.0,0.0,0,,,,
D,T4,2030,4,True,1,2,0.75,1,32.0,0,0.8947368421052632,0.8888888888888888,0.0196078431372549,0.0,0,,,,
D,T4,2031,4,True,1,7,1.0,1,38.0,0,0.7894736842105263,0.8666666666666667,0.03361344537815126,0.0,0,,,,
D,T4,2032,4,True,1,9,1.0,1,53.0,0,0.7894736842105263,0.7333333333333333,0.043010752688172046,0.0,0,,,,
D,T4,2033,4,True,0,0,0.0,0,,0,0.7368421052631579,0.7058823529411765,0.047619047619047616,,0,,,,
D,T4,2034,4,True,1,18,1.0,1,56.0,0,0.8421052631578947,0.8,0.03125,0.0,0,,,,
D,T4,2035,4,True,1,15,1.0,1,56.0,0,0.8421052631578947,0.8235294117647058,0.031578947368421054,0.0,0,,,,
D,T4,2036,4,True,1,17,1.0,1,47.0,0,0.8947368421052632,0.8823529411764706,0.021505376344086023,0.0,0,,,,
D,T4,2037,4,True,1,12,0.75,1,47.0,0,0.8947368421052632,0.8823529411764706,0.021052631578947368,0.0,0,,,,
D,T4,2038,4,True,1,12,1.0,1,65.0,0,0.8947368421052632,0.8823529411764706,0.016129032258064516,0.0,0,,,,
D,T4,2039,4,True,1,3,1.0,1,29.0,0,0.9473684210526315,0.9411764705882353,0.00847457627118644,0.0,0,,,,
D,T4,2040,4,True,1,14,1.0,1,59.0,0,0.7894736842105263,0.8235294117647058,0.04395604395604396,0.0,0,,,,
D,T4,2041,4,True,1,18,1.0,1,62.0,0,0.7894736842105263,0.7647058823529411,0.046511627906976744,0.0,0,,,,
D,T4,2042,4,True,1,10,1.0,1,47.0,0,0.7894736842105263,0.8666666666666667,0.03125,0.0,0,,,,
D,T4,2043,4,True,1,1,0.25,1,35.0,0,0.9473684210526315,1.0,0.009174311926605505,0.0,0,,,,
D,T4,2044,4,True,1,4,1.0,1,38.0,0,0.7368421052631579,0.7058823529411765,0.04716981132075472,0.0,0,,,,
D,T4,2045,4,True,1,5,1.0,1,59.0,0,0.8421052631578947,0.8125,0.026785714285714284,0.0,0,,,,
D,T4,2046,4,True,1,9,1.0,1,53.0,0,0.8421052631578947,0.8125,0.027522935779816515,0.0,0,,,,
D,T4,2047,4,True,1,10,1.0,1,50.0,0,1.0,1.0,0.0,0.0,0,,,,
D,T4,2048,4,True,1,4,1.0,1,35.0,0,0.8421052631578947,0.8125,0.024,0.0,0,,,,
D,T4,2049,4,True,1,4,1.0,1,56.0,0,0.7894736842105263,0.75,0.034782608695652174,0.0,0,,,,
D,T4,2050,4,True,1,20,1.0,1,62.0,0,0.7894736842105263,0.8125,0.0425531914893617,0.0,0,,,,
D,T4,2051,4,True,1,3,1.0,1,38.0,0,0.7368421052631579,0.6666666666666666,0.047619047619047616,0.0,0,,,,
D,T4,2052,4,True,0,0,0.0,0,,0,0.9473684210526315,0.9333333333333333,0.007936507936507936,,0,,,,
D,T4,2053,4,True,1,16,1.0,1,59.0,0,0.7894736842105263,0.8125,0.04081632653061224,0.0,0,,,,
D,T4,2054,4,True,1,13,1.0,1,59.0,0,0.631578947368421,0.5882352941176471,0.07291666666666667,0.0,0,,,,
D,T4,2055,4,True,1,3,1.0,1,56.0,0,0.6842105263157895,0.6,0.07142857142857142,0.0,0,,,,
D,T4,2056,4,True,1,8,1.0,1,35.0,0,0.8421052631578947,0.875,0.02631578947368421,0.0,0,,,,
D,T4,2057,4,True,1,11,1.0,1,65.0,0,0.8947368421052632,0.8888888888888888,0.02,0.0,0,,,,
D,T4,2058,4,True,1,17,1.0,1,65.0,0,0.8421052631578947,0.8235294117647058,0.030303030303030304,0.0,0,,,,
D,T4,2059,4,True,1,14,1.0,1,44.0,0,0.8421052631578947,0.8,0.03296703296703297,0.0,0,,,,
D,T5,2000,4,True,1,20,1.0,1,38.0,0,0.7368421052631579,0.75,0.02962962962962963,0.0,0,,,,
D,T5,2001,4,True,0,0,0.0,0,,0,0.631578947368421,0.5882352941176471,0.04,0.0,0,,,,
D,T5,2002,4,True,0,0,0.0,0,,0,0.8421052631578947,0.8333333333333334,0.02857142857142857,0.0,0,,,,
D,T5,2003,4,True,1,9,1.0,1,44.0,0,0.5789473684210527,0.5294117647058824,0.04938271604938271,0.0,0,,,,
D,T5,2004,4,True,0,0,0.0,0,,0,0.7894736842105263,0.8,0.038834951456310676,0.0,0,,,,
D,T5,2005,4,True,1,2,1.0,1,29.0,0,0.8421052631578947,0.8,0.007751937984496124,0.0,0,,,,
D,T5,2006,4,True,1,29,1.0,1,38.0,0,0.8421052631578947,0.875,0.02857142857142857,0.0,0,,,,
D,T5,2007,4,True,1,4,1.0,1,32.0,0,0.6842105263157895,0.625,0.03,0.0,0,,,,
D,T5,2008,4,True,0,0,0.0,0,,0,0.631578947368421,0.6875,0.06060606060606061,0.0,0,,,,
D,T5,2009,4,True,0,0,0.75,1,17.0,0,0.7368421052631579,0.6875,0.0196078431372549,0.0,0,,,,
D,T5,2010,4,True,0,0,0.0,0,,0,0.631578947368421,0.625,0.0392156862745098,0.0,0,,,,
D,T5,2011,4,True,0,0,0.0,0,,0,0.42105263157894735,0.4375,0.06666666666666667,0.0,0,,,,
D,T5,2012,4,True,0,0,0.0,0,,0,0.631578947368421,0.625,0.045871559633027525,0.0,0,,,,
D,T5,2013,4,True,1,33,1.0,1,47.0,0,0.7894736842105263,0.7777777777777778,0.02830188679245283,0.0,0,,,,
D,T5,2014,4,True,0,0,1.0,1,17.0,0,0.5789473684210527,0.5625,0.046511627906976744,0.0,0,,,,
D,T5,2015,4,True,0,0,0.0,0,,0,0.8421052631578947,0.8125,0.015384615384615385,0.0,0,,,,
D,T5,2016,4,True,0,0,1.0,1,23.0,0,0.5263157894736842,0.5,0.06818181818181818,0.0,0,,,,
D,T5,2017,4,True,0,0,0.0,0,,0,0.8947368421052632,0.8666666666666667,0.009433962264150943,0.0,0,,,,
D,T5,2018,4,True,0,0,0.0,0,,0,0.7894736842105263,0.7647058823529411,0.029411764705882353,0.0,0,,,,
D,T5,2019,4,True,1,5,1.0,1,29.0,0,0.8421052631578947,0.8235294117647058,0.01680672268907563,0.0,0,,,,
D,T5,2020,4,True,0,0,1.0,1,20.0,0,0.5789473684210527,0.5294117647058824,0.0380952380952381,0.0,0,,,,
D,T5,2021,4,True,0,0,0.0,0,,0,0.7368421052631579,0.6666666666666666,0.030927835051546393,0.0,0,,,,
D,T5,2022,4,True,0,0,0.0,0,,0,0.7894736842105263,0.7333333333333333,0.010526315789473684,0.0,0,,,,
D,T5,2023,4,True,1,1,1.0,1,35.0,0,0.5789473684210527,0.5294117647058824,0.020202020202020204,0.0,0,,,,
D,T5,2024,4,True,1,13,1.0,1,38.0,0,1.0,1.0,0.0,0.0,0,,,,
D,T5,2025,4,True,0,0,1.0,1,17.0,0,0.7894736842105263,0.75,0.0392156862745098,0.0,0,,,,
D,T5,2026,4,True,1,24,1.0,1,44.0,0,0.8421052631578947,0.8235294117647058,0.015748031496062992,0.0,0,,,,
D,T5,2027,4,True,0,0,0.0,0,,0,0.7368421052631579,0.6875,0.00847457627118644,0.0,0,,,,
D,T5,2028,4,True,0,0,0.0,0,,0,0.7368421052631579,0.6666666666666666,0.018018018018018018,0.0,0,,,,
D,T5,2029,4,True,1,7,1.0,1,32.0,0,0.8947368421052632,0.875,0.0,0.0,0,,,,
D,T5,2030,4,True,0,0,0.0,0,,0,0.8421052631578947,0.8333333333333334,0.028846153846153848,0.0,0,,,,
D,T5,2031,4,True,1,5,1.0,1,38.0,0,0.5789473684210527,0.6,0.041666666666666664,0.0,0,,,,
D,T5,2032,4,True,1,10,1.0,1,41.0,0,0.6842105263157895,0.6,0.030927835051546393,0.0,0,,,,
D,T5,2033,4,True,0,0,0.0,0,,0,0.5263157894736842,0.47058823529411764,0.07142857142857142,0.0,0,,,,
D,T5,2034,4,True,0,0,0.0,0,,0,0.6842105263157895,0.6,0.02,0.0,0,,,,
D,T5,2035,4,True,0,0,0.0,0,,0,0.631578947368421,0.5882352941176471,0.03333333333333333,0.0,0,,,,
D,T5,2036,4,True,0,0,0.0,0,,0,0.7368421052631579,0.7058823529411765,0.03225806451612903,0.0,0,,,,
D,T5,2037,4,True,1,12,1.0,1,44.0,0,0.6842105263157895,0.6470588235294118,0.020202020202020204,0.0,0,,,,
D,T5,2038,4,True,1,12,1.0,1,44.0,0,0.8421052631578947,0.8235294117647058,0.01639344262295082,0.0,0,,,,
D,T5,2039,4,True,0,0,0.0,0,,0,0.7894736842105263,0.7647058823529411,0.009615384615384616,0.0,0,,,,
D,T5,2040,4,True,1,14,1.0,1,44.0,0,0.6842105263157895,0.7058823529411765,0.054945054945054944,0.0,0,,,,
D,T5,2041,4,True,0,0,0.0,0,,0,0.7368421052631579,0.7058823529411765,0.039603960396039604,0.0,0,,,,
D,T5,2042,4,True,0,0,0.0,0,,0,0.631578947368421,0.6666666666666666,0.03418803418803419,0.0,0,,,,
D,T5,2043,4,True,0,0,0.0,0,,0,0.7368421052631579,0.7647058823529411,0.02040816326530612,0.0,0,,,,
D,T5,2044,4,True,0,0,0.0,0,,0,0.6842105263157895,0.6470588235294118,0.0392156862745098,0.0,0,,,,
D,T5,2045,4,True,1,3,1.0,1,26.0,0,0.7894736842105263,0.75,0.009009009009009009,0.0,0,,,,
D,T5,2046,4,True,0,0,0.0,0,,0,0.7894736842105263,0.75,0.02631578947368421,0.0,0,,,,
D,T5,2047,4,True,0,0,1.0,1,20.0,0,0.6842105263157895,0.6470588235294118,0.0,0.0,0,,,,
D,T5,2048,4,True,1,9,1.0,1,35.0,0,0.7894736842105263,0.75,0.023622047244094488,0.0,0,,,,
D,T5,2049,4,True,1,4,1.0,1,35.0,0,0.7368421052631579,0.6875,0.019230769230769232,0.0,0,,,,
D,T5,2050,4,True,0,0,1.0,1,17.0,0,0.5789473684210527,0.5625,0.04597701149425287,0.0,0,,,,
D,T5,2051,4,True,1,30,1.0,1,38.0,0,0.7368421052631579,0.6666666666666666,0.04950495049504951,0.0,0,,,,
D,T5,2052,4,True,0,0,0.0,0,,0,0.7368421052631579,0.6666666666666666,0.017094017094017096,0.0,0,,,,
D,T5,2053,4,True,0,0,0.0,0,,0,0.6842105263157895,0.6875,0.043478260869565216,0.0,0,,,,
D,T5,2054,4,True,0,0,0.0,0,,0,0.5789473684210527,0.5294117647058824,0.054945054945054944,0.0,0,,,,
D,T5,2055,4,True,0,0,0.0,0,,0,0.6842105263157895,0.6,0.033707865168539325,0.0,0,,,,
D,T5,2056,4,True,0,0,0.0,0,,0,0.6842105263157895,0.6875,0.038461538461538464,0.0,0,,,,
D,T5,2057,4,True,0,0,0.0,0,,0,0.6842105263157895,0.6666666666666666,0.030303030303030304,0.0,0,,,,
D,T5,2058,4,True,0,0,0.0,0,,0,0.631578947368421,0.5882352941176471,0.02127659574468085,0.0,0,,,,
D,T5,2059,4,True,0,0,0.0,0,,0,0.8421052631578947,0.8,0.02127659574468085,0.0,0,,,,
E,none,2000,4,True,0,0,0.0,0,,0,0.7894736842105263,0.8125,0.028368794326241134,,0,,,,
E,none,2001,4,True,0,0,0.0,0,,0,0.8421052631578947,0.8235294117647058,0.02912621359223301,,0,,,,
E,none,2002,4,True,0,0,0.0,0,,0,0.8947368421052632,0.8888888888888888,0.018018018018018018,,0,,,,
E,none,2003,4,True,0,0,0.0,0,,0,0.9473684210526315,0.9411764705882353,0.009259259259259259,,0,,,,
E,none,2004,4,True,0,0,0.0,0,,0,0.8421052631578947,0.8666666666666667,0.029411764705882353,,0,,,,
E,none,2005,4,True,0,0,0.0,0,,0,0.9473684210526315,0.9333333333333333,0.014705882352941176,,0,,,,
E,none,2006,4,True,0,0,0.0,0,,0,0.8421052631578947,0.875,0.037383177570093455,,0,,,,
E,none,2007,4,True,0,0,0.0,0,,0,0.8421052631578947,0.8125,0.026785714285714284,,0,,,,
E,none,2008,4,True,0,0,0.0,0,,0,0.6842105263157895,0.75,0.057692307692307696,,0,,,,
E,none,2009,4,True,0,0,0.0,0,,0,0.9473684210526315,0.9375,0.008064516129032258,,0,,,,
E,none,2010,4,True,0,0,0.0,0,,0,0.7894736842105263,0.8125,0.03773584905660377,,0,,,,
E,none,2011,4,True,0,0,0.0,0,,0,0.7894736842105263,0.875,0.03333333333333333,,0,,,,
E,none,2012,4,True,0,0,0.0,0,,0,0.7368421052631579,0.75,0.044642857142857144,,0,,,,
E,none,2013,4,True,0,0,0.0,0,,0,0.8421052631578947,0.8333333333333334,0.02654867256637168,,0,,,,
E,none,2014,4,True,0,0,0.0,0,,0,0.8421052631578947,0.875,0.02702702702702703,,0,,,,
E,none,2015,4,True,0,0,0.0,0,,0,0.8947368421052632,0.875,0.015748031496062992,,0,,,,
E,none,2016,4,True,0,0,0.0,0,,0,0.7894736842105263,0.7777777777777778,0.03571428571428571,,0,,,,
E,none,2017,4,True,0,0,0.0,0,,0,0.9473684210526315,0.9333333333333333,0.008547008547008548,,0,,,,
E,none,2018,4,True,0,0,0.0,0,,0,1.0,1.0,0.0,,0,,,,
E,none,2019,4,True,0,0,0.0,0,,0,0.8947368421052632,0.8823529411764706,0.016260162601626018,,0,,,,
E,none,2020,4,True,0,0,0.0,0,,0,0.8947368421052632,0.8823529411764706,0.015503875968992248,,0,,,,
E,none,2021,4,True,0,0,0.0,0,,0,0.9473684210526315,0.9333333333333333,0.008620689655172414,,0,,,,
E,none,2022,4,True,0,0,0.0,0,,0,1.0,1.0,0.0,,0,,,,
E,none,2023,4,True,0,0,0.0,0,,0,0.8947368421052632,0.8823529411764706,0.015267175572519083,,0,,,,
E,none,2024,4,True,0,0,0.0,0,,0,1.0,1.0,0.0,,0,,,,
E,none,2025,4,True,0,0,0.0,0,,0,0.8947368421052632,0.875,0.018867924528301886,,0,,,,
E,none,2026,4,True,0,0,0.0,0,,0,0.9473684210526315,0.9411764705882353,0.007518796992481203,,0,,,,
E,none,2027,4,True,0,0,0.0,0,,0,1.0,1.0,0.0,,0,,,,
E,none,2028,4,True,0,0,0.0,0,,0,0.9473684210526315,0.9333333333333333,0.008403361344537815,,0,,,,
E,none,2029,4,True,0,0,0.0,0,,0,1.0,1.0,0.0,,0,,,,
E,none,2030,4,True,0,0,0.0,0,,0,0.8947368421052632,0.8888888888888888,0.0196078431372549,,0,,,,
E,none,2031,4,True,0,0,0.0,0,,0,0.8421052631578947,0.9333333333333333,0.024,,0,,,,
E,none,2032,4,True,0,0,0.0,0,,0,0.8421052631578947,0.8,0.028037383177570093,,0,,,,
E,none,2033,4,True,0,0,0.0,0,,0,0.7368421052631579,0.7058823529411765,0.047619047619047616,,0,,,,
E,none,2034,4,True,0,0,0.0,0,,0,0.9473684210526315,0.9333333333333333,0.008620689655172414,,0,,,,
E,none,2035,4,True,0,0,0.0,0,,0,0.8421052631578947,0.8235294117647058,0.02702702702702703,,0,,,,
E,none,2036,4,True,0,0,0.0,0,,0,0.8947368421052632,0.8823529411764706,0.017699115044247787,,0,,,,
E,none,2037,4,True,0,0,0.0,0,,0,0.8947368421052632,0.8823529411764706,0.017391304347826087,,0,,,,
E,none,2038,4,True,0,0,0.0,0,,0,0.8947368421052632,0.8823529411764706,0.015625,,0,,,,
E,none,2039,4,True,0,0,0.0,0,,0,0.9473684210526315,0.9411764705882353,0.00847457627118644,,0,,,,
E,none,2040,4,True,0,0,0.0,0,,0,0.8421052631578947,0.8823529411764706,0.0297029702970297,,0,,,,
E,none,2041,4,True,0,0,0.0,0,,0,0.8421052631578947,0.8235294117647058,0.027777777777777776,,0,,,,
E,none,2042,4,True,0,0,0.0,0,,0,0.7894736842105263,0.8666666666666667,0.030303030303030304,,0,,,,
E,none,2043,4,True,0,0,0.0,0,,0,0.9473684210526315,1.0,0.009174311926605505,,0,,,,
E,none,2044,4,True,0,0,0.0,0,,0,0.7894736842105263,0.7647058823529411,0.03571428571428571,,0,,,,
E,none,2045,4,True,0,0,0.0,0,,0,0.8947368421052632,0.875,0.01694915254237288,,0,,,,
E,none,2046,4,True,0,0,0.0,0,,0,0.8947368421052632,0.875,0.01680672268907563,,0,,,,
E,none,2047,4,True,0,0,0.0,0,,0,1.0,1.0,0.0,,0,,,,
E,none,2048,4,True,0,0,0.0,0,,0,0.8947368421052632,0.875,0.015267175572519083,,0,,,,
E,none,2049,4,True,0,0,0.0,0,,0,0.8947368421052632,0.875,0.01680672268907563,,0,,,,
E,none,2050,4,True,0,0,0.0,0,,0,0.7894736842105263,0.8125,0.03636363636363636,,0,,,,
E,none,2051,4,True,0,0,0.0,0,,0,0.9473684210526315,0.9333333333333333,0.008849557522123894,,0,,,,
E,none,2052,4,True,0,0,0.0,0,,0,0.9473684210526315,0.9333333333333333,0.016129032258064516,,0,,,,
E,none,2053,4,True,0,0,0.0,0,,0,0.8947368421052632,0.9375,0.018867924528301886,,0,,,,
E,none,2054,4,True,0,0,0.0,0,,0,0.6842105263157895,0.6470588235294118,0.05660377358490566,,0,,,,
E,none,2055,4,True,0,0,0.0,0,,0,0.8947368421052632,0.8666666666666667,0.020833333333333332,,0,,,,
E,none,2056,4,True,0,0,0.0,0,,0,0.8947368421052632,0.9375,0.016129032258064516,,0,,,,
E,none,2057,4,True,0,0,0.0,0,,0,0.8947368421052632,0.8888888888888888,0.025423728813559324,,0,,,,
E,none,2058,4,True,0,0,0.0,0,,0,1.0,1.0,0.0,,0,,,,
E,none,2059,4,True,0,0,0.0,0,,0,0.8947368421052632,0.8666666666666667,0.01904761904761905,,0,,,,
E,T1,2000,4,True,0,0,1.0,1,38.0,0,0.7894736842105263,0.8125,0.028368794326241134,0.3956043956043956,0,,,,
E,T1,2001,4,True,0,0,1.0,1,59.0,0,0.7894736842105263,0.7647058823529411,0.038834951456310676,0.3375,0,,,,
E,T1,2002,4,True,0,0,1.0,1,35.0,0,0.8947368421052632,0.8888888888888888,0.02654867256637168,0.3522727272727273,0,,,,
E,T1,2003,4,True,0,0,1.0,1,65.0,0,0.5789473684210527,0.5294117647058824,0.04938271604938271,0.3277777777777778,0,,,,
E,T1,2004,4,True,0,0,1.0,1,38.0,0,0.7894736842105263,0.8,0.049019607843137254,0.3125,0,,,,
E,T1,2005,4,True,0,0,1.0,1,47.0,0,0.8947368421052632,0.8666666666666667,0.015267175572519083,0.3233082706766917,0,,,,
E,T1,2006,4,True,0,0,1.0,1,41.0,0,0.8421052631578947,0.875,0.037383177570093455,0.28695652173913044,0,,,,
E,T1,2007,4,True,0,0,1.0,1,59.0,0,0.6842105263157895,0.625,0.022988505747126436,0.3081081081081081,0,,,,
E,T1,2008,4,True,0,0,1.0,1,50.0,0,0.631578947368421,0.6875,0.057692307692307696,0.31654676258992803,0,,,,
E,T1,2009,4,True,0,0,1.0,1,56.0,0,0.7894736842105263,0.75,0.01904761904761905,0.3546099290780142,0,,,,
E,T1,2010,4,True,0,0,1.0,1,56.0,0,0.7368421052631579,0.75,0.030612244897959183,0.3161764705882353,0,,,,
E,T1,2011,4,True,0,0,1.0,1,59.0,0,0.631578947368421,0.6875,0.06593406593406594,0.30601092896174864,0,,,,
E,T1,2012,4,True,0,0,1.0,1,59.0,0,0.631578947368421,0.625,0.0594059405940594,0.3225806451612903,0,,,,
E,T1,2013,4,True,0,0,1.0,1,53.0,0,0.8421052631578947,0.8333333333333334,0.02857142857142857,0.392,0,,,,
E,T1,2014,4,True,0,0,1.0,1,56.0,0,0.6842105263157895,0.6875,0.05154639175257732,0.3708609271523179,0,,,,
E,T1,2015,4,True,0,0,1.0,1,56.0,0,0.7368421052631579,0.6875,0.017241379310344827,0.33121019108280253,0,,,,
E,T1,2016,4,True,0,0,1.0,1,68.0,0,0.5789473684210527,0.5555555555555556,0.06741573033707865,0.3036649214659686,0,,,,
E,T1,2017,4,True,0,0,1.0,1,44.0,0,0.9473684210526315,0.9333333333333333,0.009174311926605505,0.37606837606837606,0,,,,
E,T1,2018,4,True,0,0,1.0,1,53.0,0,0.8421052631578947,0.8235294117647058,0.02912621359223301,0.3225806451612903,0,,,,
E,T1,2019,4,True,0,0,1.0,1,38.0,0,0.8421052631578947,0.8235294117647058,0.02608695652173913,0.3173076923076923,0,,,,
E,T1,2020,4,True,0,0,1.0,1,65.0,0,0.631578947368421,0.5882352941176471,0.038834951456310676,0.3370165745856354,0,,,,
E,T1,2021,4,True,0,0,1.0,1,59.0,0,0.7368421052631579,0.6666666666666666,0.03125,0.3,0,,,,
E,T1,2022,4,True,0,0,1.0,1,50.0,0,0.8947368421052632,0.8666666666666667,0.009708737864077669,0.3282442748091603,0,,,,
E,T1,2023,4,True,0,0,1.0,1,65.0,0,0.6842105263157895,0.6470588235294118,0.017543859649122806,0.3241758241758242,0,,,,
E,T1,2024,4,True,0,0,1.0,1,38.0,0,1.0,1.0,0.0078125,0.28440366972477066,0,,,,
E,T1,2025,4,True,0,0,1.0,1,59.0,0,0.7894736842105263,0.75,0.04081632653061224,0.348993288590604,0,,,,
E,T1,2026,4,True,0,0,1.0,1,50.0,0,0.7894736842105263,0.7647058823529411,0.01639344262295082,0.3157894736842105,0,,,,
E,T1,2027,4,True,0,0,0.0,0,,0,1.0,1.0,0.0,,0,,,,
E,T1,2028,4,True,0,0,1.0,1,59.0,0,0.7368421052631579,0.6666666666666666,0.018867924528301886,0.32941176470588235,0,,,,
E,T1,2029,4,True,0,0,1.0,1,53.0,0,0.9473684210526315,0.9375,0.008403361344537815,0.33121019108280253,0,,,,
E,T1,2030,4,True,0,0,1.0,1,32.0,0,0.8421052631578947,0.8333333333333334,0.03,0.34782608695652173,0,,,,
E,T1,2031,4,True,0,0,1.0,1,38.0,0,0.7894736842105263,0.8666666666666667,0.03333333333333333,0.3626373626373626,0,,,,
E,T1,2032,4,True,0,0,1.0,1,53.0,0,0.7894736842105263,0.7333333333333333,0.04672897196261682,0.3282442748091603,0,,,,
E,T1,2033,4,True,0,0,0.0,0,,0,0.7368421052631579,0.7058823529411765,0.047619047619047616,,0,,,,
E,T1,2034,4,True,0,0,1.0,1,56.0,0,0.7368421052631579,0.6666666666666666,0.0196078431372549,0.3125,0,,,,
E,T1,2035,4,True,0,0,1.0,1,56.0,0,0.7894736842105263,0.7647058823529411,0.02857142857142857,0.3357664233576642,0,,,,
E,T1,2036,4,True,0,0,1.0,1,47.0,0,0.7894736842105263,0.7647058823529411,0.03225806451612903,0.32608695652173914,0,,,,
E,T1,2037,4,True,0,0,1.0,1,47.0,0,0.8947368421052632,0.8823529411764706,0.025423728813559324,0.35714285714285715,0,,,,
E,T1,2038,4,True,0,0,1.0,1,65.0,0,0.8421052631578947,0.8235294117647058,0.025423728813559324,0.34911242603550297,0,,,,
E,T1,2039,4,True,0,0,1.0,1,59.0,0,0.9473684210526315,0.9411764705882353,0.008771929824561403,0.3541666666666667,0,,,,
E,T1,2040,4,True,0,0,1.0,1,59.0,0,0.6842105263157895,0.7058823529411765,0.061855670103092786,0.352112676056338,0,,,,
E,T1,2041,4,True,0,0,1.0,1,62.0,0,0.631578947368421,0.5882352941176471,0.061224489795918366,0.36024844720496896,0,,,,
E,T1,2042,4,True,0,0,0.0,0,,0,0.7894736842105263,0.8666666666666667,0.030303030303030304,,0,,,,
E,T1,2043,4,True,0,0,1.0,1,50.0,0,0.8421052631578947,0.8823529411764706,0.020618556701030927,0.3028169014084507,0,,,,
E,T1,2044,4,True,0,0,1.0,1,38.0,0,0.7368421052631579,0.7058823529411765,0.04672897196261682,0.3300970873786408,0,,,,
E,T1,2045,4,True,0,0,1.0,1,59.0,0,0.7894736842105263,0.75,0.034482758620689655,0.3684210526315789,0,,,,
E,T1,2046,4,True,0,0,1.0,1,53.0,0,0.7894736842105263,0.75,0.0392156862745098,0.3197278911564626,0,,,,
E,T1,2047,4,True,0,0,1.0,1,50.0,0,0.8947368421052632,0.8823529411764706,0.008,0.29012345679012347,0,,,,
E,T1,2048,4,True,0,0,1.0,1,35.0,0,0.8421052631578947,0.8125,0.023255813953488372,0.3956043956043956,0,,,,
E,T1,2049,4,True,0,0,1.0,1,56.0,0,0.7894736842105263,0.75,0.037037037037037035,0.3288590604026846,0,,,,
E,T1,2050,4,True,0,0,1.0,1,41.0,0,0.7894736842105263,0.8125,0.03773584905660377,0.3490566037735849,0,,,,
E,T1,2051,4,True,0,0,1.0,1,38.0,0,0.7368421052631579,0.6666666666666666,0.047619047619047616,0.32038834951456313,0,,,,
E,T1,2052,4,True,0,0,1.0,1,53.0,0,0.8947368421052632,0.8666666666666667,0.008928571428571428,0.37777777777777777,0,,,,
E,T1,2053,4,True,0,0,1.0,1,59.0,0,0.7368421052631579,0.75,0.043478260869565216,0.3584905660377358,0,,,,
E,T1,2054,4,True,0,0,1.0,1,59.0,0,0.631578947368421,0.5882352941176471,0.058823529411764705,0.3393939393939394,0,,,,
E,T1,2055,4,True,0,0,1.0,1,59.0,0,0.6842105263157895,0.6,0.030927835051546393,0.34838709677419355,0,,,,
E,T1,2056,4,True,0,0,1.0,1,35.0,0,0.8421052631578947,0.875,0.025423728813559324,0.29292929292929293,0,,,,
E,T1,2057,4,True,0,0,1.0,1,65.0,0,0.8421052631578947,0.8333333333333334,0.026785714285714284,0.3619631901840491,0,,,,
E,T1,2058,4,True,0,0,1.0,1,65.0,0,0.7368421052631579,0.7058823529411765,0.02197802197802198,0.2983425414364641,0,,,,
E,T1,2059,4,True,0,0,1.0,1,44.0,0,0.8421052631578947,0.8,0.02127659574468085,0.3178294573643411,0,,,,
E,T2,2000,4,True,0,0,0.0,0,,0,0.7894736842105263,0.8125,0.028368794326241134,,0,,,,
E,T2,2001,4,True,0,0,0.0,0,,0,0.8421052631578947,0.8235294117647058,0.02912621359223301,,0,,,,
E,T2,2002,4,True,0,0,0.0,0,,0,0.8947368421052632,0.8888888888888888,0.018018018018018018,,0,,,,
E,T2,2003,4,True,0,0,0.0,0,,0,0.8421052631578947,0.8235294117647058,0.009433962264150943,1.0,0,,,,
E,T2,2004,4,True,0,0,0.0,0,,0,0.7894736842105263,0.8,0.0297029702970297,1.0,0,,,,
E,T2,2005,4,True,0,0,0.0,0,,0,0.8947368421052632,0.8666666666666667,0.014814814814814815,1.0,0,,,,
E,T2,2006,4,True,0,0,0.0,0,,0,0.7368421052631579,0.75,0.0380952380952381,1.0,0,,,,
E,T2,2007,4,True,0,0,0.0,0,,0,0.7894736842105263,0.75,0.02702702702702703,1.0,0,,,,
E,T2,2008,4,True,0,0,0.0,0,,0,0.631578947368421,0.6875,0.05825242718446602,1.0,0,,,,
E,T2,2009,4,True,0,0,0.0,0,,0,0.8421052631578947,0.8125,0.00819672131147541,1.0,0,,,,
E,T2,2010,4,True,0,0,0.0,0,,0,0.6842105263157895,0.6875,0.038461538461538464,1.0,0,,,,
E,T2,2011,4,True,0,0,0.0,0,,0,0.7894736842105263,0.875,0.03333333333333333,,0,,,,
E,T2,2012,4,True,0,0,0.0,0,,0,0.6842105263157895,0.6875,0.04504504504504504,1.0,0,,,,
E,T2,2013,4,True,0,0,0.0,0,,0,0.6842105263157895,0.6666666666666666,0.02727272727272727,1.0,0,,,,
E,T2,2014,4,True,0,0,0.0,0,,0,0.7894736842105263,0.8125,0.02727272727272727,1.0,0,,,,
E,T2,2015,4,True,0,0,0.0,0,,0,0.8421052631578947,0.8125,0.015873015873015872,1.0,0,,,,
E,T2,2016,4,True,0,0,0.0,0,,0,0.7368421052631579,0.7222222222222222,0.036036036036036036,1.0,0,,,,
E,T2,2017,4,True,0,0,0.0,0,,0,0.9473684210526315,0.9333333333333333,0.008547008547008548,,0,,,,
E,T2,2018,4,True,0,0,0.0,0,,0,1.0,1.0,0.0,,0,,,,
E,T2,2019,4,True,0,0,0.0,0,,0,0.8947368421052632,0.8823529411764706,0.016260162601626018,,0,,,,
E,T2,2020,4,True,0,0,0.0,0,,0,0.8947368421052632,0.8823529411764706,0.015503875968992248,,0,,,,
E,T2,2021,4,True,0,0,0.0,0,,0,0.8947368421052632,0.8666666666666667,0.008695652173913044,1.0,0,,,,
E,T2,2022,4,True,0,0,0.0,0,,0,1.0,1.0,0.0,,0,,,,
E,T2,2023,4,True,0,0,0.0,0,,0,0.7894736842105263,0.7647058823529411,0.015503875968992248,1.0,0,,,,
E,T2,2024,4,True,0,0,0.0,0,,0,1.0,1.0,0.0,,0,,,,
E,T2,2025,4,True,0,0,0.0,0,,0,0.8421052631578947,0.8125,0.01904761904761905,1.0,0,,,,
E,T2,2026,4,True,0,0,0.0,0,,0,0.8947368421052632,0.8823529411764706,0.007575757575757576,1.0,0,,,,
E,T2,2027,4,True,0,0,0.0,0,,0,1.0,1.0,0.0,,0,,,,
E,T2,2028,4,True,0,0,0.0,0,,0,0.7894736842105263,0.7333333333333333,0.008620689655172414,1.0,0,,,,
E,T2,2029,4,True,0,0,0.0,0,,0,0.8947368421052632,0.875,0.0,1.0,0,,,,
E,T2,2030,4,True,0,0,0.0,0,,0,0.8947368421052632,0.8888888888888888,0.0196078431372549,,0,,,,
E,T2,2031,4,True,0,0,0.0,0,,0,0.8421052631578947,0.9333333333333333,0.024,,0,,,,
E,T2,2032,4,True,0,0,0.0,0,,0,0.7894736842105263,0.7333333333333333,0.02830188679245283,1.0,0,,,,
E,T2,2033,4,True,0,0,0.0,0,,0,0.7368421052631579,0.7058823529411765,0.047619047619047616,,0,,,,
E,T2,2034,4,True,0,0,0.0,0,,0,0.9473684210526315,0.9333333333333333,0.008620689655172414,,0,,,,
E,T2,2035,4,True,0,0,0.0,0,,0,0.8421052631578947,0.8235294117647058,0.02702702702702703,,0,,,,
E,T2,2036,4,True,0,0,0.0,0,,0,0.8421052631578947,0.8235294117647058,0.017857142857142856,1.0,0,,,,
E,T2,2037,4,True,0,0,0.0,0,,0,0.8421052631578947,0.8235294117647058,0.017543859649122806,1.0,0,,,,
E,T2,2038,4,True,0,0,0.0,0,,0,0.8947368421052632,0.8823529411764706,0.015625,,0,,,,
E,T2,2039,4,True,0,0,0.0,0,,0,0.8947368421052632,0.8823529411764706,0.008547008547008548,1.0,0,,,,
E,T2,2040,4,True,0,0,0.0,0,,0,0.7894736842105263,0.8235294117647058,0.03,1.0,0,,,,
E,T2,2041,4,True,0,0,0.0,0,,0,0.7894736842105263,0.7647058823529411,0.028037383177570093,1.0,0,,,,
E,T2,2042,4,True,0,0,0.0,0,,0,0.7894736842105263,0.8666666666666667,0.030303030303030304,,0,,,,
E,T2,2043,4,True,0,0,0.0,0,,0,0.7894736842105263,0.8235294117647058,0.009433962264150943,1.0,0,,,,
E,T2,2044,4,True,0,0,0.0,0,,0,0.7894736842105263,0.7647058823529411,0.03571428571428571,,0,,,,
E,T2,2045,4,True,0,0,0.0,0,,0,0.8947368421052632,0.875,0.01694915254237288,,0,,,,
E,T2,2046,4,True,0,0,0.0,0,,0,0.7894736842105263,0.75,0.017094017094017096,1.0,0,,,,
E,T2,2047,4,True,0,0,0.0,0,,0,1.0,1.0,0.0,,0,,,,
E,T2,2048,4,True,0,0,0.0,0,,0,0.8421052631578947,0.8125,0.015384615384615385,1.0,0,,,,
E,T2,2049,4,True,0,0,0.0,0,,0,0.8947368421052632,0.875,0.01680672268907563,,0,,,,
E,T2,2050,4,True,0,0,0.0,0,,0,0.7368421052631579,0.75,0.03669724770642202,1.0,0,,,,
E,T2,2051,4,True,0,0,0.0,0,,0,0.9473684210526315,0.9333333333333333,0.008849557522123894,,0,,,,
E,T2,2052,4,True,0,0,0.0,0,,0,0.8947368421052632,0.8666666666666667,0.016260162601626018,1.0,0,,,,
E,T2,2053,4,True,0,0,0.0,0,,0,0.8421052631578947,0.875,0.01904761904761905,1.0,0,,,,
E,T2,2054,4,True,0,0,0.0,0,,0,0.6842105263157895,0.6470588235294118,0.05660377358490566,,0,,,,
E,T2,2055,4,True,0,0,0.0,0,,0,0.8421052631578947,0.8,0.021052631578947368,1.0,0,,,,
E,T2,2056,4,True,0,0,0.0,0,,0,0.8947368421052632,0.9375,0.016129032258064516,,0,,,,
E,T2,2057,4,True,0,0,0.0,0,,0,0.8947368421052632,0.8888888888888888,0.025423728813559324,,0,,,,
E,T2,2058,4,True,0,0,0.0,0,,0,1.0,1.0,0.0,,0,,,,
E,T2,2059,4,True,0,0,0.0,0,,0,0.8947368421052632,0.8666666666666667,0.01904761904761905,,0,,,,
E,T3,2000,4,True,0,0,1.0,1,38.0,0,0.7894736842105263,0.8125,0.03007518796992481,0.2421875,0,,,,
E,T3,2001,4,True,0,0,1.0,1,59.0,0,0.7894736842105263,0.7647058823529411,0.04854368932038835,0.2727272727272727,0,,,,
E,T3,2002,4,True,0,0,1.0,1,35.0,0,0.8421052631578947,0.8333333333333334,0.02702702702702703,0.32051282051282054,0,,,,
E,T3,2003,4,True,0,0,1.0,1,65.0,0,0.6842105263157895,0.6470588235294118,0.0449438202247191,0.25773195876288657,0,,,,
E,T3,2004,4,True,0,0,0.0,0,,0,0.8421052631578947,0.8666666666666667,0.029411764705882353,,0,,,,
E,T3,2005,4,True,0,0,1.0,1,47.0,0,0.9473684210526315,0.9333333333333333,0.015625,0.3008130081300813,0,,,,
E,T3,2006,4,True,0,0,1.0,1,38.0,0,0.8421052631578947,0.875,0.038834951456310676,0.25833333333333336,0,,,,
E,T3,2007,4,True,0,0,1.0,1,59.0,0,0.7368421052631579,0.6875,0.052083333333333336,0.24157303370786518,0,,,,
E,T3,2008,4,True,0,0,1.0,1,56.0,0,0.631578947368421,0.6875,0.07446808510638298,0.24404761904761904,0,,,,
E,T3,2009,4,True,0,0,1.0,1,56.0,0,0.8421052631578947,0.8125,0.038461538461538464,0.27586206896551724,0,,,,
E,T3,2010,4,True,0,0,1.0,1,56.0,0,0.7368421052631579,0.75,0.038834951456310676,0.24666666666666667,0,,,,
E,T3,2011,4,True,0,0,1.0,1,59.0,0,0.631578947368421,0.6875,0.07526881720430108,0.22727272727272727,0,,,,
E,T3,2012,4,True,0,0,1.0,1,59.0,0,0.631578947368421,0.625,0.05102040816326531,0.24431818181818182,0,,,,
E,T3,2013,4,True,0,0,1.0,1,47.0,0,0.7894736842105263,0.7777777777777778,0.02830188679245283,0.25735294117647056,0,,,,
E,T3,2014,4,True,0,0,1.0,1,56.0,0,0.7368421052631579,0.75,0.052083333333333336,0.2603550295857988,0,,,,
E,T3,2015,4,True,0,0,1.0,1,56.0,0,0.7894736842105263,0.75,0.017094017094017096,0.24858757062146894,0,,,,
E,T3,2016,4,True,0,0,1.0,1,68.0,0,0.631578947368421,0.6111111111111112,0.06862745098039216,0.26344086021505375,0,,,,
E,T3,2017,4,True,0,0,1.0,1,20.0,0,0.9473684210526315,0.9333333333333333,0.008547008547008548,0.2857142857142857,0,,,,
E,T3,2018,4,True,0,0,1.0,1,59.0,0,0.7894736842105263,0.7647058823529411,0.04,0.26666666666666666,0,,,,
E,T3,2019,4,True,0,0,1.0,1,38.0,0,0.8947368421052632,0.8823529411764706,0.024793388429752067,0.27184466019417475,0,,,,
E,T3,2020,4,True,0,0,1.0,1,65.0,0,0.6842105263157895,0.6470588235294118,0.039603960396039604,0.24456521739130435,0,,,,
E,T3,2021,4,True,0,0,1.0,1,59.0,0,0.7894736842105263,0.7333333333333333,0.029411764705882353,0.225,0,,,,
E,T3,2022,4,True,0,0,1.0,1,50.0,0,0.9473684210526315,0.9333333333333333,0.026785714285714284,0.25,0,,,,
E,T3,2023,4,True,0,0,1.0,1,65.0,0,0.8421052631578947,0.8235294117647058,0.022556390977443608,0.24096385542168675,0,,,,
E,T3,2024,4,True,0,0,1.0,1,38.0,0,1.0,1.0,0.007633587786259542,0.24770642201834864,0,,,,
E,T3,2025,4,True,0,0,1.0,1,59.0,0,0.7894736842105263,0.75,0.04081632653061224,0.29559748427672955,0,,,,
E,T3,2026,4,True,0,0,1.0,1,50.0,0,0.8947368421052632,0.8823529411764706,0.030534351145038167,0.24793388429752067,0,,,,
E,T3,2027,4,True,0,0,0.0,0,,0,1.0,1.0,0.0,,0,,,,
E,T3,2028,4,True,0,0,1.0,1,59.0,0,0.8947368421052632,0.8666666666666667,0.02586206896551724,0.2441860465116279,0,,,,
E,T3,2029,4,True,0,0,1.0,1,53.0,0,1.0,1.0,0.024193548387096774,0.27007299270072993,0,,,,
E,T3,2030,4,True,0,0,1.0,1,32.0,0,0.8421052631578947,0.8333333333333334,0.03,0.27450980392156865,0,,,,
E,T3,2031,4,True,0,0,1.0,1,38.0,0,0.7894736842105263,0.8666666666666667,0.04132231404958678,0.24107142857142858,0,,,,
E,T3,2032,4,True,0,0,1.0,1,53.0,0,0.7894736842105263,0.7333333333333333,0.039603960396039604,0.2714285714285714,0,,,,
E,T3,2033,4,True,0,0,1.0,1,62.0,0,0.6842105263157895,0.6470588235294118,0.07142857142857142,0.27450980392156865,0,,,,
E,T3,2034,4,True,0,0,1.0,1,56.0,0,0.7368421052631579,0.6666666666666666,0.0297029702970297,0.23030303030303031,0,,,,
E,T3,2035,4,True,0,0,1.0,1,56.0,0,0.8421052631578947,0.8235294117647058,0.028846153846153848,0.2789115646258503,0,,,,
E,T3,2036,4,True,0,0,1.0,1,47.0,0,0.8421052631578947,0.8235294117647058,0.04040404040404041,0.2534246575342466,0,,,,
E,T3,2037,4,True,0,0,1.0,1,44.0,0,0.8947368421052632,0.8823529411764706,0.03361344537815126,0.2601626016260163,0,,,,
E,T3,2038,4,True,0,0,1.0,1,65.0,0,0.8947368421052632,0.8823529411764706,0.0390625,0.2631578947368421,0,,,,
E,T3,2039,4,True,0,0,1.0,1,59.0,0,0.9473684210526315,0.9411764705882353,0.009433962264150943,0.281437125748503,0,,,,
E,T3,2040,4,True,0,0,1.0,1,59.0,0,0.7368421052631579,0.7647058823529411,0.05319148936170213,0.2777777777777778,0,,,,
E,T3,2041,4,True,0,0,1.0,1,62.0,0,0.7894736842105263,0.7647058823529411,0.047619047619047616,0.25595238095238093,0,,,,
E,T3,2042,4,True,0,0,0.0,0,,0,0.7894736842105263,0.8666666666666667,0.030303030303030304,,0,,,,
E,T3,2043,4,True,0,0,1.0,1,50.0,0,0.8947368421052632,0.9411764705882353,0.02830188679245283,0.24031007751937986,0,,,,
E,T3,2044,4,True,0,0,1.0,1,38.0,0,0.7368421052631579,0.7058823529411765,0.05555555555555555,0.2653061224489796,0,,,,
E,T3,2045,4,True,0,0,1.0,1,59.0,0,0.7894736842105263,0.75,0.045454545454545456,0.25595238095238093,0,,,,
E,T3,2046,4,True,0,0,1.0,1,53.0,0,0.8421052631578947,0.8125,0.05217391304347826,0.2647058823529412,0,,,,
E,T3,2047,4,True,0,0,1.0,1,50.0,0,0.9473684210526315,0.9411764705882353,0.016,0.22033898305084745,0,,,,
E,T3,2048,4,True,0,0,1.0,1,35.0,0,0.8421052631578947,0.8125,0.023255813953488372,0.29591836734693877,0,,,,
E,T3,2049,4,True,0,0,1.0,1,56.0,0,0.7894736842105263,0.75,0.047619047619047616,0.25625,0,,,,
E,T3,2050,4,True,0,0,1.0,1,62.0,0,0.7368421052631579,0.75,0.0380952380952381,0.25274725274725274,0,,,,
E,T3,2051,4,True,0,0,1.0,1,38.0,0,0.7368421052631579,0.6666666666666666,0.04950495049504951,0.25210084033613445,0,,,,
E,T3,2052,4,True,0,0,1.0,1,53.0,0,0.8947368421052632,0.8666666666666667,0.016129032258064516,0.3064516129032258,0,,,,
E,T3,2053,4,True,0,0,1.0,1,59.0,0,0.7894736842105263,0.8125,0.042105263157894736,0.281437125748503,0,,,,
E,T3,2054,4,True,0,0,1.0,1,59.0,0,0.631578947368421,0.5882352941176471,0.0784313725490196,0.24725274725274726,0,,,,
E,T3,2055,4,True,0,0,1.0,1,59.0,0,0.6842105263157895,0.6,0.07368421052631578,0.25316455696202533,0,,,,
E,T3,2056,4,True,0,0,1.0,1,35.0,0,0.8421052631578947,0.875,0.025423728813559324,0.2403846153846154,0,,,,
E,T3,2057,4,True,0,0,1.0,1,65.0,0,0.8421052631578947,0.8333333333333334,0.03773584905660377,0.27932960893854747,0,,,,
E,T3,2058,4,True,0,0,1.0,1,65.0,0,0.7894736842105263,0.7647058823529411,0.05,0.25555555555555554,0,,,,
E,T3,2059,4,True,0,0,1.0,1,32.0,0,0.8421052631578947,0.8,0.02912621359223301,0.2376237623762376,0,,,,
E,T4,2000,4,True,0,0,1.0,1,38.0,0,0.7894736842105263,0.8125,0.028368794326241134,0.21875,0,,,,
E,T4,2001,4,True,0,0,1.0,1,59.0,0,0.631578947368421,0.5882352941176471,0.0449438202247191,0.25806451612903225,0,,,,
E,T4,2002,4,True,1,2,1.0,1,35.0,0,0.8421052631578947,0.8333333333333334,0.019417475728155338,0.19230769230769232,0,,,,
E,T4,2003,4,True,0,0,1.0,1,65.0,0,0.631578947368421,0.5882352941176471,0.044444444444444446,0.2608695652173913,0,,,,
E,T4,2004,4,True,0,0,1.0,1,38.0,0,0.7894736842105263,0.8,0.04,0.125,0,,,,
E,T4,2005,4,True,0,0,1.0,1,47.0,0,0.9473684210526315,0.9333333333333333,0.015151515151515152,0.24242424242424243,0,,,,
E,T4,2006,4,True,0,0,1.0,1,41.0,0,0.8421052631578947,0.875,0.037383177570093455,0.1111111111111111,0,,,,
E,T4,2007,4,True,0,0,1.0,1,59.0,0,0.6842105263157895,0.625,0.0425531914893617,0.2564102564102564,0,,,,
E,T4,2008,4,True,0,0,1.0,1,56.0,0,0.5789473684210527,0.625,0.06521739130434782,0.2727272727272727,0,,,,
E,T4,2009,4,True,0,0,1.0,1,56.0,0,0.8947368421052632,0.875,0.025,0.24242424242424243,0,,,,
E,T4,2010,4,True,0,0,1.0,1,56.0,0,0.7894736842105263,0.8125,0.03773584905660377,0.1794871794871795,0,,,,
E,T4,2011,4,True,1,2,1.0,1,38.0,0,0.7368421052631579,0.8125,0.03571428571428571,0.2127659574468085,0,,,,
E,T4,2012,4,True,0,0,1.0,1,59.0,0,0.5789473684210527,0.5625,0.052083333333333336,0.42105263157894735,0,,,,
E,T4,2013,4,True,0,0,1.0,1,53.0,0,0.7894736842105263,0.7777777777777778,0.02857142857142857,0.22448979591836735,0,,,,
E,T4,2014,4,True,1,2,1.0,1,56.0,0,0.6842105263157895,0.6875,0.05263157894736842,0.21621621621621623,0,,,,
E,T4,2015,4,True,0,0,1.0,1,53.0,0,0.7368421052631579,0.6875,0.017391304347826087,0.26666666666666666,0,,,,
E,T4,2016,4,True,0,0,1.0,1,47.0,0,0.631578947368421,0.6111111111111112,0.06,0.2127659574468085,0,,,,
E,T4,2017,4,True,0,0,1.0,1,44.0,0,0.8947368421052632,0.8666666666666667,0.009174311926605505,0.21212121212121213,0,,,,
E,T4,2018,4,True,0,0,1.0,1,59.0,0,0.7368421052631579,0.7058823529411765,0.031578947368421054,0.2647058823529412,0,,,,
E,T4,2019,4,True,0,0,1.0,1,38.0,0,0.8421052631578947,0.8235294117647058,0.01680672268907563,0.20588235294117646,0,,,,
E,T4,2020,4,True,0,0,1.0,1,65.0,0,0.8421052631578947,0.8235294117647058,0.016,0.25,0,,,,
E,T4,2021,4,True,0,0,1.0,1,59.0,0,0.7894736842105263,0.7333333333333333,0.028846153846153848,0.21153846153846154,0,,,,
E,T4,2022,4,True,0,0,1.0,1,50.0,0,0.6842105263157895,0.6,0.011363636363636364,0.2564102564102564,0,,,,
E,T4,2023,4,True,0,0,1.0,1,59.0,0,0.8947368421052632,0.8823529411764706,0.015267175572519083,0.2127659574468085,0,,,,
E,T4,2024,4,True,0,0,1.0,1,38.0,0,0.9473684210526315,0.9411764705882353,0.0,0.1875,0,,,,
E,T4,2025,4,True,0,0,1.0,1,59.0,0,0.7894736842105263,0.75,0.0392156862745098,0.2,0,,,,
E,T4,2026,4,True,0,0,1.0,1,50.0,0,0.8947368421052632,0.8823529411764706,0.015267175572519083,0.2692307692307692,0,,,,
E,T4,2027,4,True,0,0,0.0,0,,0,1.0,1.0,0.0,,0,,,,
E,T4,2028,4,True,0,0,0.75,1,59.0,0,0.7894736842105263,0.7333333333333333,0.009708737864077669,0.4444444444444444,0,,,,
E,T4,2029,4,True,0,0,1.0,1,53.0,0,0.8947368421052632,0.875,0.0,0.25,0,,,,
E,T4,2030,4,True,0,0,0.75,1,32.0,0,0.8947368421052632,0.8888888888888888,0.0196078431372549,0.16666666666666666,0,,,,
E,T4,2031,4,True,0,0,1.0,1,38.0,0,0.7368421052631579,0.8,0.03361344537815126,0.24,0,,,,
E,T4,2032,4,True,0,0,1.0,1,53.0,0,0.6842105263157895,0.6,0.043010752688172046,0.1935483870967742,0,,,,
E,T4,2033,4,True,0,0,0.0,0,,0,0.7368421052631579,0.7058823529411765,0.047619047619047616,,0,,,,
E,T4,2034,4,True,0,0,1.0,1,56.0,0,0.6842105263157895,0.6,0.03125,0.25,0,,,,
E,T4,2035,4,True,0,0,1.0,1,56.0,0,0.6842105263157895,0.6470588235294118,0.031578947368421054,0.3333333333333333,0,,,,
E,T4,2036,4,True,1,2,1.0,1,47.0,0,0.7894736842105263,0.7647058823529411,0.031578947368421054,0.23636363636363636,0,,,,
E,T4,2037,4,True,0,0,0.75,1,47.0,0,0.6842105263157895,0.6470588235294118,0.021052631578947368,0.42105263157894735,0,,,,
E,T4,2038,4,True,1,2,1.0,1,65.0,0,0.8947368421052632,0.8823529411764706,0.025423728813559324,0.18181818181818182,0,,,,
E,T4,2039,4,True,0,0,1.0,1,29.0,0,0.9473684210526315,0.9411764705882353,0.00847457627118644,0.2,0,,,,
E,T4,2040,4,True,0,0,1.0,1,59.0,0,0.6842105263157895,0.7058823529411765,0.04395604395604396,0.2608695652173913,0,,,,
E,T4,2041,4,True,0,0,1.0,1,62.0,0,0.5789473684210527,0.5294117647058824,0.046511627906976744,0.2916666666666667,0,,,,
E,T4,2042,4,True,0,0,1.0,1,47.0,0,0.7368421052631579,0.8,0.03125,0.20930232558139536,0,,,,
E,T4,2043,4,True,0,0,0.25,1,35.0,0,0.9473684210526315,1.0,0.009174311926605505,0.2,0,,,,
E,T4,2044,4,True,0,0,1.0,1,38.0,0,0.7368421052631579,0.7058823529411765,0.04716981132075472,0.23529411764705882,0,,,,
E,T4,2045,4,True,0,0,1.0,1,59.0,0,0.7894736842105263,0.75,0.026785714285714284,0.18181818181818182,0,,,,
E,T4,2046,4,True,1,2,1.0,1,53.0,0,0.7894736842105263,0.75,0.02857142857142857,0.16666666666666666,0,,,,
E,T4,2047,4,True,0,0,1.0,1,50.0,0,1.0,1.0,0.0,0.20833333333333334,0,,,,
E,T4,2048,4,True,0,0,1.0,1,35.0,0,0.7894736842105263,0.75,0.024,0.17647058823529413,0,,,,
E,T4,2049,4,True,0,0,1.0,1,56.0,0,0.7894736842105263,0.75,0.034782608695652174,0.14814814814814814,0,,,,
E,T4,2050,4,True,0,0,1.0,1,62.0,0,0.5789473684210527,0.5625,0.05434782608695652,0.2631578947368421,0,,,,
E,T4,2051,4,True,0,0,1.0,1,38.0,0,0.7368421052631579,0.6666666666666666,0.047619047619047616,0.16666666666666666,0,,,,
E,T4,2052,4,True,0,0,0.0,0,,0,0.9473684210526315,0.9333333333333333,0.016129032258064516,,0,,,,
E,T4,2053,4,True,1,2,1.0,1,59.0,0,0.7894736842105263,0.8125,0.04081632653061224,0.23214285714285715,0,,,,
E,T4,2054,4,True,0,0,1.0,1,59.0,0,0.5789473684210527,0.5294117647058824,0.07291666666666667,0.2553191489361702,0,,,,
E,T4,2055,4,True,0,0,1.0,1,56.0,0,0.631578947368421,0.5333333333333333,0.07142857142857142,0.11764705882352941,0,,,,
E,T4,2056,4,True,0,0,1.0,1,35.0,0,0.7894736842105263,0.8125,0.02631578947368421,0.20588235294117646,0,,,,
E,T4,2057,4,True,0,0,1.0,1,65.0,0,0.7368421052631579,0.7222222222222222,0.02,0.27586206896551724,0,,,,
E,T4,2058,4,True,0,0,1.0,1,65.0,0,0.631578947368421,0.5882352941176471,0.030303030303030304,0.24528301886792453,0,,,,
E,T4,2059,4,True,0,0,1.0,1,44.0,0,0.7368421052631579,0.6666666666666666,0.03296703296703297,0.2926829268292683,0,,,,
E,T5,2000,4,True,0,0,1.0,1,38.0,0,0.7894736842105263,0.8125,0.03676470588235294,0.2463768115942029,0,,,,
E,T5,2001,4,True,0,0,0.0,0,,0,0.6842105263157895,0.6470588235294118,0.03333333333333333,0.3223684210526316,0,,,,
E,T5,2002,4,True,0,0,0.0,0,,0,0.8421052631578947,0.8333333333333334,0.02857142857142857,0.35714285714285715,0,,,,
E,T5,2003,4,True,0,0,1.0,1,44.0,0,0.7368421052631579,0.7058823529411765,0.039603960396039604,0.31125827814569534,0,,,,
E,T5,2004,4,True,0,0,0.0,0,,0,0.7894736842105263,0.8,0.050505050505050504,0.3670886075949367,0,,,,
E,T5,2005,4,True,0,0,0.75,1,29.0,0,0.8421052631578947,0.8,0.008,0.33043478260869563,0,,,,
E,T5,2006,4,True,0,0,1.0,1,38.0,0,0.8421052631578947,0.875,0.037383177570093455,0.2644628099173554,0,,,,
E,T5,2007,4,True,0,0,1.0,1,32.0,0,0.6842105263157895,0.625,0.03225806451612903,0.36153846153846153,0,,,,
E,T5,2008,4,True,0,0,0.0,0,,0,0.5789473684210527,0.625,0.06666666666666667,0.3125,0,,,,
E,T5,2009,4,True,0,0,0.75,1,17.0,0,0.6842105263157895,0.625,0.02,0.3467741935483871,0,,,,
E,T5,2010,4,True,0,0,0.0,0,,0,0.6842105263157895,0.6875,0.031578947368421054,0.344,0,,,,
E,T5,2011,4,True,0,0,0.0,0,,0,0.5263157894736842,0.5625,0.060240963855421686,0.3096774193548387,0,,,,
E,T5,2012,4,True,0,0,0.0,0,,0,0.5789473684210527,0.5625,0.03296703296703297,0.32867132867132864,0,,,,
E,T5,2013,4,True,0,0,1.0,1,47.0,0,0.7894736842105263,0.7777777777777778,0.02830188679245283,0.2550335570469799,0,,,,
E,T5,2014,4,True,0,0,1.0,1,17.0,0,0.6842105263157895,0.6875,0.054945054945054944,0.3051948051948052,0,,,,
E,T5,2015,4,True,0,0,0.0,0,,0,0.7894736842105263,0.75,0.017241379310344827,0.39285714285714285,0,,,,
E,T5,2016,4,True,0,0,1.0,1,23.0,0,0.5263157894736842,0.5,0.06666666666666667,0.3419354838709677,0,,,,
E,T5,2017,4,True,0,0,0.0,0,,0,0.9473684210526315,0.9333333333333333,0.008849557522123894,0.40384615384615385,0,,,,
E,T5,2018,4,True,0,0,0.0,0,,0,0.7894736842105263,0.7647058823529411,0.0297029702970297,0.38461538461538464,0,,,,
E,T5,2019,4,True,0,0,1.0,1,29.0,0,0.8947368421052632,0.8823529411764706,0.016,0.32432432432432434,0,,,,
E,T5,2020,4,True,0,0,1.0,1,20.0,0,0.5789473684210527,0.5294117647058824,0.05154639175257732,0.3269230769230769,0,,,,
E,T5,2021,4,True,0,0,0.0,0,,0,0.7368421052631579,0.6666666666666666,0.052083333333333336,0.323943661971831,0,,,,
E,T5,2022,4,True,0,0,0.0,0,,0,0.9473684210526315,0.9333333333333333,0.008928571428571428,0.40860215053763443,0,,,,
E,T5,2023,4,True,0,0,1.0,1,35.0,0,0.631578947368421,0.5882352941176471,0.019417475728155338,0.31901840490797545,0,,,,
E,T5,2024,4,True,0,0,1.0,1,38.0,0,0.9473684210526315,0.9411764705882353,0.0,0.30344827586206896,0,,,,
E,T5,2025,4,True,0,0,0.75,1,17.0,0,0.7894736842105263,0.75,0.0392156862745098,0.41818181818181815,0,,,,
E,T5,2026,4,True,0,0,1.0,1,44.0,0,0.8947368421052632,0.8823529411764706,0.022388059701492536,0.27906976744186046,0,,,,
E,T5,2027,4,True,0,0,0.0,0,,0,0.7894736842105263,0.75,0.017857142857142856,0.3277310924369748,0,,,,
E,T5,2028,4,True,0,0,0.0,0,,0,0.8421052631578947,0.8,0.017543859649122806,0.3629032258064516,0,,,,
E,T5,2029,4,True,0,0,1.0,1,32.0,0,0.8947368421052632,0.875,0.008620689655172414,0.3125,0,,,,
E,T5,2030,4,True,0,0,0.0,0,,0,0.8421052631578947,0.8333333333333334,0.028846153846153848,0.4444444444444444,0,,,,
E,T5,2031,4,True,0,0,1.0,1,38.0,0,0.6842105263157895,0.7333333333333333,0.05,0.31297709923664124,0,,,,
E,T5,2032,4,True,0,0,1.0,1,41.0,0,0.7894736842105263,0.7333333333333333,0.02857142857142857,0.2789115646258503,0,,,,
E,T5,2033,4,True,0,0,0.0,0,,0,0.5263157894736842,0.47058823529411764,0.07142857142857142,0.36153846153846153,0,,,,
E,T5,2034,4,True,0,0,0.0,0,,0,0.631578947368421,0.5333333333333333,0.021739130434782608,0.32653061224489793,0,,,,
E,T5,2035,4,True,0,0,0.0,0,,0,0.7368421052631579,0.7058823529411765,0.021505376344086023,0.36231884057971014,0,,,,
E,T5,2036,4,True,0,0,0.0,0,,0,0.7368421052631579,0.7058823529411765,0.04395604395604396,0.3879310344827586,0,,,,
E,T5,2037,4,True,0,0,1.0,1,44.0,0,0.8421052631578947,0.8235294117647058,0.03636363636363636,0.28,0,,,,
E,T5,2038,4,True,0,0,1.0,1,44.0,0,0.8947368421052632,0.8823529411764706,0.02459016393442623,0.33088235294117646,0,,,,
E,T5,2039,4,True,0,0,0.0,0,,0,0.8421052631578947,0.8235294117647058,0.020833333333333332,0.35664335664335667,0,,,,
E,T5,2040,4,True,0,0,1.0,1,44.0,0,0.631578947368421,0.6470588235294118,0.054945054945054944,0.33098591549295775,0,,,,
E,T5,2041,4,True,0,0,0.0,0,,0,0.6842105263157895,0.6470588235294118,0.05660377358490566,0.36134453781512604,0,,,,
E,T5,2042,4,True,0,0,0.0,0,,0,0.631578947368421,0.6666666666666666,0.043478260869565216,0.319672131147541,0,,,,
E,T5,2043,4,True,0,0,0.0,0,,0,0.7894736842105263,0.8235294117647058,0.020202020202020204,0.33043478260869563,0,,,,
E,T5,2044,4,True,0,0,0.0,0,,0,0.6842105263157895,0.6470588235294118,0.042105263157894736,0.34959349593495936,0,,,,
E,T5,2045,4,True,0,0,1.0,1,26.0,0,0.8421052631578947,0.8125,0.017699115044247787,0.375,0,,,,
E,T5,2046,4,True,0,0,0.0,0,,0,0.7894736842105263,0.75,0.0297029702970297,0.3565217391304348,0,,,,
E,T5,2047,4,True,0,0,1.0,1,20.0,0,0.8421052631578947,0.8235294117647058,0.0,0.3087248322147651,0,,,,
E,T5,2048,4,True,0,0,1.0,1,35.0,0,0.8421052631578947,0.8125,0.024,0.29310344827586204,0,,,,
E,T5,2049,4,True,0,0,1.0,1,35.0,0,0.7368421052631579,0.6875,0.02,0.32142857142857145,0,,,,
E,T5,2050,4,True,0,0,1.0,1,17.0,0,0.6842105263157895,0.6875,0.041666666666666664,0.39344262295081966,0,,,,
E,T5,2051,4,True,0,0,1.0,1,38.0,0,0.7368421052631579,0.6666666666666666,0.04950495049504951,0.25210084033613445,0,,,,
E,T5,2052,4,True,0,0,0.0,0,,0,0.8947368421052632,0.8666666666666667,0.016666666666666666,0.425531914893617,0,,,,
E,T5,2053,4,True,0,0,0.0,0,,0,0.7894736842105263,0.8125,0.0425531914893617,0.43119266055045874,0,,,,
E,T5,2054,4,True,0,0,0.0,0,,0,0.5789473684210527,0.5294117647058824,0.045454545454545456,0.31875,0,,,,
E,T5,2055,4,True,0,0,0.0,0,,0,0.6842105263157895,0.6,0.05434782608695652,0.3412698412698413,0,,,,
E,T5,2056,4,True,0,0,0.0,0,,0,0.7368421052631579,0.75,0.03418803418803419,0.34,0,,,,
E,T5,2057,4,True,0,0,0.0,0,,0,0.7368421052631579,0.7222222222222222,0.030927835051546393,0.35374149659863946,0,,,,
E,T5,2058,4,True,0,0,0.0,0,,0,0.6842105263157895,0.6470588235294118,0.022988505747126436,0.33548387096774196,0,,,,
E,T5,2059,4,True,0,0,0.0,0,,0,0.8421052631578947,0.8,0.03125,0.34065934065934067,0,,,,
F_bin,none,2000,4,True,0,0,0.0,0,,0,0.2631578947368421,0.25,0.19230769230769232,,0,,,,
F_bin,none,2001,4,True,0,0,0.0,0,,0,0.6842105263157895,0.6470588235294118,0.06741573033707865,,0,,,,
F_bin,none,2002,4,True,0,0,0.0,0,,0,0.5263157894736842,0.5,0.1,,0,,,,
F_bin,none,2003,4,True,0,0,0.0,0,,0,0.5789473684210527,0.5294117647058824,0.0963855421686747,,0,,,,
F_bin,none,2004,4,True,0,0,0.0,0,,0,0.3157894736842105,0.2,0.2,,0,,,,
F_bin,none,2005,4,True,0,0,0.0,0,,0,0.3684210526315789,0.2,0.13861386138613863,,0,,,,
F_bin,none,2006,4,True,0,0,0.0,0,,0,0.21052631578947367,0.125,0.25,,0,,,,
F_bin,none,2007,4,True,0,0,0.0,0,,0,0.6842105263157895,0.625,0.06315789473684211,,0,,,,
F_bin,none,2008,4,True,0,0,0.0,0,,0,0.05263157894736842,0.0625,0.32142857142857145,,0,,,,
F_bin,none,2009,4,True,0,0,0.0,0,,0,0.3684210526315789,0.25,0.1728395061728395,,0,,,,
F_bin,none,2010,4,True,0,0,0.0,0,,0,0.10526315789473684,0.0,0.3090909090909091,,0,,,,
F_bin,none,2011,4,True,0,0,0.0,0,,0,0.21052631578947367,0.1875,0.2833333333333333,,0,,,,
F_bin,none,2012,4,True,0,0,0.0,0,,0,0.15789473684210525,0.0625,0.25,,0,,,,
F_bin,none,2013,4,True,0,0,0.0,0,,0,0.3157894736842105,0.2777777777777778,0.16666666666666666,,0,,,,
F_bin,none,2014,4,True,0,0,0.0,0,,0,0.3157894736842105,0.25,0.2153846153846154,,0,,,,
F_bin,none,2015,4,True,0,0,0.0,0,,0,0.3157894736842105,0.1875,0.1566265060240964,,0,,,,
F_bin,none,2016,4,True,0,0,0.0,0,,0,0.10526315789473684,0.05555555555555555,0.2982456140350877,,0,,,,
F_bin,none,2017,4,True,0,0,0.0,0,,0,0.8421052631578947,0.8,0.02727272727272727,,0,,,,
F_bin,none,2018,4,True,0,0,0.0,0,,0,1.0,1.0,0.0,,0,,,,
F_bin,none,2019,4,True,0,0,0.0,0,,0,0.3157894736842105,0.23529411764705882,0.19117647058823528,,0,,,,
F_bin,none,2020,4,True,0,0,0.0,0,,0,0.3157894736842105,0.23529411764705882,0.2112676056338028,,0,,,,
F_bin,none,2021,4,True,0,0,0.0,0,,0,0.7368421052631579,0.6666666666666666,0.05102040816326531,,0,,,,
F_bin,none,2022,4,True,0,0,0.0,0,,0,1.0,1.0,0.0,,0,,,,
F_bin,none,2023,4,True,0,0,0.0,0,,0,0.5263157894736842,0.47058823529411764,0.09473684210526316,,0,,,,
F_bin,none,2024,4,True,0,0,0.0,0,,0,1.0,1.0,0.0,,0,,,,
F_bin,none,2025,4,True,0,0,0.0,0,,0,0.3684210526315789,0.25,0.16216216216216217,,0,,,,
F_bin,none,2026,4,True,0,0,0.0,0,,0,0.8421052631578947,0.8235294117647058,0.024390243902439025,,0,,,,
F_bin,none,2027,4,True,0,0,0.0,0,,0,1.0,1.0,0.0,,0,,,,
F_bin,none,2028,4,True,0,0,0.0,0,,0,0.42105263157894735,0.26666666666666666,0.1375,,0,,,,
F_bin,none,2029,4,True,0,0,0.0,0,,0,1.0,1.0,0.0,,0,,,,
F_bin,none,2030,4,True,0,0,0.0,0,,0,0.2631578947368421,0.2222222222222222,0.21875,,0,,,,
F_bin,none,2031,4,True,0,0,0.0,0,,0,0.21052631578947367,0.13333333333333333,0.2711864406779661,,0,,,,
F_bin,none,2032,4,True,0,0,0.0,0,,0,0.42105263157894735,0.26666666666666666,0.14473684210526316,,0,,,,
F_bin,none,2033,4,True,0,0,0.0,0,,0,0.21052631578947367,0.11764705882352941,0.23809523809523808,,0,,,,
F_bin,none,2034,4,True,0,0,0.0,0,,0,0.8947368421052632,0.8666666666666667,0.017543859649122806,,0,,,,
F_bin,none,2035,4,True,0,0,0.0,0,,0,0.47368421052631576,0.4117647058823529,0.1527777777777778,,0,,,,
F_bin,none,2036,4,True,0,0,0.0,0,,0,0.5263157894736842,0.47058823529411764,0.13580246913580246,,0,,,,
F_bin,none,2037,4,True,0,0,0.0,0,,0,0.3157894736842105,0.23529411764705882,0.19117647058823528,,0,,,,
F_bin,none,2038,4,True,0,0,0.0,0,,0,0.2631578947368421,0.17647058823529413,0.22580645161290322,,0,,,,
F_bin,none,2039,4,True,0,0,0.0,0,,0,0.8421052631578947,0.8235294117647058,0.0380952380952381,,0,,,,
F_bin,none,2040,4,True,0,0,0.0,0,,0,0.3157894736842105,0.29411764705882354,0.24193548387096775,,0,,,,
F_bin,none,2041,4,True,0,0,0.0,0,,0,0.3157894736842105,0.23529411764705882,0.17567567567567569,,0,,,,
F_bin,none,2042,4,True,0,0,0.0,0,,0,0.15789473684210525,0.06666666666666667,0.21794871794871795,,0,,,,
F_bin,none,2043,4,True,0,0,0.0,0,,0,0.15789473684210525,0.11764705882352941,0.3090909090909091,,0,,,,
F_bin,none,2044,4,True,0,0,0.0,0,,0,0.47368421052631576,0.4117647058823529,0.12658227848101267,,0,,,,
F_bin,none,2045,4,True,0,0,0.0,0,,0,0.6842105263157895,0.625,0.06930693069306931,,0,,,,
F_bin,none,2046,4,True,0,0,0.0,0,,0,0.42105263157894735,0.3125,0.16883116883116883,,0,,,,
F_bin,none,2047,4,True,0,0,0.0,0,,0,1.0,1.0,0.0,,0,,,,
F_bin,none,2048,4,True,0,0,0.0,0,,0,0.42105263157894735,0.3125,0.12359550561797752,,0,,,,
F_bin,none,2049,4,True,0,0,0.0,0,,0,0.5789473684210527,0.5,0.08888888888888889,,0,,,,
F_bin,none,2050,4,True,0,0,0.0,0,,0,0.15789473684210525,0.125,0.2833333333333333,,0,,,,
F_bin,none,2051,4,True,0,0,0.0,0,,0,0.2631578947368421,0.06666666666666667,0.22580645161290322,,0,,,,
F_bin,none,2052,4,True,0,0,0.0,0,,0,0.7368421052631579,0.6666666666666666,0.061224489795918366,,0,,,,
F_bin,none,2053,4,True,0,0,0.0,0,,0,0.3157894736842105,0.25,0.22950819672131148,,0,,,,
F_bin,none,2054,4,True,0,0,0.0,0,,0,0.3157894736842105,0.23529411764705882,0.2054794520547945,,0,,,,
F_bin,none,2055,4,True,0,0,0.0,0,,0,0.8421052631578947,0.8,0.031914893617021274,,0,,,,
F_bin,none,2056,4,True,0,0,0.0,0,,0,0.21052631578947367,0.1875,0.25806451612903225,,0,,,,
F_bin,none,2057,4,True,0,0,0.0,0,,0,0.631578947368421,0.6111111111111112,0.09411764705882353,,0,,,,
F_bin,none,2058,4,True,0,0,0.0,0,,0,1.0,1.0,0.0,,0,,,,
F_bin,none,2059,4,True,0,0,0.0,0,,0,0.47368421052631576,0.3333333333333333,0.14285714285714285,,0,,,,
F_bin,T1,2000,4,True,0,0,0.25,1,2.0,1,0.21052631578947367,0.1875,0.26229508196721313,0.5,0,,,,
F_bin,T1,2001,4,True,0,0,0.25,1,1.0,1,0.5263157894736842,0.47058823529411764,0.15254237288135594,0.5,0,,,,
F_bin,T1,2002,4,True,0,0,0.75,1,35.0,0,0.5263157894736842,0.5,0.10227272727272728,0.4576271186440678,0,,,,
F_bin,T1,2003,4,True,0,0,1.0,1,65.0,0,0.15789473684210525,0.058823529411764705,0.5161290322580645,0.4489795918367347,0,,,,
F_bin,T1,2004,4,True,0,0,1.0,1,38.0,0,0.2631578947368421,0.13333333333333333,0.23076923076923078,0.34831460674157305,0,,,,
F_bin,T1,2005,4,True,0,0,0.5,1,1.0,1,0.3157894736842105,0.13333333333333333,0.208955223880597,0.3333333333333333,0,,,,
F_bin,T1,2006,4,True,0,0,0.5,1,4.0,1,0.15789473684210525,0.0625,0.3469387755102041,0.5,0,,,,
F_bin,T1,2007,4,True,0,0,1.0,1,59.0,0,0.21052631578947367,0.0625,0.40540540540540543,0.44,0,,,,
F_bin,T1,2008,4,True,0,0,0.5,1,7.0,1,0.0,0.0,0.5135135135135135,0.5,0,,,,
F_bin,T1,2009,4,True,0,0,1.0,1,56.0,0,0.3157894736842105,0.1875,0.25,0.4431818181818182,0,,,,
F_bin,T1,2010,4,True,0,0,0.25,1,5.0,1,0.10526315789473684,0.0,0.5151515151515151,1.0,0,,,,
F_bin,T1,2011,4,True,0,0,1.0,1,59.0,0,0.10526315789473684,0.0625,0.45,0.37037037037037035,0,,,,
F_bin,T1,2012,4,True,0,0,1.0,1,59.0,0,0.15789473684210525,0.0625,0.42105263157894735,0.4251968503937008,0,,,,
F_bin,T1,2013,4,True,0,0,0.25,1,4.0,1,0.2631578947368421,0.2222222222222222,0.2545454545454545,0.6666666666666666,0,,,,
F_bin,T1,2014,4,True,0,0,0.5,1,14.0,1,0.10526315789473684,0.0,0.4146341463414634,0.5333333333333333,0,,,,
F_bin,T1,2015,4,True,0,0,1.0,1,56.0,0,0.3157894736842105,0.1875,0.21311475409836064,0.4065040650406504,0,,,,
F_bin,T1,2016,4,True,0,0,0.25,1,2.0,1,0.05263157894736842,0.0,0.6428571428571429,1.0,0,,,,
F_bin,T1,2017,4,True,0,0,0.75,1,8.0,1,0.5263157894736842,0.4,0.11842105263157894,0.375,0,,,,
F_bin,T1,2018,4,True,0,0,1.0,1,5.0,1,0.42105263157894735,0.35294117647058826,0.14473684210526316,0.40625,0,,,,
F_bin,T1,2019,4,True,0,0,0.5,1,2.0,1,0.3157894736842105,0.23529411764705882,0.24074074074074073,0.5,0,,,,
F_bin,T1,2020,4,True,0,0,1.0,1,65.0,0,0.15789473684210525,0.058823529411764705,0.425,0.3986013986013986,0,,,,
F_bin,T1,2021,4,True,0,0,0.25,1,1.0,1,0.42105263157894735,0.26666666666666666,0.2037037037037037,0.5,0,,,,
F_bin,T1,2022,4,True,0,0,0.75,1,8.0,1,0.47368421052631576,0.3333333333333333,0.13157894736842105,0.4444444444444444,0,,,,
F_bin,T1,2023,4,True,0,0,0.5,1,2.0,1,0.21052631578947367,0.11764705882352941,0.40540540540540543,0.5,0,,,,
F_bin,T1,2024,4,True,0,0,1.0,1,38.0,0,0.631578947368421,0.5882352941176471,0.08791208791208792,0.38461538461538464,0,,,,
F_bin,T1,2025,4,True,0,0,1.0,1,59.0,0,0.2631578947368421,0.125,0.2692307692307692,0.3870967741935484,0,,,,
F_bin,T1,2026,4,True,0,0,0.75,1,4.0,1,0.42105263157894735,0.35294117647058826,0.1774193548387097,0.5,0,,,,
F_bin,T1,2027,4,True,0,0,0.0,0,,0,1.0,1.0,0.0,,0,,,,
F_bin,T1,2028,4,True,0,0,0.5,1,2.0,1,0.3157894736842105,0.13333333333333333,0.203125,0.6666666666666666,0,,,,
F_bin,T1,2029,4,True,0,0,0.75,1,7.0,1,0.3684210526315789,0.25,0.2,0.5714285714285714,0,,,,
F_bin,T1,2030,4,True,0,0,1.0,1,32.0,0,0.15789473684210525,0.1111111111111111,0.2962962962962963,0.379746835443038,0,,,,
F_bin,T1,2031,4,True,0,0,1.0,1,0.0,1,0.21052631578947367,0.13333333333333333,0.2711864406779661,0.4166666666666667,0,,,,
F_bin,T1,2032,4,True,0,0,0.5,1,1.0,1,0.3684210526315789,0.2,0.19672131147540983,0.75,0,,,,
F_bin,T1,2033,4,True,0,0,0.0,0,,0,0.21052631578947367,0.11764705882352941,0.23809523809523808,,0,,,,
F_bin,T1,2034,4,True,0,0,0.25,1,1.0,1,0.42105263157894735,0.26666666666666666,0.14814814814814814,1.0,0,,,,
F_bin,T1,2035,4,True,0,0,1.0,1,56.0,0,0.3684210526315789,0.29411764705882354,0.22413793103448276,0.40350877192982454,0,,,,
F_bin,T1,2036,4,True,0,0,1.0,1,47.0,0,0.47368421052631576,0.4117647058823529,0.1527777777777778,0.38461538461538464,0,,,,
F_bin,T1,2037,4,True,0,0,0.25,1,2.0,1,0.2631578947368421,0.17647058823529413,0.2545454545454545,1.0,0,,,,
F_bin,T1,2038,4,True,0,0,0.25,1,2.0,1,0.10526315789473684,0.0,0.6296296296296297,1.0,0,,,,
F_bin,T1,2039,4,True,0,0,0.25,1,2.0,1,0.3157894736842105,0.23529411764705882,0.2826086956521739,1.0,0,,,,
F_bin,T1,2040,4,True,0,0,1.0,1,59.0,0,0.15789473684210525,0.11764705882352941,0.45714285714285713,0.44155844155844154,0,,,,
F_bin,T1,2041,4,True,0,0,1.0,1,62.0,0,0.2631578947368421,0.17647058823529413,0.3111111111111111,0.43333333333333335,0,,,,
F_bin,T1,2042,4,True,0,0,0.0,0,,0,0.15789473684210525,0.06666666666666667,0.21794871794871795,,0,,,,
F_bin,T1,2043,4,True,0,0,0.5,1,5.0,1,0.10526315789473684,0.058823529411764705,0.425,0.5,0,,,,
F_bin,T1,2044,4,True,0,0,1.0,1,38.0,0,0.42105263157894735,0.35294117647058826,0.1527777777777778,0.4074074074074074,0,,,,
F_bin,T1,2045,4,True,0,0,0.25,1,1.0,1,0.3684210526315789,0.25,0.15853658536585366,1.0,0,,,,
F_bin,T1,2046,4,True,0,0,1.0,1,53.0,0,0.3684210526315789,0.25,0.22413793103448276,0.3983050847457627,0,,,,
F_bin,T1,2047,4,True,0,0,1.0,1,50.0,0,0.42105263157894735,0.35294117647058826,0.16923076923076924,0.392,0,,,,
F_bin,T1,2048,4,True,0,0,0.75,1,35.0,0,0.3684210526315789,0.25,0.15789473684210525,0.4146341463414634,0,,,,
F_bin,T1,2049,4,True,0,0,0.5,1,2.0,1,0.3684210526315789,0.25,0.22641509433962265,0.5,0,,,,
F_bin,T1,2050,4,True,0,0,0.5,1,2.0,1,0.05263157894736842,0.0,0.42857142857142855,0.4,0,,,,
F_bin,T1,2051,4,True,0,0,0.5,1,6.0,1,0.2631578947368421,0.06666666666666667,0.25,0.5,0,,,,
F_bin,T1,2052,4,True,0,0,0.25,1,2.0,1,0.5263157894736842,0.4,0.13636363636363635,0.5,0,,,,
F_bin,T1,2053,4,True,0,0,0.5,1,2.0,1,0.10526315789473684,0.0,0.5483870967741935,0.6666666666666666,0,,,,
F_bin,T1,2054,4,True,0,0,0.25,1,2.0,1,0.10526315789473684,0.0,0.4358974358974359,1.0,0,,,,
F_bin,T1,2055,4,True,0,0,0.75,1,7.0,1,0.3157894736842105,0.13333333333333333,0.2653061224489796,0.5,0,,,,
F_bin,T1,2056,4,True,0,0,1.0,1,35.0,0,0.21052631578947367,0.1875,0.25806451612903225,0.3258426966292135,0,,,,
F_bin,T1,2057,4,True,0,0,0.5,1,2.0,1,0.15789473684210525,0.1111111111111111,0.42105263157894735,0.5,0,,,,
F_bin,T1,2058,4,True,0,0,0.5,1,2.0,1,0.3157894736842105,0.23529411764705882,0.30952380952380953,0.5,0,,,,
F_bin,T1,2059,4,True,0,0,0.5,1,10.0,1,0.47368421052631576,0.3333333333333333,0.15625,0.5714285714285714,0,,,,
F_bin,T2,2000,4,True,0,0,0.0,0,,0,0.2631578947368421,0.25,0.19230769230769232,,0,,,,
F_bin,T2,2001,4,True,0,0,0.0,0,,0,0.6842105263157895,0.6470588235294118,0.06741573033707865,,0,,,,
F_bin,T2,2002,4,True,0,0,0.0,0,,0,0.5263157894736842,0.5,0.1,,0,,,,
F_bin,T2,2003,4,True,0,0,0.0,0,,0,0.5789473684210527,0.5294117647058824,0.0963855421686747,,0,,,,
F_bin,T2,2004,4,True,0,0,0.0,0,,0,0.3157894736842105,0.2,0.2,,0,,,,
F_bin,T2,2005,4,True,0,0,0.0,0,,0,0.3157894736842105,0.13333333333333333,0.14,1.0,0,,,,
F_bin,T2,2006,4,True,0,0,0.0,0,,0,0.21052631578947367,0.125,0.25,,0,,,,
F_bin,T2,2007,4,True,0,0,0.0,0,,0,0.5789473684210527,0.5,0.07446808510638298,1.0,0,,,,
F_bin,T2,2008,4,True,0,0,0.0,0,,0,0.05263157894736842,0.0625,0.32142857142857145,,0,,,,
F_bin,T2,2009,4,True,0,0,0.0,0,,0,0.3684210526315789,0.25,0.1728395061728395,,0,,,,
F_bin,T2,2010,4,True,0,0,0.0,0,,0,0.10526315789473684,0.0,0.3090909090909091,,0,,,,
F_bin,T2,2011,4,True,0,0,0.0,0,,0,0.21052631578947367,0.1875,0.2833333333333333,,0,,,,
F_bin,T2,2012,4,True,0,0,0.0,0,,0,0.15789473684210525,0.0625,0.25,,0,,,,
F_bin,T2,2013,4,True,0,0,0.0,0,,0,0.3157894736842105,0.2777777777777778,0.16666666666666666,,0,,,,
F_bin,T2,2014,4,True,0,0,0.0,0,,0,0.3157894736842105,0.25,0.2153846153846154,,0,,,,
F_bin,T2,2015,4,True,0,0,0.0,0,,0,0.3157894736842105,0.1875,0.1566265060240964,,0,,,,
F_bin,T2,2016,4,True,0,0,0.0,0,,0,0.10526315789473684,0.05555555555555555,0.2982456140350877,,0,,,,
F_bin,T2,2017,4,True,0,0,0.0,0,,0,0.8421052631578947,0.8,0.02727272727272727,,0,,,,
F_bin,T2,2018,4,True,0,0,0.0,0,,0,1.0,1.0,0.0,,0,,,,
F_bin,T2,2019,4,True,0,0,0.0,0,,0,0.3157894736842105,0.23529411764705882,0.19117647058823528,,0,,,,
F_bin,T2,2020,4,True,0,0,0.0,0,,0,0.3157894736842105,0.23529411764705882,0.2112676056338028,,0,,,,
F_bin,T2,2021,4,True,0,0,0.0,0,,0,0.7368421052631579,0.6666666666666666,0.05102040816326531,,0,,,,
F_bin,T2,2022,4,True,0,0,0.0,0,,0,1.0,1.0,0.0,,0,,,,
F_bin,T2,2023,4,True,0,0,0.0,0,,0,0.15789473684210525,0.058823529411764705,0.15053763440860216,1.0,0,,,,
F_bin,T2,2024,4,True,0,0,0.0,0,,0,1.0,1.0,0.0,,0,,,,
F_bin,T2,2025,4,True,0,0,0.0,0,,0,0.3684210526315789,0.25,0.16216216216216217,,0,,,,
F_bin,T2,2026,4,True,0,0,0.0,0,,0,0.5263157894736842,0.47058823529411764,0.06557377049180328,1.0,0,,,,
F_bin,T2,2027,4,True,0,0,0.0,0,,0,1.0,1.0,0.0,,0,,,,
F_bin,T2,2028,4,True,0,0,0.0,0,,0,0.3157894736842105,0.13333333333333333,0.1518987341772152,1.0,0,,,,
F_bin,T2,2029,4,True,0,0,0.0,0,,0,0.7368421052631579,0.6875,0.022058823529411766,1.0,0,,,,
F_bin,T2,2030,4,True,0,0,0.0,0,,0,0.2631578947368421,0.2222222222222222,0.21875,,0,,,,
F_bin,T2,2031,4,True,0,0,0.0,0,,0,0.21052631578947367,0.13333333333333333,0.2711864406779661,,0,,,,
F_bin,T2,2032,4,True,0,0,0.0,0,,0,0.42105263157894735,0.26666666666666666,0.14473684210526316,,0,,,,
F_bin,T2,2033,4,True,0,0,0.0,0,,0,0.21052631578947367,0.11764705882352941,0.23809523809523808,,0,,,,
F_bin,T2,2034,4,True,0,0,0.0,0,,0,0.8947368421052632,0.8666666666666667,0.017543859649122806,,0,,,,
F_bin,T2,2035,4,True,0,0,0.0,0,,0,0.47368421052631576,0.4117647058823529,0.1527777777777778,,0,,,,
F_bin,T2,2036,4,True,0,0,0.0,0,,0,0.5263157894736842,0.47058823529411764,0.13580246913580246,,0,,,,
F_bin,T2,2037,4,True,0,0,0.0,0,,0,0.3157894736842105,0.23529411764705882,0.19117647058823528,,0,,,,
F_bin,T2,2038,4,True,0,0,0.0,0,,0,0.2631578947368421,0.17647058823529413,0.22580645161290322,,0,,,,
F_bin,T2,2039,4,True,0,0,0.0,0,,0,0.5789473684210527,0.5294117647058824,0.07692307692307693,1.0,0,,,,
F_bin,T2,2040,4,True,0,0,0.0,0,,0,0.3157894736842105,0.29411764705882354,0.24193548387096775,,0,,,,
F_bin,T2,2041,4,True,0,0,0.0,0,,0,0.3157894736842105,0.23529411764705882,0.17567567567567569,,0,,,,
F_bin,T2,2042,4,True,0,0,0.0,0,,0,0.15789473684210525,0.06666666666666667,0.21794871794871795,,0,,,,
F_bin,T2,2043,4,True,0,0,0.0,0,,0,0.15789473684210525,0.11764705882352941,0.3090909090909091,,0,,,,
F_bin,T2,2044,4,True,0,0,0.0,0,,0,0.47368421052631576,0.4117647058823529,0.12658227848101267,,0,,,,
F_bin,T2,2045,4,True,0,0,0.0,0,,0,0.6842105263157895,0.625,0.06930693069306931,,0,,,,
F_bin,T2,2046,4,True,0,0,0.0,0,,0,0.42105263157894735,0.3125,0.16883116883116883,,0,,,,
F_bin,T2,2047,4,True,0,0,0.0,0,,0,1.0,1.0,0.0,,0,,,,
F_bin,T2,2048,4,True,0,0,0.0,0,,0,0.42105263157894735,0.3125,0.12359550561797752,,0,,,,
F_bin,T2,2049,4,True,0,0,0.0,0,,0,0.5789473684210527,0.5,0.08888888888888889,,0,,,,
F_bin,T2,2050,4,True,0,0,0.0,0,,0,0.15789473684210525,0.125,0.2833333333333333,,0,,,,
F_bin,T2,2051,4,True,0,0,0.0,0,,0,0.2631578947368421,0.06666666666666667,0.22580645161290322,,0,,,,
F_bin,T2,2052,4,True,0,0,0.0,0,,0,0.5789473684210527,0.4666666666666667,0.08247422680412371,1.0,0,,,,
F_bin,T2,2053,4,True,0,0,0.0,0,,0,0.3157894736842105,0.25,0.22950819672131148,,0,,,,
F_bin,T2,2054,4,True,0,0,0.0,0,,0,0.3157894736842105,0.23529411764705882,0.2054794520547945,,0,,,,
F_bin,T2,2055,4,True,0,0,0.0,0,,0,0.3157894736842105,0.13333333333333333,0.12903225806451613,1.0,0,,,,
F_bin,T2,2056,4,True,0,0,0.0,0,,0,0.21052631578947367,0.1875,0.25806451612903225,,0,,,,
F_bin,T2,2057,4,True,0,0,0.0,0,,0,0.631578947368421,0.6111111111111112,0.09411764705882353,,0,,,,
F_bin,T2,2058,4,True,0,0,0.0,0,,0,1.0,1.0,0.0,,0,,,,
F_bin,T2,2059,4,True,0,0,0.0,0,,0,0.47368421052631576,0.3333333333333333,0.14285714285714285,,0,,,,
F_bin,T3,2000,4,True,0,0,1.0,1,38.0,0,0.2631578947368421,0.25,0.19230769230769232,0.33707865168539325,0,,,,
F_bin,T3,2001,4,True,0,0,0.75,1,2.0,1,0.2631578947368421,0.17647058823529413,0.2077922077922078,0.3870967741935484,0,,,,
F_bin,T3,2002,4,True,0,0,0.25,1,0.0,1,0.5263157894736842,0.5,0.1,,0,,,,
F_bin,T3,2003,4,True,0,0,1.0,1,65.0,0,0.15789473684210525,0.058823529411764705,0.5161290322580645,0.44594594594594594,0,,,,
F_bin,T3,2004,4,True,0,0,0.0,0,,0,0.3157894736842105,0.2,0.2,,0,,,,
F_bin,T3,2005,4,True,0,0,0.5,1,1.0,1,0.3157894736842105,0.13333333333333333,0.208955223880597,0.3333333333333333,0,,,,
F_bin,T3,2006,4,True,0,0,1.0,1,38.0,0,0.21052631578947367,0.125,0.25,0.35294117647058826,0,,,,
F_bin,T3,2007,4,True,0,0,1.0,1,59.0,0,0.3684210526315789,0.25,0.17647058823529413,0.38181818181818183,0,,,,
F_bin,T3,2008,4,True,0,0,1.0,1,56.0,0,0.05263157894736842,0.0625,0.32142857142857145,0.3445378151260504,0,,,,
F_bin,T3,2009,4,True,0,0,0.75,1,56.0,0,0.3684210526315789,0.25,0.1728395061728395,0.44047619047619047,0,,,,
F_bin,T3,2010,4,True,0,0,1.0,1,56.0,0,0.10526315789473684,0.0,0.3090909090909091,0.3274336283185841,0,,,,
F_bin,T3,2011,4,True,0,0,1.0,1,59.0,0,0.21052631578947367,0.1875,0.2711864406779661,0.30344827586206896,0,,,,
F_bin,T3,2012,4,True,0,0,1.0,1,59.0,0,0.15789473684210525,0.0625,0.23809523809523808,0.3282442748091603,0,,,,
F_bin,T3,2013,4,True,0,0,1.0,1,47.0,0,0.3157894736842105,0.2777777777777778,0.16666666666666666,0.34,0,,,,
F_bin,T3,2014,4,True,0,0,1.0,1,56.0,0,0.3157894736842105,0.25,0.2153846153846154,0.37209302325581395,0,,,,
F_bin,T3,2015,4,True,0,0,1.0,1,56.0,0,0.3157894736842105,0.1875,0.21311475409836064,0.40186915887850466,0,,,,
F_bin,T3,2016,4,True,0,0,1.0,1,68.0,0,0.10526315789473684,0.05555555555555555,0.2982456140350877,0.3235294117647059,0,,,,
F_bin,T3,2017,4,True,0,0,0.5,1,20.0,0,0.8421052631578947,0.8,0.02727272727272727,0.36363636363636365,0,,,,
F_bin,T3,2018,4,True,0,0,1.0,1,1.0,1,0.3157894736842105,0.23529411764705882,0.18309859154929578,0.3684210526315789,0,,,,
F_bin,T3,2019,4,True,0,0,1.0,1,38.0,0,0.3157894736842105,0.23529411764705882,0.19117647058823528,0.36363636363636365,0,,,,
F_bin,T3,2020,4,True,0,0,1.0,1,65.0,0,0.3157894736842105,0.23529411764705882,0.18840579710144928,0.33093525179856115,0,,,,
F_bin,T3,2021,4,True,0,0,0.25,1,1.0,1,0.42105263157894735,0.26666666666666666,0.2037037037037037,0.5,0,,,,
F_bin,T3,2022,4,True,0,0,1.0,1,1.0,1,0.47368421052631576,0.3333333333333333,0.136986301369863,0.38461538461538464,0,,,,
F_bin,T3,2023,4,True,0,0,1.0,1,65.0,0,0.3157894736842105,0.23529411764705882,0.17567567567567569,0.35,0,,,,
F_bin,T3,2024,4,True,0,0,1.0,1,38.0,0,0.631578947368421,0.5882352941176471,0.07526881720430108,0.390625,0,,,,
F_bin,T3,2025,4,True,0,0,1.0,1,59.0,0,0.3684210526315789,0.25,0.16216216216216217,0.35294117647058826,0,,,,
F_bin,T3,2026,4,True,0,0,0.25,1,1.0,1,0.47368421052631576,0.4117647058823529,0.15625,0.5,0,,,,
F_bin,T3,2027,4,True,0,0,0.0,0,,0,1.0,1.0,0.0,,0,,,,
F_bin,T3,2028,4,True,0,0,1.0,1,9.0,1,0.3157894736842105,0.13333333333333333,0.1794871794871795,0.3333333333333333,0,,,,
F_bin,T3,2029,4,True,0,0,1.0,1,53.0,0,0.3157894736842105,0.1875,0.18292682926829268,0.421875,0,,,,
F_bin,T3,2030,4,True,0,0,1.0,1,32.0,0,0.2631578947368421,0.2222222222222222,0.21875,0.358974358974359,0,,,,
F_bin,T3,2031,4,True,0,0,1.0,1,38.0,0,0.21052631578947367,0.13333333333333333,0.2711864406779661,0.42857142857142855,0,,,,
F_bin,T3,2032,4,True,0,0,1.0,1,3.0,1,0.42105263157894735,0.26666666666666666,0.14473684210526316,0.3548387096774194,0,,,,
F_bin,T3,2033,4,True,0,0,1.0,1,62.0,0,0.21052631578947367,0.11764705882352941,0.23809523809523808,0.4426229508196721,0,,,,
F_bin,T3,2034,4,True,0,0,0.25,1,1.0,1,0.42105263157894735,0.26666666666666666,0.14814814814814814,1.0,0,,,,
F_bin,T3,2035,4,True,0,0,1.0,1,56.0,0,0.47368421052631576,0.4117647058823529,0.1527777777777778,0.37962962962962965,0,,,,
F_bin,T3,2036,4,True,0,0,1.0,1,47.0,0,0.5263157894736842,0.47058823529411764,0.13580246913580246,0.34951456310679613,0,,,,
F_bin,T3,2037,4,True,0,0,0.75,1,44.0,0,0.3157894736842105,0.23529411764705882,0.19117647058823528,0.4,0,,,,
F_bin,T3,2038,4,True,0,0,1.0,1,65.0,0,0.2631578947368421,0.17647058823529413,0.22580645161290322,0.366412213740458,0,,,,
F_bin,T3,2039,4,True,0,0,1.0,1,59.0,0,0.5789473684210527,0.5294117647058824,0.1111111111111111,0.3977272727272727,0,,,,
F_bin,T3,2040,4,True,0,0,1.0,1,59.0,0,0.3157894736842105,0.29411764705882354,0.24193548387096775,0.3867924528301887,0,,,,
F_bin,T3,2041,4,True,0,0,1.0,1,62.0,0,0.2631578947368421,0.17647058823529413,0.3111111111111111,0.42857142857142855,0,,,,
F_bin,T3,2042,4,True,0,0,0.0,0,,0,0.15789473684210525,0.06666666666666667,0.21794871794871795,,0,,,,
F_bin,T3,2043,4,True,0,0,1.0,1,0.0,1,0.15789473684210525,0.11764705882352941,0.3090909090909091,0.3225806451612903,0,,,,
F_bin,T3,2044,4,True,0,0,1.0,1,0.0,1,0.47368421052631576,0.4117647058823529,0.12658227848101267,0.37142857142857144,0,,,,
F_bin,T3,2045,4,True,0,0,0.5,1,2.0,1,0.2631578947368421,0.125,0.2692307692307692,0.6666666666666666,0,,,,
F_bin,T3,2046,4,True,0,0,1.0,1,53.0,0,0.42105263157894735,0.3125,0.16883116883116883,0.3584905660377358,0,,,,
F_bin,T3,2047,4,True,0,0,1.0,1,8.0,1,0.42105263157894735,0.35294117647058826,0.16666666666666666,0.3333333333333333,0,,,,
F_bin,T3,2048,4,True,0,0,1.0,1,35.0,0,0.42105263157894735,0.3125,0.12359550561797752,0.4,0,,,,
F_bin,T3,2049,4,True,0,0,0.75,1,7.0,1,0.3684210526315789,0.25,0.24528301886792453,0.38461538461538464,0,,,,
F_bin,T3,2050,4,True,0,0,1.0,1,62.0,0,0.15789473684210525,0.125,0.2833333333333333,0.40404040404040403,0,,,,
F_bin,T3,2051,4,True,0,0,1.0,1,38.0,0,0.2631578947368421,0.06666666666666667,0.22580645161290322,0.42,0,,,,
F_bin,T3,2052,4,True,0,0,0.25,1,2.0,1,0.5263157894736842,0.4,0.13636363636363635,0.25,0,,,,
F_bin,T3,2053,4,True,0,0,0.25,1,0.0,1,0.3157894736842105,0.25,0.22950819672131148,,0,,,,
F_bin,T3,2054,4,True,0,0,1.0,1,0.0,1,0.3157894736842105,0.23529411764705882,0.2054794520547945,0.36363636363636365,0,,,,
F_bin,T3,2055,4,True,0,0,0.75,1,7.0,1,0.3157894736842105,0.13333333333333333,0.2653061224489796,0.3333333333333333,0,,,,
F_bin,T3,2056,4,True,0,0,1.0,1,35.0,0,0.21052631578947367,0.1875,0.25806451612903225,0.33766233766233766,0,,,,
F_bin,T3,2057,4,True,0,0,1.0,1,65.0,0,0.15789473684210525,0.1111111111111111,0.3103448275862069,0.425531914893617,0,,,,
F_bin,T3,2058,4,True,0,0,1.0,1,65.0,0,0.21052631578947367,0.11764705882352941,0.43243243243243246,0.3958333333333333,0,,,,
F_bin,T3,2059,4,True,0,0,1.0,1,32.0,0,0.47368421052631576,0.3333333333333333,0.14285714285714285,0.41509433962264153,0,,,,
F_bin,T4,2000,4,True,0,0,0.75,1,38.0,0,0.2631578947368421,0.25,0.19230769230769232,0.45454545454545453,0,,,,
F_bin,T4,2001,4,True,0,0,0.75,1,59.0,0,0.3157894736842105,0.23529411764705882,0.2222222222222222,0.391304347826087,0,,,,
F_bin,T4,2002,4,True,0,0,0.5,1,35.0,0,0.5263157894736842,0.5,0.07954545454545454,0.5,0,,,,
F_bin,T4,2003,4,True,0,0,1.0,1,3.0,1,0.21052631578947367,0.11764705882352941,0.23529411764705882,0.42857142857142855,0,,,,
F_bin,T4,2004,4,True,0,0,0.75,1,38.0,0,0.3157894736842105,0.2,0.2,0.25,0,,,,
F_bin,T4,2005,4,True,0,0,0.75,1,47.0,0,0.3157894736842105,0.13333333333333333,0.19718309859154928,0.5,0,,,,
F_bin,T4,2006,4,True,0,0,0.75,1,41.0,0,0.21052631578947367,0.125,0.25,0.2,0,,,,
F_bin,T4,2007,4,True,0,0,1.0,1,59.0,0,0.3157894736842105,0.1875,0.25,0.375,0,,,,
F_bin,T4,2008,4,True,0,0,1.0,1,56.0,0,0.05263157894736842,0.0625,0.2962962962962963,0.4444444444444444,0,,,,
F_bin,T4,2009,4,True,0,0,0.75,1,56.0,0,0.3684210526315789,0.25,0.1728395061728395,0.38461538461538464,0,,,,
F_bin,T4,2010,4,True,0,0,1.0,1,56.0,0,0.10526315789473684,0.0,0.3090909090909091,0.2692307692307692,0,,,,
F_bin,T4,2011,4,True,0,0,0.75,1,38.0,0,0.21052631578947367,0.1875,0.25862068965517243,0.5333333333333333,0,,,,
F_bin,T4,2012,4,True,0,0,1.0,1,59.0,0,0.15789473684210525,0.0625,0.21311475409836064,0.47058823529411764,0,,,,
F_bin,T4,2013,4,True,0,0,1.0,1,53.0,0,0.3157894736842105,0.2777777777777778,0.15584415584415584,0.34615384615384615,0,,,,
F_bin,T4,2014,4,True,0,0,1.0,1,56.0,0,0.3157894736842105,0.25,0.19047619047619047,0.45,0,,,,
F_bin,T4,2015,4,True,0,0,0.75,1,53.0,0,0.3157894736842105,0.1875,0.125,0.42424242424242425,0,,,,
F_bin,T4,2016,4,True,0,0,1.0,1,47.0,0,0.10526315789473684,0.05555555555555555,0.2857142857142857,0.35,0,,,,
F_bin,T4,2017,4,True,0,0,1.0,1,44.0,0,0.7368421052631579,0.6666666666666666,0.05102040816326531,0.3181818181818182,0,,,,
F_bin,T4,2018,4,True,0,0,1.0,1,59.0,0,0.42105263157894735,0.35294117647058826,0.12162162162162163,0.38095238095238093,0,,,,
F_bin,T4,2019,4,True,0,0,1.0,1,38.0,0,0.3157894736842105,0.23529411764705882,0.1791044776119403,0.35,0,,,,
F_bin,T4,2020,4,True,0,0,1.0,1,65.0,0,0.3157894736842105,0.23529411764705882,0.2,0.3870967741935484,0,,,,
F_bin,T4,2021,4,True,0,0,1.0,1,59.0,0,0.47368421052631576,0.3333333333333333,0.13513513513513514,0.3125,0,,,,
F_bin,T4,2022,4,True,0,0,1.0,1,50.0,0,0.47368421052631576,0.3333333333333333,0.07352941176470588,0.45454545454545453,0,,,,
F_bin,T4,2023,4,True,0,0,0.75,1,59.0,0,0.3684210526315789,0.29411764705882354,0.23076923076923078,0.18181818181818182,0,,,,
F_bin,T4,2024,4,True,0,0,1.0,1,38.0,0,0.6842105263157895,0.6470588235294118,0.05319148936170213,0.2631578947368421,0,,,,
F_bin,T4,2025,4,True,0,0,1.0,1,59.0,0,0.3684210526315789,0.25,0.16216216216216217,0.23529411764705882,0,,,,
F_bin,T4,2026,4,True,0,0,1.0,1,50.0,0,0.631578947368421,0.5882352941176471,0.06862745098039216,0.3684210526315789,0,,,,
F_bin,T4,2027,4,True,0,0,0.0,0,,0,1.0,1.0,0.0,,0,,,,
F_bin,T4,2028,4,True,0,0,0.75,1,59.0,0,0.42105263157894735,0.26666666666666666,0.1038961038961039,0.6,0,,,,
F_bin,T4,2029,4,True,0,0,1.0,1,53.0,0,0.5789473684210527,0.5,0.08888888888888889,0.42857142857142855,0,,,,
F_bin,T4,2030,4,True,0,0,0.5,1,32.0,0,0.2631578947368421,0.2222222222222222,0.21875,0.4,0,,,,
F_bin,T4,2031,4,True,0,0,0.75,1,38.0,0,0.21052631578947367,0.13333333333333333,0.25862068965517243,0.38461538461538464,0,,,,
F_bin,T4,2032,4,True,0,0,1.0,1,3.0,1,0.42105263157894735,0.26666666666666666,0.12162162162162163,0.25,0,,,,
F_bin,T4,2033,4,True,0,0,0.0,0,,0,0.21052631578947367,0.11764705882352941,0.23809523809523808,,0,,,,
F_bin,T4,2034,4,True,0,0,1.0,1,56.0,0,0.3157894736842105,0.13333333333333333,0.17857142857142858,0.38461538461538464,0,,,,
F_bin,T4,2035,4,True,0,0,0.75,1,56.0,0,0.47368421052631576,0.4117647058823529,0.11594202898550725,0.47619047619047616,0,,,,
F_bin,T4,2036,4,True,0,0,1.0,1,47.0,0,0.5263157894736842,0.47058823529411764,0.10256410256410256,0.4583333333333333,0,,,,
F_bin,T4,2037,4,True,0,0,0.5,1,47.0,0,0.3157894736842105,0.23529411764705882,0.140625,0.6666666666666666,0,,,,
F_bin,T4,2038,4,True,0,0,1.0,1,65.0,0,0.2631578947368421,0.17647058823529413,0.21311475409836064,0.3333333333333333,0,,,,
F_bin,T4,2039,4,True,0,0,0.25,1,0.0,1,0.8421052631578947,0.8235294117647058,0.0380952380952381,,0,,,,
F_bin,T4,2040,4,True,0,0,1.0,1,59.0,0,0.3157894736842105,0.29411764705882354,0.21666666666666667,0.375,0,,,,
F_bin,T4,2041,4,True,0,0,1.0,1,62.0,0,0.3157894736842105,0.23529411764705882,0.12857142857142856,0.4666666666666667,0,,,,
F_bin,T4,2042,4,True,0,0,1.0,1,47.0,0,0.15789473684210525,0.06666666666666667,0.2077922077922078,0.36,0,,,,
F_bin,T4,2043,4,True,0,0,0.25,1,35.0,0,0.15789473684210525,0.11764705882352941,0.3090909090909091,0.3333333333333333,0,,,,
F_bin,T4,2044,4,True,0,0,0.5,1,38.0,0,0.47368421052631576,0.4117647058823529,0.12658227848101267,0.5,0,,,,
F_bin,T4,2045,4,True,0,0,0.75,1,3.0,1,0.3684210526315789,0.25,0.14814814814814814,0.25,0,,,,
F_bin,T4,2046,4,True,0,0,0.75,1,53.0,0,0.42105263157894735,0.3125,0.14666666666666667,0.4,0,,,,
F_bin,T4,2047,4,True,0,0,0.5,1,15.0,1,0.631578947368421,0.5882352941176471,0.07291666666666667,0.25,0,,,,
F_bin,T4,2048,4,True,0,0,1.0,1,35.0,0,0.42105263157894735,0.3125,0.11363636363636363,0.3,0,,,,
F_bin,T4,2049,4,True,0,0,1.0,1,56.0,0,0.5789473684210527,0.5,0.08888888888888889,0.23529411764705882,0,,,,
F_bin,T4,2050,4,True,0,0,0.25,1,0.0,1,0.15789473684210525,0.125,0.23214285714285715,1.0,0,,,,
F_bin,T4,2051,4,True,0,0,1.0,1,38.0,0,0.2631578947368421,0.06666666666666667,0.22580645161290322,0.3,0,,,,
F_bin,T4,2052,4,True,0,0,0.0,0,,0,0.7368421052631579,0.6666666666666666,0.061224489795918366,,0,,,,
F_bin,T4,2053,4,True,0,0,1.0,1,59.0,0,0.3157894736842105,0.25,0.21666666666666667,0.44,0,,,,
F_bin,T4,2054,4,True,0,0,1.0,1,59.0,0,0.3157894736842105,0.23529411764705882,0.19444444444444445,0.3793103448275862,0,,,,
F_bin,T4,2055,4,True,0,0,1.0,1,56.0,0,0.42105263157894735,0.26666666666666666,0.14285714285714285,0.16666666666666666,0,,,,
F_bin,T4,2056,4,True,0,0,1.0,1,35.0,0,0.21052631578947367,0.1875,0.2459016393442623,0.3684210526315789,0,,,,
F_bin,T4,2057,4,True,0,0,1.0,1,65.0,0,0.2631578947368421,0.2222222222222222,0.21311475409836064,0.3684210526315789,0,,,,
F_bin,T4,2058,4,True,0,0,1.0,1,65.0,0,0.21052631578947367,0.11764705882352941,0.3142857142857143,0.43333333333333335,0,,,,
F_bin,T4,2059,4,True,0,0,0.5,1,44.0,0,0.47368421052631576,0.3333333333333333,0.11764705882352941,0.5555555555555556,0,,,,
F_bin,T5,2000,4,True,0,0,1.0,1,38.0,0,0.2631578947368421,0.25,0.19230769230769232,0.33653846153846156,0,,,,
F_bin,T5,2001,4,True,0,0,0.0,0,,0,0.2631578947368421,0.17647058823529413,0.2545454545454545,0.5,0,,,,
F_bin,T5,2002,4,True,0,0,0.0,0,,0,0.5263157894736842,0.5,0.1,0.5,0,,,,
F_bin,T5,2003,4,True,0,0,1.0,1,44.0,0,0.21052631578947367,0.11764705882352941,0.2777777777777778,0.3888888888888889,0,,,,
F_bin,T5,2004,4,True,0,0,0.0,0,,0,0.3157894736842105,0.2,0.2,0.3972602739726027,0,,,,
F_bin,T5,2005,4,True,0,0,0.0,0,,0,0.3157894736842105,0.13333333333333333,0.208955223880597,0.5,0,,,,
F_bin,T5,2006,4,True,0,0,1.0,1,38.0,0,0.21052631578947367,0.125,0.25,0.3595505617977528,0,,,,
F_bin,T5,2007,4,True,0,0,1.0,1,0.0,1,0.21052631578947367,0.0625,0.2698412698412698,0.48148148148148145,0,,,,
F_bin,T5,2008,4,True,0,0,0.0,0,,0,0.05263157894736842,0.0625,0.3090909090909091,0.3706896551724138,0,,,,
F_bin,T5,2009,4,True,0,0,0.5,1,17.0,0,0.3684210526315789,0.25,0.1728395061728395,0.40425531914893614,0,,,,
F_bin,T5,2010,4,True,0,0,0.0,0,,0,0.10526315789473684,0.0,0.3090909090909091,0.42528735632183906,0,,,,
F_bin,T5,2011,4,True,0,0,0.0,0,,0,0.21052631578947367,0.1875,0.2833333333333333,0.4077669902912621,0,,,,
F_bin,T5,2012,4,True,0,0,0.0,0,,0,0.15789473684210525,0.0625,0.22580645161290322,0.4090909090909091,0,,,,
F_bin,T5,2013,4,True,0,0,1.0,1,47.0,0,0.3157894736842105,0.2777777777777778,0.16666666666666666,0.3490566037735849,0,,,,
F_bin,T5,2014,4,True,0,0,0.75,1,17.0,0,0.3157894736842105,0.25,0.203125,0.39823008849557523,0,,,,
F_bin,T5,2015,4,True,0,0,0.0,0,,0,0.47368421052631576,0.375,0.13513513513513514,0.5,0,,,,
F_bin,T5,2016,4,True,0,0,1.0,1,23.0,0,0.10526315789473684,0.05555555555555555,0.2982456140350877,0.4215686274509804,0,,,,
F_bin,T5,2017,4,True,0,0,0.0,0,,0,0.5789473684210527,0.4666666666666667,0.10588235294117647,0.449438202247191,0,,,,
F_bin,T5,2018,4,True,0,0,0.0,0,,0,0.2631578947368421,0.17647058823529413,0.25925925925925924,0.75,0,,,,
F_bin,T5,2019,4,True,0,0,1.0,1,29.0,0,0.3157894736842105,0.23529411764705882,0.19117647058823528,0.3950617283950617,0,,,,
F_bin,T5,2020,4,True,0,0,0.25,1,0.0,1,0.3157894736842105,0.23529411764705882,0.18840579710144928,0.3984375,0,,,,
F_bin,T5,2021,4,True,0,0,0.0,0,,0,0.2631578947368421,0.06666666666666667,0.32558139534883723,0.75,0,,,,
F_bin,T5,2022,4,True,0,0,0.0,0,,0,0.47368421052631576,0.3333333333333333,0.136986301369863,0.515625,0,,,,
F_bin,T5,2023,4,True,0,0,0.0,0,,0,0.21052631578947367,0.11764705882352941,0.40540540540540543,0.5,0,,,,
F_bin,T5,2024,4,True,0,0,0.0,0,,0,0.2631578947368421,0.17647058823529413,0.2857142857142857,0.6666666666666666,0,,,,
F_bin,T5,2025,4,True,0,0,0.5,1,17.0,0,0.3684210526315789,0.25,0.16216216216216217,0.44554455445544555,0,,,,
F_bin,T5,2026,4,True,0,0,0.0,0,,0,0.42105263157894735,0.35294117647058826,0.1774193548387097,0.6,0,,,,
F_bin,T5,2027,4,True,0,0,0.0,0,,0,0.5263157894736842,0.4375,0.06666666666666667,0.3333333333333333,0,,,,
F_bin,T5,2028,4,True,0,0,0.0,0,,0,0.2631578947368421,0.06666666666666667,0.20270270270270271,0.5166666666666667,0,,,,
F_bin,T5,2029,4,True,0,0,1.0,1,32.0,0,0.5263157894736842,0.4375,0.12643678160919541,0.375,0,,,,
F_bin,T5,2030,4,True,0,0,0.0,0,,0,0.2631578947368421,0.2222222222222222,0.21875,0.4444444444444444,0,,,,
F_bin,T5,2031,4,True,0,0,1.0,1,38.0,0,0.21052631578947367,0.13333333333333333,0.2711864406779661,0.40625,0,,,,
F_bin,T5,2032,4,True,0,0,0.0,0,,0,0.3684210526315789,0.2,0.21818181818181817,0.6666666666666666,0,,,,
F_bin,T5,2033,4,True,0,0,0.0,0,,0,0.21052631578947367,0.11764705882352941,0.23809523809523808,0.5,0,,,,
F_bin,T5,2034,4,True,0,0,0.0,0,,0,0.42105263157894735,0.26666666666666666,0.12658227848101267,0.3879310344827586,0,,,,
F_bin,T5,2035,4,True,0,0,0.0,0,,0,0.2631578947368421,0.17647058823529413,0.3333333333333333,0.5,0,,,,
F_bin,T5,2036,4,True,0,0,0.0,0,,0,0.47368421052631576,0.4117647058823529,0.12987012987012986,0.391304347826087,0,,,,
F_bin,T5,2037,4,True,0,0,0.75,1,44.0,0,0.3157894736842105,0.23529411764705882,0.19117647058823528,0.41818181818181815,0,,,,
F_bin,T5,2038,4,True,0,0,0.75,1,0.0,1,0.2631578947368421,0.17647058823529413,0.22580645161290322,0.43119266055045874,0,,,,
F_bin,T5,2039,4,True,0,0,0.0,0,,0,0.5789473684210527,0.5294117647058824,0.0963855421686747,0.3546099290780142,0,,,,
F_bin,T5,2040,4,True,0,0,1.0,1,44.0,0,0.3157894736842105,0.29411764705882354,0.24193548387096775,0.38461538461538464,0,,,,
F_bin,T5,2041,4,True,0,0,0.0,0,,0,0.2631578947368421,0.17647058823529413,0.3111111111111111,0.6666666666666666,0,,,,
F_bin,T5,2042,4,True,0,0,0.0,0,,0,0.15789473684210525,0.06666666666666667,0.21794871794871795,0.4,0,,,,
F_bin,T5,2043,4,True,0,0,0.0,0,,0,0.15789473684210525,0.11764705882352941,0.3090909090909091,0.5,0,,,,
F_bin,T5,2044,4,True,0,0,0.0,0,,0,0.3684210526315789,0.29411764705882354,0.2222222222222222,0.75,0,,,,
F_bin,T5,2045,4,True,0,0,0.0,0,,0,0.3684210526315789,0.25,0.21052631578947367,0.5,0,,,,
F_bin,T5,2046,4,True,0,0,0.0,0,,0,0.42105263157894735,0.3125,0.16883116883116883,0.4105263157894737,0,,,,
F_bin,T5,2047,4,True,0,0,0.0,0,,0,0.3684210526315789,0.29411764705882354,0.21428571428571427,0.5,0,,,,
F_bin,T5,2048,4,True,0,0,1.0,1,35.0,0,0.42105263157894735,0.3125,0.12359550561797752,0.4146341463414634,0,,,,
F_bin,T5,2049,4,True,0,0,0.0,0,,0,0.3684210526315789,0.25,0.22641509433962265,0.5,0,,,,
F_bin,T5,2050,4,True,0,0,0.75,1,17.0,0,0.15789473684210525,0.125,0.2833333333333333,0.4368932038834951,0,,,,
F_bin,T5,2051,4,True,0,0,1.0,1,38.0,0,0.2631578947368421,0.06666666666666667,0.22580645161290322,0.42,0,,,,
F_bin,T5,2052,4,True,0,0,0.0,0,,0,0.5263157894736842,0.4,0.13636363636363635,0.5,0,,,,
F_bin,T5,2053,4,True,0,0,0.0,0,,0,0.3157894736842105,0.25,0.22950819672131148,0.4339622641509434,0,,,,
F_bin,T5,2054,4,True,0,0,0.0,0,,0,0.3157894736842105,0.23529411764705882,0.19444444444444445,0.3949579831932773,0,,,,
F_bin,T5,2055,4,True,0,0,0.0,0,,0,0.3157894736842105,0.13333333333333333,0.2653061224489796,0.6666666666666666,0,,,,
F_bin,T5,2056,4,True,0,0,0.0,0,,0,0.21052631578947367,0.1875,0.25806451612903225,0.4117647058823529,0,,,,
F_bin,T5,2057,4,True,0,0,0.0,0,,0,0.15789473684210525,0.1111111111111111,0.42105263157894735,0.5,0,,,,
F_bin,T5,2058,4,True,0,0,0.0,0,,0,0.3157894736842105,0.23529411764705882,0.30952380952380953,0.5,0,,,,
F_bin,T5,2059,4,True,0,0,0.0,0,,0,0.47368421052631576,0.3333333333333333,0.14285714285714285,0.5,0,,,,
F,none,2000,4,True,0,0,0.0,0,,0,0.7894736842105263,0.8125,0.028368794326241134,,0,,,,
F,none,2001,4,True,0,0,0.0,0,,0,0.8421052631578947,0.8235294117647058,0.02912621359223301,,0,,,,
F,none,2002,4,True,0,0,0.0,0,,0,0.8947368421052632,0.8888888888888888,0.018018018018018018,,0,,,,
F,none,2003,4,True,0,0,0.0,0,,0,0.9473684210526315,0.9411764705882353,0.009259259259259259,,0,,,,
F,none,2004,4,True,0,0,0.0,0,,0,0.8421052631578947,0.8666666666666667,0.029411764705882353,,0,,,,
F,none,2005,4,True,0,0,0.0,0,,0,0.9473684210526315,0.9333333333333333,0.022388059701492536,,0,,,,
F,none,2006,4,True,0,0,0.0,0,,0,0.8421052631578947,0.875,0.037383177570093455,,0,,,,
F,none,2007,4,True,0,0,0.0,0,,0,0.8421052631578947,0.8125,0.026785714285714284,,0,,,,
F,none,2008,4,True,0,0,0.0,0,,0,0.6842105263157895,0.75,0.057692307692307696,,0,,,,
F,none,2009,4,True,0,0,0.0,0,,0,0.9473684210526315,0.9375,0.008064516129032258,,0,,,,
F,none,2010,4,True,0,0,0.0,0,,0,0.7894736842105263,0.8125,0.03773584905660377,,0,,,,
F,none,2011,4,True,0,0,0.0,0,,0,0.7894736842105263,0.875,0.03333333333333333,,0,,,,
F,none,2012,4,True,0,0,0.0,0,,0,0.7368421052631579,0.75,0.044642857142857144,,0,,,,
F,none,2013,4,True,0,0,0.0,0,,0,0.8421052631578947,0.8333333333333334,0.02654867256637168,,0,,,,
F,none,2014,4,True,0,0,0.0,0,,0,0.8421052631578947,0.875,0.02702702702702703,,0,,,,
F,none,2015,4,True,0,0,0.0,0,,0,0.8947368421052632,0.875,0.015748031496062992,,0,,,,
F,none,2016,4,True,0,0,0.0,0,,0,0.7894736842105263,0.7777777777777778,0.03571428571428571,,0,,,,
F,none,2017,4,True,0,0,0.0,0,,0,0.9473684210526315,0.9333333333333333,0.008547008547008548,,0,,,,
F,none,2018,4,True,0,0,0.0,0,,0,1.0,1.0,0.0,,0,,,,
F,none,2019,4,True,0,0,0.0,0,,0,0.8947368421052632,0.8823529411764706,0.016260162601626018,,0,,,,
F,none,2020,4,True,0,0,0.0,0,,0,0.8947368421052632,0.8823529411764706,0.015503875968992248,,0,,,,
F,none,2021,4,True,0,0,0.0,0,,0,0.9473684210526315,0.9333333333333333,0.017543859649122806,,0,,,,
F,none,2022,4,True,0,0,0.0,0,,0,1.0,1.0,0.0,,0,,,,
F,none,2023,4,True,0,0,0.0,0,,0,0.8947368421052632,0.8823529411764706,0.015267175572519083,,0,,,,
F,none,2024,4,True,0,0,0.0,0,,0,1.0,1.0,0.0,,0,,,,
F,none,2025,4,True,0,0,0.0,0,,0,0.8947368421052632,0.875,0.018867924528301886,,0,,,,
F,none,2026,4,True,0,0,0.0,0,,0,0.9473684210526315,0.9411764705882353,0.007518796992481203,,0,,,,
F,none,2027,4,True,0,0,0.0,0,,0,1.0,1.0,0.0,,0,,,,
F,none,2028,4,True,0,0,0.0,0,,0,0.9473684210526315,0.9333333333333333,0.008403361344537815,,0,,,,
F,none,2029,4,True,0,0,0.0,0,,0,1.0,1.0,0.0,,0,,,,
F,none,2030,4,True,0,0,0.0,0,,0,0.8947368421052632,0.8888888888888888,0.0196078431372549,,0,,,,
F,none,2031,4,True,0,0,0.0,0,,0,0.8421052631578947,0.9333333333333333,0.024,,0,,,,
F,none,2032,4,True,0,0,0.0,0,,0,0.8421052631578947,0.8,0.028037383177570093,,0,,,,
F,none,2033,4,True,0,0,0.0,0,,0,0.7368421052631579,0.7058823529411765,0.047619047619047616,,0,,,,
F,none,2034,4,True,0,0,0.0,0,,0,0.9473684210526315,0.9333333333333333,0.008620689655172414,,0,,,,
F,none,2035,4,True,0,0,0.0,0,,0,0.8421052631578947,0.8235294117647058,0.02702702702702703,,0,,,,
F,none,2036,4,True,0,0,0.0,0,,0,0.8947368421052632,0.8823529411764706,0.017699115044247787,,0,,,,
F,none,2037,4,True,0,0,0.0,0,,0,0.8947368421052632,0.8823529411764706,0.017391304347826087,,0,,,,
F,none,2038,4,True,0,0,0.0,0,,0,0.8947368421052632,0.8823529411764706,0.015625,,0,,,,
F,none,2039,4,True,0,0,0.0,0,,0,0.9473684210526315,0.9411764705882353,0.00847457627118644,,0,,,,
F,none,2040,4,True,0,0,0.0,0,,0,0.8421052631578947,0.8823529411764706,0.0297029702970297,,0,,,,
F,none,2041,4,True,0,0,0.0,0,,0,0.8421052631578947,0.8235294117647058,0.027777777777777776,,0,,,,
F,none,2042,4,True,0,0,0.0,0,,0,0.7894736842105263,0.8666666666666667,0.030303030303030304,,0,,,,
F,none,2043,4,True,0,0,0.0,0,,0,0.9473684210526315,1.0,0.009174311926605505,,0,,,,
F,none,2044,4,True,0,0,0.0,0,,0,0.7894736842105263,0.7647058823529411,0.03571428571428571,,0,,,,
F,none,2045,4,True,0,0,0.0,0,,0,0.8947368421052632,0.875,0.01694915254237288,,0,,,,
F,none,2046,4,True,0,0,0.0,0,,0,0.8947368421052632,0.875,0.01680672268907563,,0,,,,
F,none,2047,4,True,0,0,0.0,0,,0,1.0,1.0,0.0,,0,,,,
F,none,2048,4,True,0,0,0.0,0,,0,0.8947368421052632,0.875,0.015267175572519083,,0,,,,
F,none,2049,4,True,0,0,0.0,0,,0,0.8947368421052632,0.875,0.01680672268907563,,0,,,,
F,none,2050,4,True,0,0,0.0,0,,0,0.7894736842105263,0.8125,0.046296296296296294,,0,,,,
F,none,2051,4,True,0,0,0.0,0,,0,0.9473684210526315,0.9333333333333333,0.008849557522123894,,0,,,,
F,none,2052,4,True,0,0,0.0,0,,0,0.9473684210526315,0.9333333333333333,0.016129032258064516,,0,,,,
F,none,2053,4,True,0,0,0.0,0,,0,0.8947368421052632,0.9375,0.018867924528301886,,0,,,,
F,none,2054,4,True,0,0,0.0,0,,0,0.6842105263157895,0.6470588235294118,0.05660377358490566,,0,,,,
F,none,2055,4,True,0,0,0.0,0,,0,0.8947368421052632,0.8666666666666667,0.020833333333333332,,0,,,,
F,none,2056,4,True,0,0,0.0,0,,0,0.8947368421052632,0.9375,0.016129032258064516,,0,,,,
F,none,2057,4,True,0,0,0.0,0,,0,0.8421052631578947,0.8333333333333334,0.04310344827586207,,0,,,,
F,none,2058,4,True,0,0,0.0,0,,0,1.0,1.0,0.0,,0,,,,
F,none,2059,4,True,0,0,0.0,0,,0,0.8947368421052632,0.8666666666666667,0.01904761904761905,,0,,,,
F,T1,2000,4,True,0,0,0.25,1,5.0,1,0.5263157894736842,0.5,0.08571428571428572,0.75,0,,,,
F,T1,2001,4,True,0,0,0.5,1,2.0,1,0.3157894736842105,0.23529411764705882,0.2708333333333333,0.7,0,,,,
F,T1,2002,4,True,0,0,0.75,1,8.0,1,0.5789473684210527,0.5555555555555556,0.08888888888888889,0.5263157894736842,0,,,,
F,T1,2003,4,True,0,0,0.75,1,7.0,1,0.15789473684210525,0.058823529411764705,0.5161290322580645,0.4827586206896552,0,,,,
F,T1,2004,4,True,0,0,1.0,1,9.0,1,0.5263157894736842,0.4666666666666667,0.125,0.4186046511627907,0,,,,
F,T1,2005,4,True,0,0,0.75,1,9.0,1,0.47368421052631576,0.3333333333333333,0.14666666666666667,0.5263157894736842,0,,,,
F,T1,2006,4,True,0,0,0.75,1,7.0,1,0.5263157894736842,0.5,0.13333333333333333,0.5263157894736842,0,,,,
F,T1,2007,4,True,0,0,1.0,1,17.0,1,0.3157894736842105,0.1875,0.3023255813953488,0.5135135135135135,0,,,,
F,T1,2008,4,True,0,0,0.75,1,13.0,1,0.3157894736842105,0.3125,0.23214285714285715,0.5238095238095238,0,,,,
F,T1,2009,4,True,0,0,0.75,1,13.0,1,0.3684210526315789,0.25,0.22413793103448276,0.5789473684210527,0,,,,
F,T1,2010,4,True,0,0,0.5,1,8.0,1,0.42105263157894735,0.375,0.21568627450980393,0.6666666666666666,0,,,,
F,T1,2011,4,True,0,0,1.0,1,20.0,1,0.15789473684210525,0.125,0.35555555555555557,0.4339622641509434,0,,,,
F,T1,2012,4,True,0,0,1.0,1,15.0,1,0.2631578947368421,0.1875,0.3333333333333333,0.5151515151515151,0,,,,
F,T1,2013,4,True,0,0,0.25,1,4.0,1,0.3684210526315789,0.3333333333333333,0.1875,0.6,0,,,,
F,T1,2014,4,True,0,0,0.75,1,10.0,1,0.2631578947368421,0.1875,0.2857142857142857,0.5714285714285714,0,,,,
F,T1,2015,4,True,0,0,1.0,1,10.0,1,0.3157894736842105,0.1875,0.20634920634920634,0.45,0,,,,
F,T1,2016,4,True,0,0,0.75,1,5.0,1,0.15789473684210525,0.1111111111111111,0.4857142857142857,0.5789473684210527,0,,,,
F,T1,2017,4,True,0,0,0.75,1,10.0,1,0.5263157894736842,0.4,0.12658227848101267,0.45,0,,,,
F,T1,2018,4,True,0,0,1.0,1,20.0,1,0.42105263157894735,0.35294117647058826,0.15492957746478872,0.43333333333333335,0,,,,
F,T1,2019,4,True,0,0,1.0,1,13.0,1,0.631578947368421,0.5882352941176471,0.08433734939759036,0.5,0,,,,
F,T1,2020,4,True,0,0,1.0,1,17.0,1,0.15789473684210525,0.058823529411764705,0.40476190476190477,0.47058823529411764,0,,,,
F,T1,2021,4,True,0,0,1.0,1,15.0,1,0.2631578947368421,0.06666666666666667,0.32558139534883723,0.4444444444444444,0,,,,
F,T1,2022,4,True,0,0,1.0,1,22.0,1,0.5263157894736842,0.4,0.11842105263157894,0.45454545454545453,0,,,,
F,T1,2023,4,True,0,0,1.0,1,16.0,1,0.2631578947368421,0.17647058823529413,0.32558139534883723,0.5185185185185185,0,,,,
F,T1,2024,4,True,0,0,1.0,1,5.0,1,0.631578947368421,0.5882352941176471,0.08791208791208792,0.40540540540540543,0,,,,
F,T1,2025,4,True,0,0,0.75,1,4.0,1,0.2631578947368421,0.125,0.2692307692307692,0.6,0,,,,
F,T1,2026,4,True,0,0,1.0,1,10.0,1,0.42105263157894735,0.35294117647058826,0.1774193548387097,0.4642857142857143,0,,,,
F,T1,2027,4,True,0,0,0.0,0,,0,1.0,1.0,0.0,,0,,,,
F,T1,2028,4,True,0,0,1.0,1,21.0,1,0.3157894736842105,0.13333333333333333,0.2222222222222222,0.475,0,,,,
F,T1,2029,4,True,0,0,1.0,1,11.0,1,0.42105263157894735,0.3125,0.18461538461538463,0.5416666666666666,0,,,,
F,T1,2030,4,True,0,0,1.0,1,16.0,1,0.6842105263157895,0.6666666666666666,0.06896551724137931,0.4857142857142857,0,,,,
F,T1,2031,4,True,0,0,0.75,1,2.0,1,0.47368421052631576,0.4666666666666667,0.11363636363636363,0.5555555555555556,0,,,,
F,T1,2032,4,True,0,0,1.0,1,4.0,1,0.3684210526315789,0.2,0.19672131147540983,0.5416666666666666,0,,,,
F,T1,2033,4,True,0,0,0.0,0,,0,0.7368421052631579,0.7058823529411765,0.047619047619047616,,0,,,,
F,T1,2034,4,True,0,0,0.5,1,2.0,1,0.3684210526315789,0.2,0.19696969696969696,0.6428571428571429,0,,,,
F,T1,2035,4,True,0,0,1.0,1,23.0,1,0.3157894736842105,0.23529411764705882,0.20634920634920634,0.4146341463414634,0,,,,
F,T1,2036,4,True,0,0,1.0,1,11.0,1,0.47368421052631576,0.4117647058823529,0.17391304347826086,0.46808510638297873,0,,,,
F,T1,2037,4,True,0,0,0.5,1,4.0,1,0.47368421052631576,0.4117647058823529,0.13157894736842105,0.8571428571428571,0,,,,
F,T1,2038,4,True,0,0,1.0,1,14.0,1,0.10526315789473684,0.0,0.5666666666666667,0.4666666666666667,0,,,,
F,T1,2039,4,True,0,0,0.75,1,12.0,1,0.3157894736842105,0.23529411764705882,0.25,0.5789473684210527,0,,,,
F,T1,2040,4,True,0,0,1.0,1,16.0,1,0.2631578947368421,0.23529411764705882,0.30434782608695654,0.5172413793103449,0,,,,
F,T1,2041,4,True,0,0,1.0,1,15.0,1,0.2631578947368421,0.17647058823529413,0.3111111111111111,0.5454545454545454,0,,,,
F,T1,2042,4,True,0,0,0.0,0,,0,0.7894736842105263,0.8666666666666667,0.030303030303030304,,0,,,,
F,T1,2043,4,True,0,0,1.0,1,13.0,1,0.42105263157894735,0.4117647058823529,0.18032786885245902,0.4722222222222222,0,,,,
F,T1,2044,4,True,0,0,1.0,1,6.0,1,0.5263157894736842,0.47058823529411764,0.11538461538461539,0.45161290322580644,0,,,,
F,T1,2045,4,True,0,0,0.5,1,2.0,1,0.3684210526315789,0.25,0.15853658536585366,0.6,0,,,,
F,T1,2046,4,True,0,0,1.0,1,18.0,1,0.3684210526315789,0.25,0.22413793103448276,0.4339622641509434,0,,,,
F,T1,2047,4,True,0,0,1.0,1,9.0,1,0.47368421052631576,0.4117647058823529,0.15714285714285714,0.45161290322580644,0,,,,
F,T1,2048,4,True,0,0,1.0,1,11.0,1,0.6842105263157895,0.625,0.05309734513274336,0.5,0,,,,
F,T1,2049,4,True,0,0,0.75,1,5.0,1,0.3684210526315789,0.25,0.21818181818181817,0.5625,0,,,,
F,T1,2050,4,True,0,0,0.5,1,3.0,1,0.3684210526315789,0.3125,0.20689655172413793,0.5833333333333334,0,,,,
F,T1,2051,4,True,0,0,0.5,1,5.0,1,0.5789473684210527,0.4666666666666667,0.0963855421686747,0.6666666666666666,0,,,,
F,T1,2052,4,True,0,0,0.75,1,4.0,1,0.47368421052631576,0.3333333333333333,0.14925373134328357,0.5555555555555556,0,,,,
F,T1,2053,4,True,0,0,0.5,1,3.0,1,0.21052631578947367,0.125,0.42857142857142855,0.6666666666666666,0,,,,
F,T1,2054,4,True,0,0,0.75,1,10.0,1,0.2631578947368421,0.17647058823529413,0.27450980392156865,0.5454545454545454,0,,,,
F,T1,2055,4,True,0,0,1.0,1,20.0,1,0.3684210526315789,0.2,0.22413793103448276,0.4857142857142857,0,,,,
F,T1,2056,4,True,0,0,1.0,1,15.0,1,0.6842105263157895,0.6875,0.0594059405940594,0.5217391304347826,0,,,,
F,T1,2057,4,True,0,0,0.75,1,8.0,1,0.15789473684210525,0.1111111111111111,0.5333333333333333,0.5625,0,,,,
F,T1,2058,4,True,0,0,1.0,1,12.0,1,0.21052631578947367,0.11764705882352941,0.42857142857142855,0.4827586206896552,0,,,,
F,T1,2059,4,True,0,0,0.25,1,5.0,1,0.6842105263157895,0.6,0.08333333333333333,0.5,0,,,,
F,T2,2000,4,True,0,0,0.0,0,,0,0.7894736842105263,0.8125,0.028368794326241134,,0,,,,
F,T2,2001,4,True,0,0,0.0,0,,0,0.8421052631578947,0.8235294117647058,0.02912621359223301,,0,,,,
F,T2,2002,4,True,0,0,0.0,0,,0,0.8947368421052632,0.8888888888888888,0.018018018018018018,,0,,,,
F,T2,2003,4,True,0,0,0.0,0,,0,0.7894736842105263,0.7647058823529411,0.018867924528301886,1.0,0,,,,
F,T2,2004,4,True,0,0,0.0,0,,0,0.7894736842105263,0.8,0.0297029702970297,1.0,0,,,,
F,T2,2005,4,True,0,0,0.0,0,,0,0.8947368421052632,0.8666666666666667,0.022556390977443608,1.0,0,,,,
F,T2,2006,4,True,0,0,0.0,0,,0,0.5789473684210527,0.5625,0.06666666666666667,1.0,0,,,,
F,T2,2007,4,True,0,0,0.0,0,,0,0.7894736842105263,0.75,0.02702702702702703,1.0,0,,,,
F,T2,2008,4,True,0,0,0.0,0,,0,0.631578947368421,0.6875,0.05825242718446602,1.0,0,,,,
F,T2,2009,4,True,0,0,0.0,0,,0,0.8421052631578947,0.8125,0.00819672131147541,1.0,0,,,,
F,T2,2010,4,True,0,0,0.0,0,,0,0.6842105263157895,0.6875,0.038461538461538464,1.0,0,,,,
F,T2,2011,4,True,0,0,0.0,0,,0,0.7894736842105263,0.875,0.03333333333333333,,0,,,,
F,T2,2012,4,True,0,0,0.0,0,,0,0.6842105263157895,0.6875,0.04504504504504504,1.0,0,,,,
F,T2,2013,4,True,0,0,0.0,0,,0,0.5263157894736842,0.5,0.05454545454545454,1.0,0,,,,
F,T2,2014,4,True,0,0,0.0,0,,0,0.7894736842105263,0.8125,0.02727272727272727,1.0,0,,,,
F,T2,2015,4,True,0,0,0.0,0,,0,0.8421052631578947,0.8125,0.015873015873015872,1.0,0,,,,
F,T2,2016,4,True,0,0,0.0,0,,0,0.7368421052631579,0.7222222222222222,0.036036036036036036,1.0,0,,,,
F,T2,2017,4,True,0,0,0.0,0,,0,0.9473684210526315,0.9333333333333333,0.008547008547008548,,0,,,,
F,T2,2018,4,True,0,0,0.0,0,,0,1.0,1.0,0.0,,0,,,,
F,T2,2019,4,True,0,0,0.0,0,,0,0.8947368421052632,0.8823529411764706,0.016260162601626018,,0,,,,
F,T2,2020,4,True,0,0,0.0,0,,0,0.8947368421052632,0.8823529411764706,0.015503875968992248,,0,,,,
F,T2,2021,4,True,0,0,0.0,0,,0,0.8947368421052632,0.8666666666666667,0.017699115044247787,1.0,0,,,,
F,T2,2022,4,True,0,0,0.0,0,,0,1.0,1.0,0.0,,0,,,,
F,T2,2023,4,True,0,0,0.0,0,,0,0.5789473684210527,0.5294117647058824,0.046511627906976744,1.0,0,,,,
F,T2,2024,4,True,0,0,0.0,0,,0,1.0,1.0,0.0,,0,,,,
F,T2,2025,4,True,0,0,0.0,0,,0,0.8421052631578947,0.8125,0.01904761904761905,1.0,0,,,,
F,T2,2026,4,True,0,0,0.0,0,,0,0.8947368421052632,0.8823529411764706,0.007575757575757576,1.0,0,,,,
F,T2,2027,4,True,0,0,0.0,0,,0,1.0,1.0,0.0,,0,,,,
F,T2,2028,4,True,0,0,0.0,0,,0,0.7894736842105263,0.7333333333333333,0.008620689655172414,1.0,0,,,,
F,T2,2029,4,True,0,0,0.0,0,,0,0.7894736842105263,0.75,0.014705882352941176,1.0,0,,,,
F,T2,2030,4,True,0,0,0.0,0,,0,0.8947368421052632,0.8888888888888888,0.0196078431372549,,0,,,,
F,T2,2031,4,True,0,0,0.0,0,,0,0.8421052631578947,0.9333333333333333,0.024,,0,,,,
F,T2,2032,4,True,0,0,0.0,0,,0,0.7894736842105263,0.7333333333333333,0.02830188679245283,1.0,0,,,,
F,T2,2033,4,True,0,0,0.0,0,,0,0.7368421052631579,0.7058823529411765,0.047619047619047616,,0,,,,
F,T2,2034,4,True,0,0,0.0,0,,0,0.9473684210526315,0.9333333333333333,0.008620689655172414,,0,,,,
F,T2,2035,4,True,0,0,0.0,0,,0,0.8421052631578947,0.8235294117647058,0.02702702702702703,,0,,,,
F,T2,2036,4,True,0,0,0.0,0,,0,0.8421052631578947,0.8235294117647058,0.017857142857142856,1.0,0,,,,
F,T2,2037,4,True,0,0,0.0,0,,0,0.8421052631578947,0.8235294117647058,0.017543859649122806,1.0,0,,,,
F,T2,2038,4,True,0,0,0.0,0,,0,0.8947368421052632,0.8823529411764706,0.015625,,0,,,,
F,T2,2039,4,True,0,0,0.0,0,,0,0.8947368421052632,0.8823529411764706,0.008547008547008548,1.0,0,,,,
F,T2,2040,4,True,0,0,0.0,0,,0,0.7894736842105263,0.8235294117647058,0.03,1.0,0,,,,
F,T2,2041,4,True,0,0,0.0,0,,0,0.7894736842105263,0.7647058823529411,0.028037383177570093,1.0,0,,,,
F,T2,2042,4,True,0,0,0.0,0,,0,0.7894736842105263,0.8666666666666667,0.030303030303030304,,0,,,,
F,T2,2043,4,True,0,0,0.0,0,,0,0.7368421052631579,0.7647058823529411,0.018867924528301886,1.0,0,,,,
F,T2,2044,4,True,0,0,0.0,0,,0,0.7894736842105263,0.7647058823529411,0.03571428571428571,,0,,,,
F,T2,2045,4,True,0,0,0.0,0,,0,0.8947368421052632,0.875,0.01694915254237288,,0,,,,
F,T2,2046,4,True,0,0,0.0,0,,0,0.7368421052631579,0.6875,0.02564102564102564,1.0,0,,,,
F,T2,2047,4,True,0,0,0.0,0,,0,1.0,1.0,0.0,,0,,,,
F,T2,2048,4,True,0,0,0.0,0,,0,0.8421052631578947,0.8125,0.015384615384615385,1.0,0,,,,
F,T2,2049,4,True,0,0,0.0,0,,0,0.8947368421052632,0.875,0.01680672268907563,,0,,,,
F,T2,2050,4,True,0,0,0.0,0,,0,0.7368421052631579,0.75,0.04672897196261682,1.0,0,,,,
F,T2,2051,4,True,0,0,0.0,0,,0,0.9473684210526315,0.9333333333333333,0.008849557522123894,,0,,,,
F,T2,2052,4,True,0,0,0.0,0,,0,0.8947368421052632,0.8666666666666667,0.016260162601626018,1.0,0,,,,
F,T2,2053,4,True,0,0,0.0,0,,0,0.8421052631578947,0.875,0.01904761904761905,1.0,0,,,,
F,T2,2054,4,True,0,0,0.0,0,,0,0.6842105263157895,0.6470588235294118,0.05660377358490566,,0,,,,
F,T2,2055,4,True,0,0,0.0,0,,0,0.8421052631578947,0.8,0.021052631578947368,1.0,0,,,,
F,T2,2056,4,True,0,0,0.0,0,,0,0.8947368421052632,0.9375,0.016129032258064516,,0,,,,
F,T2,2057,4,True,0,0,0.0,0,,0,0.8421052631578947,0.8333333333333334,0.04310344827586207,,0,,,,
F,T2,2058,4,True,0,0,0.0,0,,0,1.0,1.0,0.0,,0,,,,
F,T2,2059,4,True,0,0,0.0,0,,0,0.8947368421052632,0.8666666666666667,0.01904761904761905,,0,,,,
F,T3,2000,4,True,0,0,1.0,1,38.0,0,0.47368421052631576,0.4375,0.10204081632653061,0.3684210526315789,0,,,,
F,T3,2001,4,True,0,0,0.75,1,2.0,1,0.3157894736842105,0.23529411764705882,0.18518518518518517,0.42105263157894735,0,,,,
F,T3,2002,4,True,0,0,0.75,1,15.0,1,0.6842105263157895,0.6666666666666666,0.058823529411764705,0.4090909090909091,0,,,,
F,T3,2003,4,True,0,0,1.0,1,28.0,1,0.21052631578947367,0.11764705882352941,0.375,0.3917525773195876,0,,,,
F,T3,2004,4,True,0,0,0.0,0,,0,0.8421052631578947,0.8666666666666667,0.029411764705882353,,0,,,,
F,T3,2005,4,True,0,0,0.75,1,47.0,0,0.47368421052631576,0.3333333333333333,0.15492957746478872,0.4444444444444444,0,,,,
F,T3,2006,4,True,0,0,1.0,1,38.0,0,0.5789473684210527,0.5625,0.11392405063291139,0.37209302325581395,0,,,,
F,T3,2007,4,True,0,0,1.0,1,14.0,1,0.3157894736842105,0.1875,0.25,0.37349397590361444,0,,,,
F,T3,2008,4,True,0,0,1.0,1,23.0,1,0.2631578947368421,0.25,0.27450980392156865,0.4084507042253521,0,,,,
F,T3,2009,4,True,0,0,0.75,1,17.0,1,0.47368421052631576,0.375,0.16176470588235295,0.4098360655737705,0,,,,
F,T3,2010,4,True,0,0,1.0,1,11.0,1,0.42105263157894735,0.375,0.21568627450980393,0.4,0,,,,
F,T3,2011,4,True,0,0,1.0,1,36.0,1,0.15789473684210525,0.125,0.3137254901960784,0.37037037037037035,0,,,,
F,T3,2012,4,True,0,0,1.0,1,31.0,1,0.2631578947368421,0.1875,0.20270270270270271,0.3728813559322034,0,,,,
F,T3,2013,4,True,0,0,1.0,1,45.0,1,0.47368421052631576,0.4444444444444444,0.11764705882352941,0.4090909090909091,0,,,,
F,T3,2014,4,True,0,0,1.0,1,16.0,1,0.2631578947368421,0.1875,0.2641509433962264,0.3357142857142857,0,,,,
F,T3,2015,4,True,0,0,1.0,1,56.0,0,0.3157894736842105,0.1875,0.11320754716981132,0.2953020134228188,0,,,,
F,T3,2016,4,True,0,0,0.5,1,4.0,1,0.05263157894736842,0.0,0.6428571428571429,0.5,0,,,,
F,T3,2017,4,True,0,0,0.75,1,12.0,1,0.8947368421052632,0.8666666666666667,0.017699115044247787,0.36,0,,,,
F,T3,2018,4,True,0,0,1.0,1,3.0,1,0.3157894736842105,0.23529411764705882,0.18309859154929578,0.38461538461538464,0,,,,
F,T3,2019,4,True,0,0,1.0,1,38.0,0,0.6842105263157895,0.6470588235294118,0.0673076923076923,0.37333333333333335,0,,,,
F,T3,2020,4,True,0,0,1.0,1,36.0,1,0.3157894736842105,0.23529411764705882,0.19718309859154928,0.43636363636363634,0,,,,
F,T3,2021,4,True,0,0,1.0,1,14.0,1,0.3157894736842105,0.13333333333333333,0.24074074074074073,0.2897727272727273,0,,,,
F,T3,2022,4,True,0,0,1.0,1,50.0,0,0.42105263157894735,0.26666666666666666,0.1527777777777778,0.4065934065934066,0,,,,
F,T3,2023,4,True,0,0,0.5,1,13.0,1,0.2631578947368421,0.17647058823529413,0.32558139534883723,0.5,0,,,,
F,T3,2024,4,True,0,0,1.0,1,38.0,0,0.6842105263157895,0.6470588235294118,0.05405405405405406,0.3146067415730337,0,,,,
F,T3,2025,4,True,0,0,1.0,1,7.0,1,0.2631578947368421,0.125,0.2692307692307692,0.3700787401574803,0,,,,
F,T3,2026,4,True,0,0,1.0,1,2.0,1,0.42105263157894735,0.35294117647058826,0.1643835616438356,0.37362637362637363,0,,,,
F,T3,2027,4,True,0,0,0.0,0,,0,1.0,1.0,0.0,,0,,,,
F,T3,2028,4,True,0,0,1.0,1,3.0,1,0.2631578947368421,0.06666666666666667,0.1744186046511628,0.38461538461538464,0,,,,
F,T3,2029,4,True,0,0,1.0,1,13.0,1,0.47368421052631576,0.375,0.1527777777777778,0.410958904109589,0,,,,
F,T3,2030,4,True,0,0,1.0,1,21.0,1,0.6842105263157895,0.6666666666666666,0.06896551724137931,0.38461538461538464,0,,,,
F,T3,2031,4,True,0,0,1.0,1,10.0,1,0.5263157894736842,0.5333333333333333,0.10344827586206896,0.4266666666666667,0,,,,
F,T3,2032,4,True,0,0,1.0,1,11.0,1,0.3684210526315789,0.2,0.19047619047619047,0.40594059405940597,0,,,,
F,T3,2033,4,True,0,0,1.0,1,8.0,1,0.2631578947368421,0.17647058823529413,0.25925925925925924,0.44776119402985076,0,,,,
F,T3,2034,4,True,0,0,1.0,1,3.0,1,0.42105263157894735,0.26666666666666666,0.16901408450704225,0.32786885245901637,0,,,,
F,T3,2035,4,True,0,0,1.0,1,18.0,1,0.42105263157894735,0.35294117647058826,0.1746031746031746,0.4084507042253521,0,,,,
F,T3,2036,4,True,0,0,1.0,1,47.0,0,0.5789473684210527,0.5294117647058824,0.12048192771084337,0.3523809523809524,0,,,,
F,T3,2037,4,True,0,0,0.5,1,4.0,1,0.47368421052631576,0.4117647058823529,0.1282051282051282,0.6666666666666666,0,,,,
F,T3,2038,4,True,0,0,1.0,1,65.0,0,0.2631578947368421,0.17647058823529413,0.25,0.3680555555555556,0,,,,
F,T3,2039,4,True,0,0,1.0,1,59.0,0,0.3157894736842105,0.23529411764705882,0.23636363636363636,0.4117647058823529,0,,,,
F,T3,2040,4,True,0,0,1.0,1,20.0,1,0.2631578947368421,0.23529411764705882,0.30434782608695654,0.391304347826087,0,,,,
F,T3,2041,4,True,0,0,1.0,1,36.0,1,0.3157894736842105,0.23529411764705882,0.25,0.37410071942446044,0,,,,
F,T3,2042,4,True,0,0,0.0,0,,0,0.7894736842105263,0.8666666666666667,0.030303030303030304,,0,,,,
F,T3,2043,4,True,0,0,1.0,1,50.0,0,0.5789473684210527,0.5882352941176471,0.10588235294117647,0.36904761904761907,0,,,,
F,T3,2044,4,True,0,0,1.0,1,38.0,0,0.631578947368421,0.5882352941176471,0.07291666666666667,0.38028169014084506,0,,,,
F,T3,2045,4,True,0,0,1.0,1,59.0,0,0.5263157894736842,0.4375,0.09900990099009901,0.3161764705882353,0,,,,
F,T3,2046,4,True,0,0,1.0,1,53.0,0,0.42105263157894735,0.3125,0.16883116883116883,0.3577981651376147,0,,,,
F,T3,2047,4,True,0,0,1.0,1,50.0,0,0.5263157894736842,0.47058823529411764,0.12903225806451613,0.28378378378378377,0,,,,
F,T3,2048,4,True,0,0,1.0,1,9.0,1,0.6842105263157895,0.625,0.05309734513274336,0.43103448275862066,0,,,,
F,T3,2049,4,True,0,0,0.75,1,3.0,1,0.3684210526315789,0.25,0.24528301886792453,0.375,0,,,,
F,T3,2050,4,True,0,0,1.0,1,62.0,0,0.15789473684210525,0.0625,0.42105263157894735,0.39436619718309857,0,,,,
F,T3,2051,4,True,0,0,1.0,1,38.0,0,0.5789473684210527,0.4666666666666667,0.0963855421686747,0.3707865168539326,0,,,,
F,T3,2052,4,True,0,0,1.0,1,2.0,1,0.42105263157894735,0.26666666666666666,0.18032786885245902,0.4117647058823529,0,,,,
F,T3,2053,4,True,0,0,1.0,1,59.0,0,0.2631578947368421,0.1875,0.375,0.42592592592592593,0,,,,
F,T3,2054,4,True,0,0,1.0,1,36.0,1,0.21052631578947367,0.11764705882352941,0.25396825396825395,0.3875968992248062,0,,,,
F,T3,2055,4,True,0,0,1.0,1,19.0,1,0.3684210526315789,0.2,0.21666666666666667,0.411214953271028,0,,,,
F,T3,2056,4,True,0,0,1.0,1,31.0,1,0.6842105263157895,0.6875,0.05504587155963303,0.39344262295081966,0,,,,
F,T3,2057,4,True,0,0,1.0,1,8.0,1,0.15789473684210525,0.1111111111111111,0.5333333333333333,0.43157894736842106,0,,,,
F,T3,2058,4,True,0,0,1.0,1,65.0,0,0.2631578947368421,0.17647058823529413,0.3,0.3475177304964539,0,,,,
F,T3,2059,4,True,0,0,1.0,1,29.0,1,0.7368421052631579,0.6666666666666666,0.053763440860215055,0.4090909090909091,0,,,,
F,T4,2000,4,True,0,0,1.0,1,38.0,0,0.5263157894736842,0.5,0.0891089108910891,0.25,0,,,,
F,T4,2001,4,True,0,0,1.0,1,59.0,0,0.3157894736842105,0.23529411764705882,0.2222222222222222,0.35135135135135137,0,,,,
F,T4,2002,4,True,1,2,1.0,1,35.0,0,0.6842105263157895,0.6666666666666666,0.054945054945054944,0.20833333333333334,0,,,,
F,T4,2003,4,True,0,0,1.0,1,65.0,0,0.3157894736842105,0.23529411764705882,0.15873015873015872,0.3333333333333333,0,,,,
F,T4,2004,4,True,0,0,1.0,1,38.0,0,0.7894736842105263,0.8,0.04,0.14285714285714285,0,,,,
F,T4,2005,4,True,0,0,1.0,1,47.0,0,0.631578947368421,0.5333333333333333,0.07692307692307693,0.2857142857142857,0,,,,
F,T4,2006,4,True,0,0,0.75,1,41.0,0,0.5263157894736842,0.5,0.11904761904761904,0.125,0,,,,
F,T4,2007,4,True,0,0,1.0,1,59.0,0,0.3157894736842105,0.1875,0.21739130434782608,0.3225806451612903,0,,,,
F,T4,2008,4,True,0,0,1.0,1,56.0,0,0.5789473684210527,0.625,0.06521739130434782,0.3333333333333333,0,,,,
F,T4,2009,4,True,0,0,1.0,1,56.0,0,0.6842105263157895,0.625,0.06779661016949153,0.27586206896551724,0,,,,
F,T4,2010,4,True,0,0,1.0,1,56.0,0,0.5263157894736842,0.5,0.11538461538461539,0.21212121212121213,0,,,,
F,T4,2011,4,True,0,0,1.0,1,38.0,0,0.5263157894736842,0.5625,0.07608695652173914,0.2894736842105263,0,,,,
F,T4,2012,4,True,0,0,1.0,1,59.0,0,0.47368421052631576,0.4375,0.1111111111111111,0.47058823529411764,0,,,,
F,T4,2013,4,True,0,0,1.0,1,53.0,0,0.5789473684210527,0.5555555555555556,0.08247422680412371,0.2571428571428571,0,,,,
F,T4,2014,4,True,1,2,1.0,1,56.0,0,0.5263157894736842,0.5,0.1038961038961039,0.22857142857142856,0,,,,
F,T4,2015,4,True,0,0,1.0,1,51.0,1,0.42105263157894735,0.3125,0.09411764705882353,0.32558139534883723,0,,,,
F,T4,2016,4,True,0,0,1.0,1,47.0,0,0.47368421052631576,0.4444444444444444,0.11538461538461539,0.2702702702702703,0,,,,
F,T4,2017,4,True,0,0,1.0,1,44.0,0,0.8947368421052632,0.8666666666666667,0.009174311926605505,0.22580645161290322,0,,,,
F,T4,2018,4,True,0,0,1.0,1,59.0,0,0.631578947368421,0.5882352941176471,0.056818181818181816,0.32142857142857145,0,,,,
F,T4,2019,4,True,0,0,0.75,1,38.0,0,0.5789473684210527,0.5294117647058824,0.08860759493670886,0.2222222222222222,0,,,,
F,T4,2020,4,True,0,0,1.0,1,65.0,0,0.6842105263157895,0.6470588235294118,0.048,0.2857142857142857,0,,,,
F,T4,2021,4,True,0,0,1.0,1,59.0,0,0.6842105263157895,0.6,0.04807692307692308,0.2619047619047619,0,,,,
F,T4,2022,4,True,0,0,1.0,1,50.0,0,0.47368421052631576,0.3333333333333333,0.07352941176470588,0.43478260869565216,0,,,,
F,T4,2023,4,True,0,0,1.0,1,59.0,0,0.7368421052631579,0.7058823529411765,0.05,0.1935483870967742,0,,,,
F,T4,2024,4,True,0,0,1.0,1,38.0,0,0.7368421052631579,0.7058823529411765,0.031007751937984496,0.2,0,,,,
F,T4,2025,4,True,0,0,1.0,1,59.0,0,0.631578947368421,0.5625,0.06862745098039216,0.21428571428571427,0,,,,
F,T4,2026,4,True,0,0,1.0,1,50.0,0,0.8947368421052632,0.8823529411764706,0.015267175572519083,0.2916666666666667,0,,,,
F,T4,2027,4,True,0,0,0.0,0,,0,1.0,1.0,0.0,,0,,,,
F,T4,2028,4,True,0,0,0.75,1,59.0,0,0.7368421052631579,0.6666666666666666,0.019801980198019802,0.5714285714285714,0,,,,
F,T4,2029,4,True,0,0,1.0,1,53.0,0,0.6842105263157895,0.625,0.0594059405940594,0.3125,0,,,,
F,T4,2030,4,True,0,0,0.75,1,32.0,0,0.7894736842105263,0.7777777777777778,0.043478260869565216,0.2,0,,,,
F,T4,2031,4,True,0,0,1.0,1,38.0,0,0.7368421052631579,0.8,0.042735042735042736,0.23809523809523808,0,,,,
F,T4,2032,4,True,0,0,1.0,1,53.0,0,0.5263157894736842,0.4,0.08333333333333333,0.20689655172413793,0,,,,
F,T4,2033,4,True,0,0,0.0,0,,0,0.7368421052631579,0.7058823529411765,0.047619047619047616,,0,,,,
F,T4,2034,4,True,0,0,1.0,1,56.0,0,0.3157894736842105,0.13333333333333333,0.17857142857142858,0.3055555555555556,0,,,,
F,T4,2035,4,True,0,0,0.75,1,56.0,0,0.5789473684210527,0.5294117647058824,0.058823529411764705,0.43478260869565216,0,,,,
F,T4,2036,4,True,0,0,1.0,1,47.0,0,0.631578947368421,0.5882352941176471,0.05952380952380952,0.35,0,,,,
F,T4,2037,4,True,0,0,0.75,1,47.0,0,0.6842105263157895,0.6470588235294118,0.021052631578947368,0.6153846153846154,0,,,,
F,T4,2038,4,True,0,0,1.0,1,65.0,0,0.631578947368421,0.5882352941176471,0.06818181818181818,0.19607843137254902,0,,,,
F,T4,2039,4,True,0,0,1.0,1,29.0,0,0.9473684210526315,0.9411764705882353,0.00847457627118644,0.2,0,,,,
F,T4,2040,4,True,0,0,1.0,1,59.0,0,0.631578947368421,0.6470588235294118,0.06896551724137931,0.3333333333333333,0,,,,
F,T4,2041,4,True,0,0,1.0,1,21.0,1,0.3157894736842105,0.23529411764705882,0.15,0.46153846153846156,0,,,,
F,T4,2042,4,True,0,0,1.0,1,47.0,0,0.6842105263157895,0.7333333333333333,0.05737704918032787,0.2571428571428571,0,,,,
F,T4,2043,4,True,0,0,0.25,1,29.0,1,0.9473684210526315,1.0,0.009174311926605505,0.2,0,,,,
F,T4,2044,4,True,0,0,1.0,1,38.0,0,0.631578947368421,0.5882352941176471,0.08139534883720931,0.23076923076923078,0,,,,
F,T4,2045,4,True,0,0,1.0,1,59.0,0,0.7894736842105263,0.75,0.03636363636363636,0.18181818181818182,0,,,,
F,T4,2046,4,True,1,2,1.0,1,53.0,0,0.631578947368421,0.5625,0.07407407407407407,0.17142857142857143,0,,,,
F,T4,2047,4,True,0,0,1.0,1,50.0,0,0.9473684210526315,0.9411764705882353,0.014925373134328358,0.2631578947368421,0,,,,
F,T4,2048,4,True,0,0,1.0,1,35.0,0,0.7894736842105263,0.75,0.024,0.17647058823529413,0,,,,
F,T4,2049,4,True,0,0,1.0,1,56.0,0,0.7894736842105263,0.75,0.036036036036036036,0.16,0,,,,
F,T4,2050,4,True,0,0,1.0,1,62.0,0,0.42105263157894735,0.375,0.08536585365853659,0.38461538461538464,0,,,,
F,T4,2051,4,True,0,0,1.0,1,38.0,0,0.7368421052631579,0.6666666666666666,0.047619047619047616,0.21428571428571427,0,,,,
F,T4,2052,4,True,0,0,0.0,0,,0,0.9473684210526315,0.9333333333333333,0.016129032258064516,,0,,,,
F,T4,2053,4,True,0,0,1.0,1,1.0,1,0.21052631578947367,0.125,0.4117647058823529,0.26666666666666666,0,,,,
F,T4,2054,4,True,0,0,1.0,1,59.0,0,0.5263157894736842,0.47058823529411764,0.09574468085106383,0.3076923076923077,0,,,,
F,T4,2055,4,True,0,0,1.0,1,56.0,0,0.631578947368421,0.5333333333333333,0.07142857142857142,0.11764705882352941,0,,,,
F,T4,2056,4,True,0,0,1.0,1,35.0,0,0.7894736842105263,0.8125,0.03571428571428571,0.22580645161290322,0,,,,
F,T4,2057,4,True,0,0,1.0,1,65.0,0,0.631578947368421,0.6111111111111112,0.06976744186046512,0.32,0,,,,
F,T4,2058,4,True,0,0,1.0,1,65.0,0,0.47368421052631576,0.4117647058823529,0.07407407407407407,0.325,0,,,,
F,T4,2059,4,True,0,0,1.0,1,44.0,0,0.6842105263157895,0.6,0.0449438202247191,0.3870967741935484,0,,,,
F,T5,2000,4,True,0,0,0.0,0,,0,0.47368421052631576,0.4375,0.11956521739130435,0.5882352941176471,0,,,,
F,T5,2001,4,True,0,0,0.0,0,,0,0.2631578947368421,0.17647058823529413,0.2978723404255319,0.6,0,,,,
F,T5,2002,4,True,0,0,0.0,0,,0,0.5263157894736842,0.5,0.10975609756097561,0.6190476190476191,0,,,,
F,T5,2003,4,True,0,0,0.0,0,,0,0.15789473684210525,0.058823529411764705,0.5161290322580645,0.6923076923076923,0,,,,
F,T5,2004,4,True,0,0,0.0,0,,0,0.5263157894736842,0.4666666666666667,0.125,0.6428571428571429,0,,,,
F,T5,2005,4,True,0,0,0.0,0,,0,0.47368421052631576,0.3333333333333333,0.14666666666666667,0.6111111111111112,0,,,,
F,T5,2006,4,True,0,0,0.0,0,,0,0.47368421052631576,0.4375,0.15492957746478872,0.6666666666666666,0,,,,
F,T5,2007,4,True,0,0,0.0,0,,0,0.2631578947368421,0.125,0.32558139534883723,0.59375,0,,,,
F,T5,2008,4,True,0,0,0.0,0,,0,0.21052631578947367,0.1875,0.3409090909090909,0.5652173913043478,0,,,,
F,T5,2009,4,True,0,0,0.0,0,,0,0.3684210526315789,0.25,0.22413793103448276,0.5714285714285714,0,,,,
F,T5,2010,4,True,0,0,0.0,0,,0,0.3157894736842105,0.25,0.2826086956521739,0.6190476190476191,0,,,,
F,T5,2011,4,True,0,0,0.0,0,,0,0.15789473684210525,0.125,0.35555555555555557,0.5471698113207547,0,,,,
F,T5,2012,4,True,0,0,0.0,0,,0,0.2631578947368421,0.1875,0.3333333333333333,0.6363636363636364,0,,,,
F,T5,2013,4,True,0,0,0.0,0,,0,0.3684210526315789,0.3333333333333333,0.1875,0.5,0,,,,
F,T5,2014,4,True,0,0,0.0,0,,0,0.2631578947368421,0.1875,0.2857142857142857,0.5806451612903226,0,,,,
F,T5,2015,4,True,0,0,0.0,0,,0,0.3157894736842105,0.1875,0.21311475409836064,0.7,0,,,,
F,T5,2016,4,True,0,0,0.0,0,,0,0.05263157894736842,0.0,0.6428571428571429,0.6666666666666666,0,,,,
F,T5,2017,4,True,0,0,0.0,0,,0,0.3684210526315789,0.2,0.2033898305084746,0.7,0,,,,
F,T5,2018,4,True,0,0,0.0,0,,0,0.3157894736842105,0.23529411764705882,0.22807017543859648,0.5769230769230769,0,,,,
F,T5,2019,4,True,0,0,0.0,0,,0,0.42105263157894735,0.35294117647058826,0.2,0.7272727272727273,0,,,,
F,T5,2020,4,True,0,0,0.0,0,,0,0.15789473684210525,0.058823529411764705,0.425,0.5652173913043478,0,,,,
F,T5,2021,4,True,0,0,0.0,0,,0,0.2631578947368421,0.06666666666666667,0.3111111111111111,0.6428571428571429,0,,,,
F,T5,2022,4,True,0,0,0.0,0,,0,0.42105263157894735,0.26666666666666666,0.1774193548387097,0.6666666666666666,0,,,,
F,T5,2023,4,True,0,0,0.0,0,,0,0.21052631578947367,0.11764705882352941,0.38461538461538464,0.625,0,,,,
F,T5,2024,4,True,0,0,0.0,0,,0,0.3157894736842105,0.23529411764705882,0.21666666666666667,0.6666666666666666,0,,,,
F,T5,2025,4,True,0,0,0.0,0,,0,0.2631578947368421,0.125,0.2692307692307692,0.6666666666666666,0,,,,
F,T5,2026,4,True,0,0,0.0,0,,0,0.42105263157894735,0.35294117647058826,0.1774193548387097,0.6,0,,,,
F,T5,2027,4,True,0,0,0.0,0,,0,0.47368421052631576,0.375,0.1282051282051282,0.5416666666666666,0,,,,
F,T5,2028,4,True,0,0,0.0,0,,0,0.2631578947368421,0.06666666666666667,0.25,0.56,0,,,,
F,T5,2029,4,True,0,0,0.0,0,,0,0.42105263157894735,0.3125,0.16901408450704225,0.56,0,,,,
F,T5,2030,4,True,0,0,0.0,0,,0,0.5789473684210527,0.5555555555555556,0.1038961038961039,0.6666666666666666,0,,,,
F,T5,2031,4,True,0,0,0.0,0,,0,0.3157894736842105,0.26666666666666666,0.24528301886792453,0.56,0,,,,
F,T5,2032,4,True,0,0,0.0,0,,0,0.3684210526315789,0.2,0.22033898305084745,0.6153846153846154,0,,,,
F,T5,2033,4,True,0,0,0.0,0,,0,0.2631578947368421,0.17647058823529413,0.2692307692307692,0.6666666666666666,0,,,,
F,T5,2034,4,True,0,0,0.0,0,,0,0.3157894736842105,0.13333333333333333,0.22033898305084745,0.6470588235294118,0,,,,
F,T5,2035,4,True,0,0,0.0,0,,0,0.2631578947368421,0.17647058823529413,0.3181818181818182,0.6190476190476191,0,,,,
F,T5,2036,4,True,0,0,0.0,0,,0,0.3157894736842105,0.23529411764705882,0.26,0.6428571428571429,0,,,,
F,T5,2037,4,True,0,0,0.0,0,,0,0.2631578947368421,0.17647058823529413,0.27450980392156865,0.6666666666666666,0,,,,
F,T5,2038,4,True,0,0,0.0,0,,0,0.21052631578947367,0.11764705882352941,0.40540540540540543,0.5,0,,,,
F,T5,2039,4,True,0,0,0.0,0,,0,0.3157894736842105,0.23529411764705882,0.25,0.5588235294117647,0,,,,
F,T5,2040,4,True,0,0,0.0,0,,0,0.2631578947368421,0.23529411764705882,0.2916666666666667,0.5666666666666667,0,,,,
F,T5,2041,4,True,0,0,0.0,0,,0,0.2631578947368421,0.17647058823529413,0.3111111111111111,0.6666666666666666,0,,,,
F,T5,2042,4,True,0,0,0.0,0,,0,0.42105263157894735,0.4,0.12941176470588237,0.5,0,,,,
F,T5,2043,4,True,0,0,0.0,0,,0,0.42105263157894735,0.4117647058823529,0.19047619047619047,0.6428571428571429,0,,,,
F,T5,2044,4,True,0,0,0.0,0,,0,0.3684210526315789,0.29411764705882354,0.21428571428571427,0.6923076923076923,0,,,,
F,T5,2045,4,True,0,0,0.0,0,,0,0.3157894736842105,0.1875,0.23636363636363636,0.6666666666666666,0,,,,
F,T5,2046,4,True,0,0,0.0,0,,0,0.3684210526315789,0.25,0.2413793103448276,0.5909090909090909,0,,,,
F,T5,2047,4,True,0,0,0.0,0,,0,0.3684210526315789,0.29411764705882354,0.22413793103448276,0.625,0,,,,
F,T5,2048,4,True,0,0,1.0,1,2.0,1,0.47368421052631576,0.375,0.10204081632653061,0.4716981132075472,0,,,,
F,T5,2049,4,True,0,0,0.0,0,,0,0.42105263157894735,0.3125,0.19672131147540983,0.56,0,,,,
F,T5,2050,4,True,0,0,0.0,0,,0,0.15789473684210525,0.0625,0.4,0.6923076923076923,0,,,,
F,T5,2051,4,True,0,0,1.0,1,38.0,0,0.5789473684210527,0.4666666666666667,0.0963855421686747,0.3707865168539326,0,,,,
F,T5,2052,4,True,0,0,0.0,0,,0,0.5789473684210527,0.4666666666666667,0.1095890410958904,0.5,0,,,,
F,T5,2053,4,True,0,0,0.0,0,,0,0.2631578947368421,0.1875,0.375,0.6153846153846154,0,,,,
F,T5,2054,4,True,0,0,0.0,0,,0,0.2631578947368421,0.17647058823529413,0.27450980392156865,0.5609756097560976,0,,,,
F,T5,2055,4,True,0,0,0.0,0,,0,0.3157894736842105,0.13333333333333333,0.2653061224489796,0.7,0,,,,
F,T5,2056,4,True,0,0,0.0,0,,0,0.47368421052631576,0.4375,0.13580246913580246,0.5862068965517241,0,,,,
F,T5,2057,4,True,0,0,0.0,0,,0,0.15789473684210525,0.1111111111111111,0.5333333333333333,0.625,0,,,,
F,T5,2058,4,True,0,0,0.0,0,,0,0.21052631578947367,0.11764705882352941,0.42857142857142855,0.631578947368421,0,,,,
F,T5,2059,4,True,0,0,0.0,0,,0,0.6842105263157895,0.6,0.08333333333333333,0.5,0,,,,
G_noheal,none,2000,4,True,0,0,0.0,0,,0,0.7894736842105263,0.8125,0.043478260869565216,,0,,,,
G_noheal,none,2001,4,True,0,0,0.0,0,,0,0.8421052631578947,0.8235294117647058,0.02912621359223301,,0,,,,
G_noheal,none,2002,4,True,0,0,0.0,0,,0,0.8947368421052632,0.8888888888888888,0.03773584905660377,,0,,,,
G_noheal,none,2003,4,True,0,0,0.0,0,,0,0.9473684210526315,0.9411764705882353,0.009259259259259259,,0,,,,
G_noheal,none,2004,4,True,0,0,0.0,0,,0,0.8421052631578947,0.8666666666666667,0.04,,0,,,,
G_noheal,none,2005,4,True,0,0,0.0,0,,0,0.9473684210526315,0.9333333333333333,0.0390625,,0,,,,
G_noheal,none,2006,4,True,0,0,0.0,0,,0,0.8421052631578947,0.875,0.047619047619047616,,0,,,,
G_noheal,none,2007,4,True,0,0,0.0,0,,0,0.8421052631578947,0.8125,0.026785714285714284,,0,,,,
G_noheal,none,2008,4,True,0,0,0.0,0,,0,0.6842105263157895,0.75,0.06930693069306931,,0,,,,
G_noheal,none,2009,4,True,0,0,0.0,0,,0,0.9473684210526315,0.9375,0.03361344537815126,,0,,,,
G_noheal,none,2010,4,True,0,0,0.0,0,,0,0.7894736842105263,0.8125,0.03773584905660377,,0,,,,
G_noheal,none,2011,4,True,0,0,0.0,0,,0,0.7894736842105263,0.875,0.05172413793103448,,0,,,,
G_noheal,none,2012,4,True,0,0,0.0,0,,0,0.7368421052631579,0.75,0.044642857142857144,,0,,,,
G_noheal,none,2013,4,True,0,0,0.0,0,,0,0.8421052631578947,0.8333333333333334,0.03636363636363636,,0,,,,
G_noheal,none,2014,4,True,0,0,0.0,0,,0,0.8421052631578947,0.875,0.046296296296296294,,0,,,,
G_noheal,none,2015,4,True,0,0,0.0,0,,0,0.8947368421052632,0.875,0.015748031496062992,,0,,,,
G_noheal,none,2016,4,True,0,0,0.0,0,,0,0.7894736842105263,0.7777777777777778,0.05660377358490566,,0,,,,
G_noheal,none,2017,4,True,0,0,0.0,0,,0,0.9473684210526315,0.9333333333333333,0.017391304347826087,,0,,,,
G_noheal,none,2018,4,True,0,0,0.0,0,,0,1.0,1.0,0.00909090909090909,,0,,,,
G_noheal,none,2019,4,True,0,0,0.0,0,,0,0.8947368421052632,0.8823529411764706,0.016260162601626018,,0,,,,
G_noheal,none,2020,4,True,0,0,0.0,0,,0,0.8421052631578947,0.8235294117647058,0.04,,0,,,,
G_noheal,none,2021,4,True,0,0,0.0,0,,0,0.9473684210526315,0.9333333333333333,0.017543859649122806,,0,,,,
G_noheal,none,2022,4,True,0,0,0.0,0,,0,1.0,1.0,0.0,,0,,,,
G_noheal,none,2023,4,True,0,0,0.0,0,,0,0.8947368421052632,0.8823529411764706,0.023255813953488372,,0,,,,
G_noheal,none,2024,4,True,0,0,0.0,0,,0,1.0,1.0,0.007874015748031496,,0,,,,
G_noheal,none,2025,4,True,0,0,0.0,0,,0,0.8947368421052632,0.875,0.028846153846153848,,0,,,,
G_noheal,none,2026,4,True,0,0,0.0,0,,0,0.9473684210526315,0.9411764705882353,0.015267175572519083,,0,,,,
G_noheal,none,2027,4,True,0,0,0.0,0,,0,1.0,1.0,0.0072992700729927005,,0,,,,
G_noheal,none,2028,4,True,0,0,0.0,0,,0,0.9473684210526315,0.9333333333333333,0.008403361344537815,,0,,,,
G_noheal,none,2029,4,True,0,0,0.0,0,,0,1.0,1.0,0.031496062992125984,,0,,,,
G_noheal,none,2030,4,True,0,0,0.0,0,,0,0.8947368421052632,0.8888888888888888,0.041237113402061855,,0,,,,
G_noheal,none,2031,4,True,0,0,0.0,0,,0,0.8421052631578947,0.9333333333333333,0.032520325203252036,,0,,,,
G_noheal,none,2032,4,True,0,0,0.0,0,,0,0.8421052631578947,0.8,0.028037383177570093,,0,,,,
G_noheal,none,2033,4,True,0,0,0.0,0,,0,0.7368421052631579,0.7058823529411765,0.058823529411764705,,0,,,,
G_noheal,none,2034,4,True,0,0,0.0,0,,0,0.9473684210526315,0.9333333333333333,0.017543859649122806,,0,,,,
G_noheal,none,2035,4,True,0,0,0.0,0,,0,0.8421052631578947,0.8235294117647058,0.04672897196261682,,0,,,,
G_noheal,none,2036,4,True,0,0,0.0,0,,0,0.8947368421052632,0.8823529411764706,0.02702702702702703,,0,,,,
G_noheal,none,2037,4,True,0,0,0.0,0,,0,0.8947368421052632,0.8823529411764706,0.02631578947368421,,0,,,,
G_noheal,none,2038,4,True,0,0,0.0,0,,0,0.8947368421052632,0.8823529411764706,0.032,,0,,,,
G_noheal,none,2039,4,True,0,0,0.0,0,,0,0.9473684210526315,0.9411764705882353,0.017241379310344827,,0,,,,
G_noheal,none,2040,4,True,0,0,0.0,0,,0,0.8421052631578947,0.8823529411764706,0.0297029702970297,,0,,,,
G_noheal,none,2041,4,True,0,0,0.0,0,,0,0.8421052631578947,0.8235294117647058,0.027777777777777776,,0,,,,
G_noheal,none,2042,4,True,0,0,0.0,0,,0,0.7894736842105263,0.8666666666666667,0.046875,,0,,,,
G_noheal,none,2043,4,True,0,0,0.0,0,,0,0.9473684210526315,1.0,0.009174311926605505,,0,,,,
G_noheal,none,2044,4,True,0,0,0.0,0,,0,0.7894736842105263,0.7647058823529411,0.03571428571428571,,0,,,,
G_noheal,none,2045,4,True,0,0,0.0,0,,0,0.8947368421052632,0.875,0.01694915254237288,,0,,,,
G_noheal,none,2046,4,True,0,0,0.0,0,,0,0.8947368421052632,0.875,0.035398230088495575,,0,,,,
G_noheal,none,2047,4,True,0,0,0.0,0,,0,1.0,1.0,0.014492753623188406,,0,,,,
G_noheal,none,2048,4,True,0,0,0.0,0,,0,0.8947368421052632,0.875,0.03125,,0,,,,
G_noheal,none,2049,4,True,0,0,0.0,0,,0,0.8947368421052632,0.875,0.01680672268907563,,0,,,,
G_noheal,none,2050,4,True,0,0,0.0,0,,0,0.7894736842105263,0.8125,0.05714285714285714,,0,,,,
G_noheal,none,2051,4,True,0,0,0.0,0,,0,0.9473684210526315,0.9333333333333333,0.018018018018018018,,0,,,,
G_noheal,none,2052,4,True,0,0,0.0,0,,0,0.9473684210526315,0.9333333333333333,0.024390243902439025,,0,,,,
G_noheal,none,2053,4,True,0,0,0.0,0,,0,0.8947368421052632,0.9375,0.028846153846153848,,0,,,,
G_noheal,none,2054,4,True,0,0,0.0,0,,0,0.6842105263157895,0.6470588235294118,0.0784313725490196,,0,,,,
G_noheal,none,2055,4,True,0,0,0.0,0,,0,0.8947368421052632,0.8666666666666667,0.020833333333333332,,0,,,,
G_noheal,none,2056,4,True,0,0,0.0,0,,0,0.8947368421052632,0.9375,0.016129032258064516,,0,,,,
G_noheal,none,2057,4,True,0,0,0.0,0,,0,0.8947368421052632,0.8888888888888888,0.04424778761061947,,0,,,,
G_noheal,none,2058,4,True,0,0,0.0,0,,0,1.0,1.0,0.008695652173913044,,0,,,,
G_noheal,none,2059,4,True,0,0,0.0,0,,0,0.8947368421052632,0.8666666666666667,0.028846153846153848,,0,,,,
G_noheal,T1,2000,4,True,0,0,0.25,1,2.0,1,0.47368421052631576,0.4375,0.13186813186813187,1.0,0,,,,
G_noheal,T1,2001,4,True,0,0,0.25,1,2.0,1,0.5263157894736842,0.47058823529411764,0.15254237288135594,1.0,0,,,,
G_noheal,T1,2002,4,True,0,0,0.5,1,2.0,1,0.5789473684210527,0.5555555555555556,0.11764705882352941,1.0,0,,,,
G_noheal,T1,2003,4,True,0,0,0.5,1,4.0,1,0.15789473684210525,0.058823529411764705,0.5161290322580645,1.0,0,,,,
G_noheal,T1,2004,4,True,0,0,0.25,1,3.0,1,0.5789473684210527,0.5333333333333333,0.11428571428571428,1.0,0,,,,
G_noheal,T1,2005,4,True,0,0,0.75,1,4.0,1,0.47368421052631576,0.3333333333333333,0.17647058823529413,0.8461538461538461,0,,,,
G_noheal,T1,2006,4,True,0,0,0.25,1,4.0,1,0.5263157894736842,0.5,0.13333333333333333,1.0,0,,,,
G_noheal,T1,2007,4,True,0,0,0.75,1,4.0,1,0.2631578947368421,0.125,0.34146341463414637,0.9285714285714286,0,,,,
G_noheal,T1,2008,4,True,0,0,0.25,1,3.0,1,0.42105263157894735,0.4375,0.19672131147540983,1.0,0,,,,
G_noheal,T1,2009,4,True,0,0,0.25,1,4.0,1,0.3684210526315789,0.25,0.24074074074074073,1.0,0,,,,
G_noheal,T1,2010,4,True,0,0,0.25,1,8.0,1,0.42105263157894735,0.375,0.21568627450980393,1.0,0,,,,
G_noheal,T1,2011,4,True,0,0,1.0,1,7.0,1,0.15789473684210525,0.125,0.37209302325581395,1.0,0,,,,
G_noheal,T1,2012,4,True,0,0,0.25,1,3.0,1,0.3684210526315789,0.3125,0.23076923076923078,1.0,0,,,,
G_noheal,T1,2013,4,True,0,0,0.25,1,5.0,1,0.3684210526315789,0.3333333333333333,0.21311475409836064,1.0,0,,,,
G_noheal,T1,2014,4,True,0,0,0.25,1,5.0,1,0.42105263157894735,0.375,0.21052631578947367,1.0,0,,,,
G_noheal,T1,2015,4,True,0,0,0.25,1,2.0,1,0.47368421052631576,0.375,0.15492957746478872,1.0,0,,,,
G_noheal,T1,2016,4,True,0,0,0.25,1,5.0,1,0.2631578947368421,0.2222222222222222,0.38095238095238093,1.0,0,,,,
G_noheal,T1,2017,4,True,0,0,0.25,1,1.0,1,0.5789473684210527,0.4666666666666667,0.09876543209876543,1.0,0,,,,
G_noheal,T1,2018,4,True,0,0,0.75,1,6.0,1,0.42105263157894735,0.35294117647058826,0.14285714285714285,0.8181818181818182,0,,,,
G_noheal,T1,2019,4,True,0,0,0.25,1,2.0,1,0.631578947368421,0.5882352941176471,0.08433734939759036,1.0,0,,,,
G_noheal,T1,2020,4,True,0,0,0.25,1,3.0,1,0.3157894736842105,0.23529411764705882,0.2653061224489796,1.0,0,,,,
G_noheal,T1,2021,4,True,0,0,0.25,1,2.0,1,0.42105263157894735,0.26666666666666666,0.23529411764705882,1.0,0,,,,
G_noheal,T1,2022,4,True,0,0,0.25,1,4.0,1,0.7368421052631579,0.6666666666666666,0.075,1.0,0,,,,
G_noheal,T1,2023,4,True,0,0,0.5,1,4.0,1,0.2631578947368421,0.17647058823529413,0.34146341463414637,0.8888888888888888,0,,,,
G_noheal,T1,2024,4,True,0,0,0.75,1,3.0,1,0.631578947368421,0.5882352941176471,0.10465116279069768,0.8571428571428571,0,,,,
G_noheal,T1,2025,4,True,0,0,0.75,1,4.0,1,0.2631578947368421,0.125,0.3,0.9333333333333333,0,,,,
G_noheal,T1,2026,4,True,0,0,0.75,1,4.0,1,0.42105263157894735,0.35294117647058826,0.1774193548387097,0.9090909090909091,0,,,,
G_noheal,T1,2027,4,True,0,0,0.0,0,,0,1.0,1.0,0.0072992700729927005,,0,,,,
G_noheal,T1,2028,4,True,0,0,0.75,1,8.0,1,0.2631578947368421,0.06666666666666667,0.24561403508771928,0.8571428571428571,0,,,,
G_noheal,T1,2029,4,True,0,0,0.5,1,2.0,1,0.3684210526315789,0.25,0.22033898305084745,1.0,0,,,,
G_noheal,T1,2030,4,True,0,0,0.5,1,6.0,1,0.7368421052631579,0.7222222222222222,0.0875,0.8888888888888888,0,,,,
G_noheal,T1,2031,4,True,0,0,0.5,1,2.0,1,0.47368421052631576,0.4666666666666667,0.11956521739130435,1.0,0,,,,
G_noheal,T1,2032,4,True,0,0,0.5,1,4.0,1,0.3684210526315789,0.2,0.19672131147540983,1.0,0,,,,
G_noheal,T1,2033,4,True,0,0,0.0,0,,0,0.7368421052631579,0.7058823529411765,0.058823529411764705,,0,,,,
G_noheal,T1,2034,4,True,0,0,0.25,1,2.0,1,0.42105263157894735,0.26666666666666666,0.16455696202531644,1.0,0,,,,
G_noheal,T1,2035,4,True,0,0,0.25,1,5.0,1,0.47368421052631576,0.4117647058823529,0.2033898305084746,1.0,0,,,,
G_noheal,T1,2036,4,True,0,0,0.75,1,4.0,1,0.42105263157894735,0.35294117647058826,0.18333333333333332,0.8461538461538461,0,,,,
G_noheal,T1,2037,4,True,0,0,0.25,1,4.0,1,0.6842105263157895,0.6470588235294118,0.07865168539325842,1.0,0,,,,
G_noheal,T1,2038,4,True,0,0,0.25,1,3.0,1,0.21052631578947367,0.11764705882352941,0.40540540540540543,1.0,0,,,,
G_noheal,T1,2039,4,True,0,0,0.25,1,3.0,1,0.3157894736842105,0.23529411764705882,0.2826086956521739,1.0,0,,,,
G_noheal,T1,2040,4,True,0,0,0.5,1,5.0,1,0.3157894736842105,0.29411764705882354,0.26,0.875,0,,,,
G_noheal,T1,2041,4,True,0,0,0.25,1,4.0,1,0.5263157894736842,0.47058823529411764,0.16666666666666666,1.0,0,,,,
G_noheal,T1,2042,4,True,0,0,0.0,0,,0,0.7894736842105263,0.8666666666666667,0.046875,,0,,,,
G_noheal,T1,2043,4,True,0,0,0.25,1,3.0,1,0.5789473684210527,0.5882352941176471,0.12307692307692308,1.0,0,,,,
G_noheal,T1,2044,4,True,0,0,0.5,1,2.0,1,0.5263157894736842,0.47058823529411764,0.11842105263157894,1.0,0,,,,
G_noheal,T1,2045,4,True,0,0,0.25,1,2.0,1,0.3684210526315789,0.25,0.15853658536585366,1.0,0,,,,
G_noheal,T1,2046,4,True,0,0,0.75,1,5.0,1,0.3157894736842105,0.1875,0.24561403508771928,0.8181818181818182,0,,,,
G_noheal,T1,2047,4,True,0,0,0.75,1,5.0,1,0.42105263157894735,0.35294117647058826,0.16923076923076924,0.8333333333333334,0,,,,
G_noheal,T1,2048,4,True,0,0,0.25,1,1.0,1,0.7368421052631579,0.6875,0.06481481481481481,1.0,0,,,,
G_noheal,T1,2049,4,True,0,0,0.5,1,7.0,1,0.47368421052631576,0.375,0.16666666666666666,0.9,0,,,,
G_noheal,T1,2050,4,True,0,0,0.5,1,1.0,1,0.3684210526315789,0.3125,0.20689655172413793,1.0,0,,,,
G_noheal,T1,2051,4,True,0,0,0.5,1,4.0,1,0.5789473684210527,0.4666666666666667,0.0963855421686747,1.0,0,,,,
G_noheal,T1,2052,4,True,0,0,0.25,1,4.0,1,0.5789473684210527,0.4666666666666667,0.1095890410958904,1.0,0,,,,
G_noheal,T1,2053,4,True,0,0,0.5,1,2.0,1,0.21052631578947367,0.125,0.42857142857142855,1.0,0,,,,
G_noheal,T1,2054,4,True,0,0,0.75,1,4.0,1,0.21052631578947367,0.11764705882352941,0.29411764705882354,1.0,0,,,,
G_noheal,T1,2055,4,True,0,0,0.75,1,8.0,1,0.3684210526315789,0.2,0.21428571428571427,0.9,0,,,,
G_noheal,T1,2056,4,True,0,0,0.5,1,5.0,1,0.6842105263157895,0.6875,0.0594059405940594,0.875,0,,,,
G_noheal,T1,2057,4,True,0,0,0.5,1,9.0,1,0.21052631578947367,0.16666666666666666,0.39473684210526316,0.9090909090909091,0,,,,
G_noheal,T1,2058,4,True,0,0,0.5,1,4.0,1,0.3157894736842105,0.23529411764705882,0.30952380952380953,0.9,0,,,,
G_noheal,T1,2059,4,True,0,0,0.25,1,5.0,1,0.6842105263157895,0.6,0.10144927536231885,1.0,0,,,,
G_noheal,T2,2000,4,True,0,0,0.0,0,,0,0.7894736842105263,0.8125,0.043478260869565216,,0,,,,
G_noheal,T2,2001,4,True,0,0,0.0,0,,0,0.8421052631578947,0.8235294117647058,0.02912621359223301,,0,,,,
G_noheal,T2,2002,4,True,0,0,0.0,0,,0,0.8947368421052632,0.8888888888888888,0.03773584905660377,,0,,,,
G_noheal,T2,2003,4,True,0,0,0.0,0,,0,0.7894736842105263,0.7647058823529411,0.018867924528301886,1.0,0,,,,
G_noheal,T2,2004,4,True,0,0,0.0,0,,0,0.7894736842105263,0.8,0.04040404040404041,1.0,0,,,,
G_noheal,T2,2005,4,True,0,0,0.0,0,,0,0.8947368421052632,0.8666666666666667,0.03937007874015748,1.0,0,,,,
G_noheal,T2,2006,4,True,0,0,0.0,0,,0,0.5789473684210527,0.5625,0.07766990291262135,1.0,0,,,,
G_noheal,T2,2007,4,True,0,0,0.0,0,,0,0.7894736842105263,0.75,0.02702702702702703,1.0,0,,,,
G_noheal,T2,2008,4,True,0,0,0.0,0,,0,0.631578947368421,0.6875,0.07,1.0,0,,,,
G_noheal,T2,2009,4,True,0,0,0.0,0,,0,0.8421052631578947,0.8125,0.03418803418803419,1.0,0,,,,
G_noheal,T2,2010,4,True,0,0,0.0,0,,0,0.6842105263157895,0.6875,0.038461538461538464,1.0,0,,,,
G_noheal,T2,2011,4,True,0,0,0.0,0,,0,0.7894736842105263,0.875,0.05172413793103448,,0,,,,
G_noheal,T2,2012,4,True,0,0,0.0,0,,0,0.6842105263157895,0.6875,0.04504504504504504,1.0,0,,,,
G_noheal,T2,2013,4,True,0,0,0.0,0,,0,0.5263157894736842,0.5,0.06542056074766354,1.0,0,,,,
G_noheal,T2,2014,4,True,0,0,0.0,0,,0,0.7894736842105263,0.8125,0.04672897196261682,1.0,0,,,,
G_noheal,T2,2015,4,True,0,0,0.0,0,,0,0.8421052631578947,0.8125,0.015873015873015872,1.0,0,,,,
G_noheal,T2,2016,4,True,0,0,0.0,0,,0,0.7368421052631579,0.7222222222222222,0.05714285714285714,1.0,0,,,,
G_noheal,T2,2017,4,True,0,0,0.0,0,,0,0.9473684210526315,0.9333333333333333,0.017391304347826087,,0,,,,
G_noheal,T2,2018,4,True,0,0,0.0,0,,0,1.0,1.0,0.00909090909090909,,0,,,,
G_noheal,T2,2019,4,True,0,0,0.0,0,,0,0.8947368421052632,0.8823529411764706,0.016260162601626018,,0,,,,
G_noheal,T2,2020,4,True,0,0,0.0,0,,0,0.8421052631578947,0.8235294117647058,0.04,,0,,,,
G_noheal,T2,2021,4,True,0,0,0.0,0,,0,0.8947368421052632,0.8666666666666667,0.017699115044247787,1.0,0,,,,
G_noheal,T2,2022,4,True,0,0,0.0,0,,0,1.0,1.0,0.0,,0,,,,
G_noheal,T2,2023,4,True,0,0,0.0,0,,0,0.5789473684210527,0.5294117647058824,0.05511811023622047,1.0,0,,,,
G_noheal,T2,2024,4,True,0,0,0.0,0,,0,1.0,1.0,0.007874015748031496,,0,,,,
G_noheal,T2,2025,4,True,0,0,0.0,0,,0,0.8421052631578947,0.8125,0.02912621359223301,1.0,0,,,,
G_noheal,T2,2026,4,True,0,0,0.0,0,,0,0.8947368421052632,0.8823529411764706,0.015384615384615385,1.0,0,,,,
G_noheal,T2,2027,4,True,0,0,0.0,0,,0,1.0,1.0,0.0072992700729927005,,0,,,,
G_noheal,T2,2028,4,True,0,0,0.0,0,,0,0.7894736842105263,0.7333333333333333,0.008620689655172414,1.0,0,,,,
G_noheal,T2,2029,4,True,0,0,0.0,0,,0,0.7894736842105263,0.75,0.048,1.0,0,,,,
G_noheal,T2,2030,4,True,0,0,0.0,0,,0,0.8947368421052632,0.8888888888888888,0.041237113402061855,,0,,,,
G_noheal,T2,2031,4,True,0,0,0.0,0,,0,0.8421052631578947,0.9333333333333333,0.032520325203252036,,0,,,,
G_noheal,T2,2032,4,True,0,0,0.0,0,,0,0.7894736842105263,0.7333333333333333,0.02830188679245283,1.0,0,,,,
G_noheal,T2,2033,4,True,0,0,0.0,0,,0,0.7368421052631579,0.7058823529411765,0.058823529411764705,,0,,,,
G_noheal,T2,2034,4,True,0,0,0.0,0,,0,0.9473684210526315,0.9333333333333333,0.017543859649122806,,0,,,,
G_noheal,T2,2035,4,True,0,0,0.0,0,,0,0.8421052631578947,0.8235294117647058,0.04672897196261682,,0,,,,
G_noheal,T2,2036,4,True,0,0,0.0,0,,0,0.8421052631578947,0.8235294117647058,0.02727272727272727,1.0,0,,,,
G_noheal,T2,2037,4,True,0,0,0.0,0,,0,0.8421052631578947,0.8235294117647058,0.02654867256637168,1.0,0,,,,
G_noheal,T2,2038,4,True,0,0,0.0,0,,0,0.8947368421052632,0.8823529411764706,0.032,,0,,,,
G_noheal,T2,2039,4,True,0,0,0.0,0,,0,0.8947368421052632,0.8823529411764706,0.017391304347826087,1.0,0,,,,
G_noheal,T2,2040,4,True,0,0,0.0,0,,0,0.7894736842105263,0.8235294117647058,0.03,1.0,0,,,,
G_noheal,T2,2041,4,True,0,0,0.0,0,,0,0.7894736842105263,0.7647058823529411,0.028037383177570093,1.0,0,,,,
G_noheal,T2,2042,4,True,0,0,0.0,0,,0,0.7894736842105263,0.8666666666666667,0.046875,,0,,,,
G_noheal,T2,2043,4,True,0,0,0.0,0,,0,0.7368421052631579,0.7647058823529411,0.018867924528301886,1.0,0,,,,
G_noheal,T2,2044,4,True,0,0,0.0,0,,0,0.7894736842105263,0.7647058823529411,0.03571428571428571,,0,,,,
G_noheal,T2,2045,4,True,0,0,0.0,0,,0,0.8947368421052632,0.875,0.01694915254237288,,0,,,,
G_noheal,T2,2046,4,True,0,0,0.0,0,,0,0.7368421052631579,0.6875,0.04504504504504504,1.0,0,,,,
G_noheal,T2,2047,4,True,0,0,0.0,0,,0,1.0,1.0,0.014492753623188406,,0,,,,
G_noheal,T2,2048,4,True,0,0,0.0,0,,0,0.8421052631578947,0.8125,0.031496062992125984,1.0,0,,,,
G_noheal,T2,2049,4,True,0,0,0.0,0,,0,0.8947368421052632,0.875,0.01680672268907563,,0,,,,
G_noheal,T2,2050,4,True,0,0,0.0,0,,0,0.7368421052631579,0.75,0.057692307692307696,1.0,0,,,,
G_noheal,T2,2051,4,True,0,0,0.0,0,,0,0.9473684210526315,0.9333333333333333,0.018018018018018018,,0,,,,
G_noheal,T2,2052,4,True,0,0,0.0,0,,0,0.8947368421052632,0.8666666666666667,0.02459016393442623,1.0,0,,,,
G_noheal,T2,2053,4,True,0,0,0.0,0,,0,0.8421052631578947,0.875,0.02912621359223301,1.0,0,,,,
G_noheal,T2,2054,4,True,0,0,0.0,0,,0,0.6842105263157895,0.6470588235294118,0.0784313725490196,,0,,,,
G_noheal,T2,2055,4,True,0,0,0.0,0,,0,0.8421052631578947,0.8,0.021052631578947368,1.0,0,,,,
G_noheal,T2,2056,4,True,0,0,0.0,0,,0,0.8947368421052632,0.9375,0.016129032258064516,,0,,,,
G_noheal,T2,2057,4,True,0,0,0.0,0,,0,0.8947368421052632,0.8888888888888888,0.04424778761061947,,0,,,,
G_noheal,T2,2058,4,True,0,0,0.0,0,,0,1.0,1.0,0.008695652173913044,,0,,,,
G_noheal,T2,2059,4,True,0,0,0.0,0,,0,0.8947368421052632,0.8666666666666667,0.028846153846153848,,0,,,,
G_noheal,T3,2000,4,True,0,0,0.5,1,2.0,1,0.47368421052631576,0.4375,0.13186813186813187,1.0,0,,,,
G_noheal,T3,2001,4,True,0,0,0.5,1,2.0,1,0.3157894736842105,0.23529411764705882,0.18518518518518517,0.6923076923076923,0,,,,
G_noheal,T3,2002,4,True,0,0,0.25,1,4.0,1,0.631578947368421,0.6111111111111112,0.09574468085106383,1.0,0,,,,
G_noheal,T3,2003,4,True,0,0,0.5,1,4.0,1,0.15789473684210525,0.058823529411764705,0.5161290322580645,1.0,0,,,,
G_noheal,T3,2004,4,True,0,0,0.0,0,,0,0.8421052631578947,0.8666666666666667,0.04,,0,,,,
G_noheal,T3,2005,4,True,0,0,0.25,1,1.0,1,0.47368421052631576,0.3333333333333333,0.17647058823529413,1.0,0,,,,
G_noheal,T3,2006,4,True,0,0,0.25,1,1.0,1,0.5263157894736842,0.5,0.13333333333333333,1.0,0,,,,
G_noheal,T3,2007,4,True,0,0,0.5,1,4.0,1,0.3684210526315789,0.25,0.17647058823529413,1.0,0,,,,
G_noheal,T3,2008,4,True,0,0,0.75,1,8.0,1,0.2631578947368421,0.25,0.3111111111111111,0.7142857142857143,0,,,,
G_noheal,T3,2009,4,True,0,0,0.25,1,6.0,1,0.3684210526315789,0.25,0.24074074074074073,1.0,0,,,,
G_noheal,T3,2010,4,True,0,0,0.25,1,8.0,1,0.42105263157894735,0.375,0.21568627450980393,1.0,0,,,,
G_noheal,T3,2011,4,True,0,0,1.0,1,7.0,1,0.15789473684210525,0.125,0.37209302325581395,1.0,0,,,,
G_noheal,T3,2012,4,True,0,0,0.75,1,6.0,1,0.2631578947368421,0.1875,0.2916666666666667,0.8461538461538461,0,,,,
G_noheal,T3,2013,4,True,0,0,0.75,1,6.0,1,0.42105263157894735,0.3888888888888889,0.16176470588235295,1.0,0,,,,
G_noheal,T3,2014,4,True,0,0,0.75,1,9.0,1,0.21052631578947367,0.125,0.3191489361702128,1.0,0,,,,
G_noheal,T3,2015,4,True,0,0,0.25,1,3.0,1,0.47368421052631576,0.375,0.15492957746478872,1.0,0,,,,
G_noheal,T3,2016,4,True,0,0,0.5,1,5.0,1,0.05263157894736842,0.0,0.6428571428571429,1.0,0,,,,
G_noheal,T3,2017,4,True,0,0,0.25,1,3.0,1,0.8947368421052632,0.8666666666666667,0.02702702702702703,1.0,0,,,,
G_noheal,T3,2018,4,True,0,0,0.5,1,3.0,1,0.3157894736842105,0.23529411764705882,0.18309859154929578,1.0,0,,,,
G_noheal,T3,2019,4,True,0,0,0.25,1,2.0,1,0.631578947368421,0.5882352941176471,0.08433734939759036,1.0,0,,,,
G_noheal,T3,2020,4,True,0,0,0.25,1,4.0,1,0.3684210526315789,0.29411764705882354,0.21428571428571427,1.0,0,,,,
G_noheal,T3,2021,4,True,0,0,0.25,1,2.0,1,0.42105263157894735,0.26666666666666666,0.23529411764705882,1.0,0,,,,
G_noheal,T3,2022,4,True,0,0,0.5,1,2.0,1,0.42105263157894735,0.26666666666666666,0.16666666666666666,1.0,0,,,,
G_noheal,T3,2023,4,True,0,0,0.5,1,11.0,1,0.2631578947368421,0.17647058823529413,0.32558139534883723,1.0,0,,,,
G_noheal,T3,2024,4,True,0,0,1.0,1,5.0,1,0.6842105263157895,0.6470588235294118,0.07526881720430108,0.9230769230769231,0,,,,
G_noheal,T3,2025,4,True,0,0,0.5,1,4.0,1,0.21052631578947367,0.0625,0.3404255319148936,1.0,0,,,,
G_noheal,T3,2026,4,True,0,0,0.25,1,2.0,1,0.47368421052631576,0.4117647058823529,0.15625,1.0,0,,,,
G_noheal,T3,2027,4,True,0,0,0.0,0,,0,1.0,1.0,0.0072992700729927005,,0,,,,
G_noheal,T3,2028,4,True,0,0,0.75,1,10.0,1,0.3684210526315789,0.2,0.16455696202531644,0.7058823529411765,0,,,,
G_noheal,T3,2029,4,True,0,0,0.75,1,8.0,1,0.42105263157894735,0.3125,0.19696969696969696,0.9230769230769231,0,,,,
G_noheal,T3,2030,4,True,0,0,0.75,1,5.0,1,0.6842105263157895,0.6666666666666666,0.10256410256410256,0.7142857142857143,0,,,,
G_noheal,T3,2031,4,True,0,0,0.5,1,6.0,1,0.5263157894736842,0.5333333333333333,0.11764705882352941,1.0,0,,,,
G_noheal,T3,2032,4,True,0,0,0.5,1,9.0,1,0.3684210526315789,0.2,0.19672131147540983,1.0,0,,,,
G_noheal,T3,2033,4,True,0,0,0.25,1,8.0,1,0.47368421052631576,0.4117647058823529,0.171875,1.0,0,,,,
G_noheal,T3,2034,4,True,0,0,0.25,1,3.0,1,0.42105263157894735,0.26666666666666666,0.16455696202531644,1.0,0,,,,
G_noheal,T3,2035,4,True,0,0,0.25,1,5.0,1,0.47368421052631576,0.4117647058823529,0.2033898305084746,1.0,0,,,,
G_noheal,T3,2036,4,True,0,0,0.75,1,4.0,1,0.42105263157894735,0.35294117647058826,0.18333333333333332,0.8333333333333334,0,,,,
G_noheal,T3,2037,4,True,0,0,0.25,1,2.0,1,0.6842105263157895,0.6470588235294118,0.07865168539325842,1.0,0,,,,
G_noheal,T3,2038,4,True,0,0,0.25,1,3.0,1,0.21052631578947367,0.11764705882352941,0.40540540540540543,1.0,0,,,,
G_noheal,T3,2039,4,True,0,0,0.75,1,6.0,1,0.3157894736842105,0.23529411764705882,0.25925925925925924,1.0,0,,,,
G_noheal,T3,2040,4,True,0,0,0.5,1,5.0,1,0.3157894736842105,0.29411764705882354,0.26,0.75,0,,,,
G_noheal,T3,2041,4,True,0,0,0.5,1,9.0,1,0.3157894736842105,0.23529411764705882,0.25,1.0,0,,,,
G_noheal,T3,2042,4,True,0,0,0.0,0,,0,0.7894736842105263,0.8666666666666667,0.046875,,0,,,,
G_noheal,T3,2043,4,True,0,0,0.5,1,7.0,1,0.5263157894736842,0.5294117647058824,0.1282051282051282,1.0,0,,,,
G_noheal,T3,2044,4,True,0,0,0.5,1,1.0,1,0.5263157894736842,0.47058823529411764,0.10714285714285714,1.0,0,,,,
G_noheal,T3,2045,4,True,0,0,0.5,1,7.0,1,0.2631578947368421,0.125,0.25925925925925924,1.0,0,,,,
G_noheal,T3,2046,4,True,0,0,0.75,1,9.0,1,0.3157894736842105,0.1875,0.24561403508771928,0.8461538461538461,0,,,,
G_noheal,T3,2047,4,True,0,0,0.75,1,5.0,1,0.47368421052631576,0.4117647058823529,0.15942028985507245,0.8461538461538461,0,,,,
G_noheal,T3,2048,4,True,0,0,0.25,1,1.0,1,0.7368421052631579,0.6875,0.06481481481481481,1.0,0,,,,
G_noheal,T3,2049,4,True,0,0,0.5,1,6.0,1,0.47368421052631576,0.375,0.16666666666666666,0.6363636363636364,0,,,,
G_noheal,T3,2050,4,True,0,0,0.25,1,5.0,1,0.3157894736842105,0.25,0.2765957446808511,1.0,0,,,,
G_noheal,T3,2051,4,True,0,0,0.5,1,4.0,1,0.5789473684210527,0.4666666666666667,0.0963855421686747,1.0,0,,,,
G_noheal,T3,2052,4,True,0,0,0.25,1,5.0,1,0.5789473684210527,0.4666666666666667,0.1095890410958904,1.0,0,,,,
G_noheal,T3,2053,4,True,0,0,0.25,1,1.0,1,0.42105263157894735,0.375,0.18461538461538463,1.0,0,,,,
G_noheal,T3,2054,4,True,0,0,0.75,1,11.0,1,0.21052631578947367,0.11764705882352941,0.2909090909090909,0.8461538461538461,0,,,,
G_noheal,T3,2055,4,True,0,0,0.5,1,7.0,1,0.3684210526315789,0.2,0.21428571428571427,1.0,0,,,,
G_noheal,T3,2056,4,True,0,0,0.5,1,7.0,1,0.6842105263157895,0.6875,0.0594059405940594,0.7777777777777778,0,,,,
G_noheal,T3,2057,4,True,0,0,0.5,1,3.0,1,0.21052631578947367,0.16666666666666666,0.39473684210526316,0.6,0,,,,
G_noheal,T3,2058,4,True,0,0,0.25,1,3.0,1,0.5263157894736842,0.47058823529411764,0.1956521739130435,1.0,0,,,,
G_noheal,T3,2059,4,True,0,0,0.5,1,5.0,1,0.6842105263157895,0.6,0.08139534883720931,1.0,0,,,,
G_noheal,T4,2000,4,True,0,0,0.75,1,14.0,1,0.5263157894736842,0.5,0.10377358490566038,1.0,0,,,,
G_noheal,T4,2001,4,True,0,0,0.75,1,16.0,1,0.42105263157894735,0.35294117647058826,0.14545454545454545,0.75,0,,,,
G_noheal,T4,2002,4,True,0,0,0.5,1,32.0,1,0.631578947368421,0.6111111111111112,0.07608695652173914,1.0,0,,,,
G_noheal,T4,2003,4,True,0,0,0.75,1,65.0,0,0.3157894736842105,0.23529411764705882,0.18032786885245902,0.9090909090909091,0,,,,
G_noheal,T4,2004,4,True,0,0,0.75,1,38.0,0,0.7894736842105263,0.8,0.05102040816326531,1.0,0,,,,
G_noheal,T4,2005,4,True,0,0,1.0,1,47.0,0,0.8421052631578947,0.8,0.05511811023622047,0.7333333333333333,0,,,,
G_noheal,T4,2006,4,True,0,0,0.5,1,41.0,0,0.8421052631578947,0.875,0.047619047619047616,1.0,0,,,,
G_noheal,T4,2007,4,True,0,0,0.75,1,26.0,1,0.47368421052631576,0.375,0.13333333333333333,1.0,0,,,,
G_noheal,T4,2008,4,True,0,0,1.0,1,56.0,0,0.47368421052631576,0.5,0.1,0.7368421052631579,0,,,,
G_noheal,T4,2009,4,True,0,0,1.0,1,56.0,0,0.6842105263157895,0.625,0.08771929824561403,1.0,0,,,,
G_noheal,T4,2010,4,True,0,0,0.25,1,13.0,1,0.47368421052631576,0.4375,0.16129032258064516,1.0,0,,,,
G_noheal,T4,2011,4,True,0,0,0.75,1,20.0,1,0.5263157894736842,0.5625,0.10227272727272728,1.0,0,,,,
G_noheal,T4,2012,4,True,0,0,0.75,1,59.0,0,0.47368421052631576,0.4375,0.10294117647058823,1.0,0,,,,
G_noheal,T4,2013,4,True,0,0,0.75,1,40.0,1,0.5263157894736842,0.5,0.1038961038961039,1.0,0,,,,
G_noheal,T4,2014,4,True,0,0,1.0,1,56.0,0,0.5263157894736842,0.5,0.10714285714285714,0.7857142857142857,0,,,,
G_noheal,T4,2015,4,True,0,0,0.75,1,16.0,1,0.3157894736842105,0.1875,0.14285714285714285,0.875,0,,,,
G_noheal,T4,2016,4,True,0,0,0.75,1,21.0,1,0.47368421052631576,0.4444444444444444,0.13333333333333333,1.0,0,,,,
G_noheal,T4,2017,4,True,0,0,1.0,1,38.0,1,0.6842105263157895,0.6,0.06896551724137931,1.0,0,,,,
G_noheal,T4,2018,4,True,0,0,0.75,1,30.0,1,0.47368421052631576,0.4117647058823529,0.11764705882352941,0.7692307692307693,0,,,,
G_noheal,T4,2019,4,True,0,0,0.25,1,3.0,1,0.631578947368421,0.5882352941176471,0.08433734939759036,1.0,0,,,,
G_noheal,T4,2020,4,True,0,0,0.75,1,65.0,0,0.3684210526315789,0.29411764705882354,0.16129032258064516,1.0,0,,,,
G_noheal,T4,2021,4,True,0,0,0.75,1,22.0,1,0.42105263157894735,0.26666666666666666,0.13414634146341464,1.0,0,,,,
G_noheal,T4,2022,4,True,0,0,0.5,1,16.0,1,0.42105263157894735,0.26666666666666666,0.1016949152542373,1.0,0,,,,
G_noheal,T4,2023,4,True,0,0,1.0,1,12.0,1,0.7368421052631579,0.7058823529411765,0.04807692307692308,0.9285714285714286,0,,,,
G_noheal,T4,2024,4,True,0,0,0.75,1,19.0,1,0.6842105263157895,0.6470588235294118,0.06521739130434782,1.0,0,,,,
G_noheal,T4,2025,4,True,0,0,0.75,1,59.0,0,0.47368421052631576,0.375,0.18461538461538463,0.875,0,,,,
G_noheal,T4,2026,4,True,0,0,0.5,1,40.0,1,0.6842105263157895,0.6470588235294118,0.06593406593406594,1.0,0,,,,
G_noheal,T4,2027,4,True,0,0,0.0,0,,0,1.0,1.0,0.0072992700729927005,,0,,,,
G_noheal,T4,2028,4,True,0,0,0.75,1,59.0,0,0.7368421052631579,0.6666666666666666,0.019801980198019802,1.0,0,,,,
G_noheal,T4,2029,4,True,0,0,1.0,1,45.0,1,0.7894736842105263,0.75,0.038834951456310676,1.0,0,,,,
G_noheal,T4,2030,4,True,0,0,0.5,1,32.0,0,0.7894736842105263,0.7777777777777778,0.06896551724137931,1.0,0,,,,
G_noheal,T4,2031,4,True,0,0,1.0,1,38.0,0,0.6842105263157895,0.7333333333333333,0.06086956521739131,0.8333333333333334,0,,,,
G_noheal,T4,2032,4,True,0,0,0.5,1,18.0,1,0.47368421052631576,0.3333333333333333,0.1095890410958904,1.0,0,,,,
G_noheal,T4,2033,4,True,0,0,0.0,0,,0,0.7368421052631579,0.7058823529411765,0.058823529411764705,,0,,,,
G_noheal,T4,2034,4,True,0,0,0.5,1,11.0,1,0.3157894736842105,0.13333333333333333,0.2037037037037037,1.0,0,,,,
G_noheal,T4,2035,4,True,0,0,0.5,1,21.0,1,0.3684210526315789,0.29411764705882354,0.18181818181818182,1.0,0,,,,
G_noheal,T4,2036,4,True,0,0,0.5,1,14.0,1,0.5789473684210527,0.5294117647058824,0.06172839506172839,0.75,0,,,,
G_noheal,T4,2037,4,True,0,0,0.75,1,31.0,1,0.6842105263157895,0.6470588235294118,0.021052631578947368,1.0,0,,,,
G_noheal,T4,2038,4,True,0,0,0.25,1,3.0,1,0.21052631578947367,0.11764705882352941,0.40540540540540543,1.0,0,,,,
G_noheal,T4,2039,4,True,0,0,0.75,1,19.0,1,0.9473684210526315,0.9411764705882353,0.017241379310344827,1.0,0,,,,
G_noheal,T4,2040,4,True,0,0,0.75,1,38.0,1,0.3684210526315789,0.35294117647058826,0.21153846153846154,0.7692307692307693,0,,,,
G_noheal,T4,2041,4,True,0,0,0.5,1,21.0,1,0.3157894736842105,0.23529411764705882,0.16666666666666666,1.0,0,,,,
G_noheal,T4,2042,4,True,0,0,1.0,1,46.0,1,0.5789473684210527,0.6,0.08849557522123894,0.9375,0,,,,
G_noheal,T4,2043,4,True,0,0,0.25,1,33.0,1,0.9473684210526315,1.0,0.009174311926605505,1.0,0,,,,
G_noheal,T4,2044,4,True,0,0,1.0,1,38.0,0,0.7368421052631579,0.7058823529411765,0.056074766355140186,0.875,0,,,,
G_noheal,T4,2045,4,True,0,0,0.75,1,54.0,1,0.631578947368421,0.5625,0.06976744186046512,1.0,0,,,,
G_noheal,T4,2046,4,True,0,0,0.25,1,11.0,1,0.631578947368421,0.5625,0.10526315789473684,1.0,0,,,,
G_noheal,T4,2047,4,True,0,0,1.0,1,49.0,1,0.9473684210526315,0.9411764705882353,0.03968253968253968,0.85,0,,,,
G_noheal,T4,2048,4,True,0,0,1.0,1,35.0,0,0.7894736842105263,0.75,0.040983606557377046,1.0,0,,,,
G_noheal,T4,2049,4,True,0,0,1.0,1,55.0,1,0.7368421052631579,0.6875,0.043478260869565216,0.75,0,,,,
G_noheal,T4,2050,4,True,0,0,0.25,1,3.0,1,0.21052631578947367,0.125,0.2033898305084746,1.0,0,,,,
G_noheal,T4,2051,4,True,0,0,0.25,1,1.0,1,0.7894736842105263,0.7333333333333333,0.04395604395604396,1.0,0,,,,
G_noheal,T4,2052,4,True,0,0,0.0,0,,0,0.9473684210526315,0.9333333333333333,0.024390243902439025,,0,,,,
G_noheal,T4,2053,4,True,0,0,0.5,1,3.0,1,0.5789473684210527,0.5625,0.1111111111111111,1.0,0,,,,
G_noheal,T4,2054,4,True,0,0,0.75,1,24.0,1,0.2631578947368421,0.17647058823529413,0.26,1.0,0,,,,
G_noheal,T4,2055,4,True,0,0,0.75,1,56.0,0,0.3684210526315789,0.2,0.1864406779661017,1.0,0,,,,
G_noheal,T4,2056,4,True,0,0,0.75,1,34.0,1,0.7894736842105263,0.8125,0.036036036036036036,0.8571428571428571,0,,,,
G_noheal,T4,2057,4,True,0,0,1.0,1,65.0,0,0.42105263157894735,0.3888888888888889,0.16666666666666666,0.8,0,,,,
G_noheal,T4,2058,4,True,0,0,0.25,1,3.0,1,0.5789473684210527,0.5294117647058824,0.1509433962264151,1.0,0,,,,
G_noheal,T4,2059,4,True,0,0,1.0,1,25.0,1,0.6842105263157895,0.6,0.058823529411764705,1.0,0,,,,
G_noheal,T5,2000,4,True,0,0,0.0,0,,0,0.47368421052631576,0.4375,0.1411764705882353,1.0,0,,,,
G_noheal,T5,2001,4,True,0,0,0.0,0,,0,0.3157894736842105,0.23529411764705882,0.23214285714285715,0.8888888888888888,0,,,,
G_noheal,T5,2002,4,True,0,0,0.0,0,,0,0.6842105263157895,0.6666666666666666,0.0898876404494382,1.0,0,,,,
G_noheal,T5,2003,4,True,0,0,0.0,0,,0,0.15789473684210525,0.058823529411764705,0.5161290322580645,1.0,0,,,,
G_noheal,T5,2004,4,True,0,0,0.0,0,,0,0.5263157894736842,0.4666666666666667,0.12857142857142856,1.0,0,,,,
G_noheal,T5,2005,4,True,0,0,0.0,0,,0,0.47368421052631576,0.3333333333333333,0.17647058823529413,0.9230769230769231,0,,,,
G_noheal,T5,2006,4,True,0,0,0.0,0,,0,0.47368421052631576,0.4375,0.15492957746478872,1.0,0,,,,
G_noheal,T5,2007,4,True,0,0,0.0,0,,0,0.2631578947368421,0.125,0.358974358974359,0.9166666666666666,0,,,,
G_noheal,T5,2008,4,True,0,0,0.0,0,,0,0.21052631578947367,0.1875,0.375,0.9166666666666666,0,,,,
G_noheal,T5,2009,4,True,0,0,0.0,0,,0,0.3684210526315789,0.25,0.24074074074074073,1.0,0,,,,
G_noheal,T5,2010,4,True,0,0,0.0,0,,0,0.42105263157894735,0.375,0.21568627450980393,1.0,0,,,,
G_noheal,T5,2011,4,True,0,0,0.0,0,,0,0.15789473684210525,0.125,0.37209302325581395,1.0,0,,,,
G_noheal,T5,2012,4,True,0,0,0.0,0,,0,0.2631578947368421,0.1875,0.2916666666666667,0.8888888888888888,0,,,,
G_noheal,T5,2013,4,True,0,0,0.0,0,,0,0.3684210526315789,0.3333333333333333,0.21311475409836064,1.0,0,,,,
G_noheal,T5,2014,4,True,0,0,0.0,0,,0,0.21052631578947367,0.125,0.32608695652173914,1.0,0,,,,
G_noheal,T5,2015,4,True,0,0,0.0,0,,0,0.47368421052631576,0.375,0.15492957746478872,1.0,0,,,,
G_noheal,T5,2016,4,True,0,0,0.0,0,,0,0.05263157894736842,0.0,0.6428571428571429,1.0,0,,,,
G_noheal,T5,2017,4,True,0,0,0.0,0,,0,0.3684210526315789,0.2,0.21052631578947367,1.0,0,,,,
G_noheal,T5,2018,4,True,0,0,0.0,0,,0,0.2631578947368421,0.17647058823529413,0.25925925925925924,1.0,0,,,,
G_noheal,T5,2019,4,True,0,0,0.0,0,,0,0.42105263157894735,0.35294117647058826,0.2037037037037037,1.0,0,,,,
G_noheal,T5,2020,4,True,0,0,0.0,0,,0,0.3157894736842105,0.23529411764705882,0.2653061224489796,1.0,0,,,,
G_noheal,T5,2021,4,True,0,0,0.0,0,,0,0.2631578947368421,0.06666666666666667,0.32558139534883723,1.0,0,,,,
G_noheal,T5,2022,4,True,0,0,0.0,0,,0,0.42105263157894735,0.26666666666666666,0.1774193548387097,1.0,0,,,,
G_noheal,T5,2023,4,True,0,0,0.0,0,,0,0.21052631578947367,0.11764705882352941,0.40540540540540543,0.8888888888888888,0,,,,
G_noheal,T5,2024,4,True,0,0,0.0,0,,0,0.3684210526315789,0.29411764705882354,0.21818181818181817,1.0,0,,,,
G_noheal,T5,2025,4,True,0,0,0.0,0,,0,0.21052631578947367,0.0625,0.3404255319148936,1.0,0,,,,
G_noheal,T5,2026,4,True,0,0,0.0,0,,0,0.42105263157894735,0.35294117647058826,0.1774193548387097,0.8,0,,,,
G_noheal,T5,2027,4,True,0,0,0.0,0,,0,0.47368421052631576,0.375,0.13157894736842105,0.9230769230769231,0,,,,
G_noheal,T5,2028,4,True,0,0,0.0,0,,0,0.2631578947368421,0.06666666666666667,0.25925925925925924,0.9166666666666666,0,,,,
G_noheal,T5,2029,4,True,0,0,0.0,0,,0,0.42105263157894735,0.3125,0.1935483870967742,1.0,0,,,,
G_noheal,T5,2030,4,True,0,0,0.0,0,,0,0.5789473684210527,0.5555555555555556,0.1388888888888889,1.0,0,,,,
G_noheal,T5,2031,4,True,0,0,0.0,0,,0,0.3157894736842105,0.26666666666666666,0.28,0.9411764705882353,0,,,,
G_noheal,T5,2032,4,True,0,0,0.0,0,,0,0.3684210526315789,0.2,0.21818181818181817,1.0,0,,,,
G_noheal,T5,2033,4,True,0,0,0.0,0,,0,0.47368421052631576,0.4117647058823529,0.171875,1.0,0,,,,
G_noheal,T5,2034,4,True,0,0,0.0,0,,0,0.3157894736842105,0.13333333333333333,0.24561403508771928,1.0,0,,,,
G_noheal,T5,2035,4,True,0,0,0.0,0,,0,0.2631578947368421,0.17647058823529413,0.375,1.0,0,,,,
G_noheal,T5,2036,4,True,0,0,0.0,0,,0,0.3157894736842105,0.23529411764705882,0.26,1.0,0,,,,
G_noheal,T5,2037,4,True,0,0,0.0,0,,0,0.5263157894736842,0.47058823529411764,0.14925373134328357,1.0,0,,,,
G_noheal,T5,2038,4,True,0,0,0.0,0,,0,0.21052631578947367,0.11764705882352941,0.40540540540540543,1.0,0,,,,
G_noheal,T5,2039,4,True,0,0,0.0,0,,0,0.2631578947368421,0.17647058823529413,0.32558139534883723,1.0,0,,,,
G_noheal,T5,2040,4,True,0,0,0.0,0,,0,0.3157894736842105,0.29411764705882354,0.26,0.875,0,,,,
G_noheal,T5,2041,4,True,0,0,0.0,0,,0,0.5263157894736842,0.47058823529411764,0.16666666666666666,1.0,0,,,,
G_noheal,T5,2042,4,True,0,0,0.0,0,,0,0.42105263157894735,0.4,0.14457831325301204,1.0,0,,,,
G_noheal,T5,2043,4,True,0,0,0.0,0,,0,0.5789473684210527,0.5882352941176471,0.12307692307692308,1.0,0,,,,
G_noheal,T5,2044,4,True,0,0,0.0,0,,0,0.3684210526315789,0.29411764705882354,0.2222222222222222,1.0,0,,,,
G_noheal,T5,2045,4,True,0,0,0.0,0,,0,0.3684210526315789,0.25,0.21052631578947367,1.0,0,,,,
G_noheal,T5,2046,4,True,0,0,0.0,0,,0,0.5263157894736842,0.4375,0.15873015873015872,1.0,0,,,,
G_noheal,T5,2047,4,True,0,0,0.0,0,,0,0.3684210526315789,0.29411764705882354,0.21428571428571427,1.0,0,,,,
G_noheal,T5,2048,4,True,0,0,0.0,0,,0,0.631578947368421,0.5625,0.08823529411764706,0.9,0,,,,
G_noheal,T5,2049,4,True,0,0,0.0,0,,0,0.47368421052631576,0.375,0.16666666666666666,0.9090909090909091,0,,,,
G_noheal,T5,2050,4,True,0,0,0.0,0,,0,0.3157894736842105,0.25,0.2765957446808511,1.0,0,,,,
G_noheal,T5,2051,4,True,0,0,0.5,1,4.0,1,0.5789473684210527,0.4666666666666667,0.0963855421686747,1.0,0,,,,
G_noheal,T5,2052,4,True,0,0,0.0,0,,0,0.5789473684210527,0.4666666666666667,0.1095890410958904,1.0,0,,,,
G_noheal,T5,2053,4,True,0,0,0.0,0,,0,0.21052631578947367,0.125,0.42857142857142855,1.0,0,,,,
G_noheal,T5,2054,4,True,0,0,0.0,0,,0,0.21052631578947367,0.11764705882352941,0.3191489361702128,0.8333333333333334,0,,,,
G_noheal,T5,2055,4,True,0,0,0.0,0,,0,0.3157894736842105,0.13333333333333333,0.2653061224489796,1.0,0,,,,
G_noheal,T5,2056,4,True,0,0,0.0,0,,0,0.5789473684210527,0.5625,0.1125,1.0,0,,,,
G_noheal,T5,2057,4,True,0,0,0.0,0,,0,0.21052631578947367,0.16666666666666666,0.39473684210526316,0.9,0,,,,
G_noheal,T5,2058,4,True,0,0,0.0,0,,0,0.3157894736842105,0.23529411764705882,0.30952380952380953,0.875,0,,,,
G_noheal,T5,2059,4,True,0,0,0.0,0,,0,0.6842105263157895,0.6,0.10144927536231885,1.0,0,,,,
G,none,2000,4,True,0,0,0.0,0,,0,0.7894736842105263,0.8125,0.043478260869565216,,0,,,,
G,none,2001,4,True,0,0,0.0,0,,0,0.8421052631578947,0.8235294117647058,0.02912621359223301,,0,,,,
G,none,2002,4,True,0,0,0.0,0,,0,0.8947368421052632,0.8888888888888888,0.03773584905660377,,0,,,,
G,none,2003,4,True,0,0,0.0,0,,0,0.9473684210526315,0.9411764705882353,0.009259259259259259,,0,,,,
G,none,2004,4,True,0,0,0.0,0,,0,0.8421052631578947,0.8666666666666667,0.04,,0,,,,
G,none,2005,4,True,0,0,0.0,0,,0,0.9473684210526315,0.9333333333333333,0.0390625,,0,,,,
G,none,2006,4,True,0,0,0.0,0,,0,0.7894736842105263,0.8125,0.04807692307692308,,1,0.48214285714285715,29.0,0.0,40.0
G,none,2007,4,True,0,0,0.0,0,,0,0.8421052631578947,0.8125,0.026785714285714284,,0,,,,
G,none,2008,4,True,0,0,0.0,0,,0,0.6842105263157895,0.75,0.06930693069306931,,0,,,,
G,none,2009,4,True,0,0,0.0,0,,0,0.9473684210526315,0.9375,0.03361344537815126,,0,,,,
G,none,2010,4,True,0,0,0.0,0,,0,0.7894736842105263,0.8125,0.03773584905660377,,0,,,,
G,none,2011,4,True,0,0,0.0,0,,0,0.7894736842105263,0.875,0.05172413793103448,,0,,,,
G,none,2012,4,True,0,0,0.0,0,,0,0.7368421052631579,0.75,0.044642857142857144,,0,,,,
G,none,2013,4,True,0,0,0.0,0,,0,0.8421052631578947,0.8333333333333334,0.03636363636363636,,0,,,,
G,none,2014,4,True,0,0,0.0,0,,0,0.8421052631578947,0.875,0.046296296296296294,,0,,,,
G,none,2015,4,True,0,0,0.0,0,,0,0.8947368421052632,0.875,0.015748031496062992,,0,,,,
G,none,2016,4,True,0,0,0.0,0,,0,0.7894736842105263,0.7777777777777778,0.05660377358490566,,0,,,,
G,none,2017,4,True,0,0,0.0,0,,0,0.9473684210526315,0.9333333333333333,0.017391304347826087,,0,,,,
G,none,2018,4,True,0,0,0.0,0,,0,1.0,1.0,0.00909090909090909,,0,,,,
G,none,2019,4,True,0,0,0.0,0,,0,0.8947368421052632,0.8823529411764706,0.016260162601626018,,0,,,,
G,none,2020,4,True,0,0,0.0,0,,0,0.8421052631578947,0.8235294117647058,0.04,,1,0.4,21.0,0.0,10.0
G,none,2021,4,True,0,0,0.0,0,,0,0.9473684210526315,0.9333333333333333,0.017543859649122806,,0,,,,
G,none,2022,4,True,0,0,0.0,0,,0,1.0,1.0,0.0,,0,,,,
G,none,2023,4,True,0,0,0.0,0,,0,0.8947368421052632,0.8823529411764706,0.023255813953488372,,0,,,,
G,none,2024,4,True,0,0,0.0,0,,0,1.0,1.0,0.007874015748031496,,0,,,,
G,none,2025,4,True,0,0,0.0,0,,0,0.8947368421052632,0.875,0.028846153846153848,,0,,,,
G,none,2026,4,True,0,0,0.0,0,,0,0.9473684210526315,0.9411764705882353,0.015267175572519083,,0,,,,
G,none,2027,4,True,0,0,0.0,0,,0,1.0,1.0,0.0072992700729927005,,0,,,,
G,none,2028,4,True,0,0,0.0,0,,0,0.9473684210526315,0.9333333333333333,0.008403361344537815,,0,,,,
G,none,2029,4,True,0,0,0.0,0,,0,1.0,1.0,0.031496062992125984,,0,,,,
G,none,2030,4,True,0,0,0.0,0,,0,0.8947368421052632,0.8888888888888888,0.041237113402061855,,0,,,,
G,none,2031,4,True,0,0,0.0,0,,0,0.8421052631578947,0.9333333333333333,0.032520325203252036,,0,,,,
G,none,2032,4,True,0,0,0.0,0,,0,0.8421052631578947,0.8,0.028037383177570093,,0,,,,
G,none,2033,4,True,0,0,0.0,0,,0,0.7368421052631579,0.7058823529411765,0.058823529411764705,,0,,,,
G,none,2034,4,True,0,0,0.0,0,,0,0.9473684210526315,0.9333333333333333,0.017543859649122806,,0,,,,
G,none,2035,4,True,0,0,0.0,0,,0,0.8421052631578947,0.8235294117647058,0.04672897196261682,,0,,,,
G,none,2036,4,True,0,0,0.0,0,,0,0.8947368421052632,0.8823529411764706,0.02702702702702703,,0,,,,
G,none,2037,4,True,0,0,0.0,0,,0,0.8947368421052632,0.8823529411764706,0.02631578947368421,,0,,,,
G,none,2038,4,True,0,0,0.0,0,,0,0.8947368421052632,0.8823529411764706,0.032,,0,,,,
G,none,2039,4,True,0,0,0.0,0,,0,0.9473684210526315,0.9411764705882353,0.017241379310344827,,0,,,,
G,none,2040,4,True,0,0,0.0,0,,0,0.8421052631578947,0.8823529411764706,0.0297029702970297,,0,,,,
G,none,2041,4,True,0,0,0.0,0,,0,0.8421052631578947,0.8235294117647058,0.027777777777777776,,0,,,,
G,none,2042,4,True,0,0,0.0,0,,0,0.7894736842105263,0.8666666666666667,0.046875,,0,,,,
G,none,2043,4,True,0,0,0.0,0,,0,0.9473684210526315,1.0,0.009174311926605505,,0,,,,
G,none,2044,4,True,0,0,0.0,0,,0,0.7894736842105263,0.7647058823529411,0.03571428571428571,,0,,,,
G,none,2045,4,True,0,0,0.0,0,,0,0.8947368421052632,0.875,0.01694915254237288,,0,,,,
G,none,2046,4,True,0,0,0.0,0,,0,0.8947368421052632,0.875,0.035398230088495575,,0,,,,
G,none,2047,4,True,0,0,0.0,0,,0,1.0,1.0,0.014492753623188406,,0,,,,
G,none,2048,4,True,0,0,0.0,0,,0,0.8947368421052632,0.875,0.03125,,0,,,,
G,none,2049,4,True,0,0,0.0,0,,0,0.8947368421052632,0.875,0.01680672268907563,,0,,,,
G,none,2050,4,True,0,0,0.0,0,,0,0.7894736842105263,0.8125,0.05714285714285714,,0,,,,
G,none,2051,4,True,0,0,0.0,0,,0,0.9473684210526315,0.9333333333333333,0.018018018018018018,,0,,,,
G,none,2052,4,True,0,0,0.0,0,,0,0.8947368421052632,0.8666666666666667,0.02459016393442623,,1,0.07608695652173914,85.0,0.0,12.0
G,none,2053,4,True,0,0,0.0,0,,0,0.8947368421052632,0.9375,0.028846153846153848,,0,,,,
G,none,2054,4,True,0,0,0.0,0,,0,0.6842105263157895,0.6470588235294118,0.0784313725490196,,0,,,,
G,none,2055,4,True,0,0,0.0,0,,0,0.8947368421052632,0.8666666666666667,0.020833333333333332,,0,,,,
G,none,2056,4,True,0,0,0.0,0,,0,0.8947368421052632,0.9375,0.016129032258064516,,0,,,,
G,none,2057,4,True,0,0,0.0,0,,0,0.8947368421052632,0.8888888888888888,0.04424778761061947,,0,,,,
G,none,2058,4,True,0,0,0.0,0,,0,1.0,1.0,0.008695652173913044,,0,,,,
G,none,2059,4,True,0,0,0.0,0,,0,0.8947368421052632,0.8666666666666667,0.028846153846153848,,0,,,,
G,T1,2000,4,True,0,0,0.25,1,2.0,1,0.631578947368421,0.625,0.08108108108108109,1.0,1,0.14772727272727273,75.0,0.0,16.0
G,T1,2001,4,True,0,0,0.25,1,2.0,1,0.631578947368421,0.5882352941176471,0.08433734939759036,1.0,1,1.0,0.0,0.0,22.0
G,T1,2002,4,True,0,0,0.5,1,2.0,1,0.6842105263157895,0.6666666666666666,0.08791208791208792,1.0,1,0.96,3.0,0.0,33.0
G,T1,2003,4,True,0,0,0.5,1,1.0,1,0.6842105263157895,0.6470588235294118,0.06493506493506493,1.0,1,1.0,0.0,0.0,32.0
G,T1,2004,4,True,0,0,0.25,1,3.0,1,0.6842105263157895,0.6666666666666666,0.075,1.0,1,0.21428571428571427,44.0,0.0,18.0
G,T1,2005,4,True,0,0,0.75,1,1.0,1,0.6842105263157895,0.6,0.0673076923076923,0.5,1,0.7931034482758621,12.0,0.0,17.0
G,T1,2006,4,True,0,0,0.25,1,4.0,1,0.5789473684210527,0.5625,0.0963855421686747,1.0,2,0.6659356725146199,15.5,0.0,28.5
G,T1,2007,4,True,0,0,0.75,1,2.0,1,0.631578947368421,0.5625,0.07526881720430108,0.8333333333333334,1,0.6923076923076923,8.0,0.0,19.0
G,T1,2008,4,True,0,0,0.25,1,3.0,1,0.5789473684210527,0.625,0.09523809523809523,1.0,1,0.7317073170731707,11.0,0.0,15.0
G,T1,2009,4,True,0,0,0.25,1,4.0,1,0.7368421052631579,0.6875,0.07526881720430108,1.0,1,1.0,0.0,0.0,20.0
G,T1,2010,4,True,0,0,0.25,1,8.0,1,0.6842105263157895,0.6875,0.07142857142857142,0.6666666666666666,1,0.84375,5.0,0.0,16.0
G,T1,2011,4,True,0,0,0.75,1,4.0,1,0.7368421052631579,0.8125,0.06363636363636363,1.0,1,0.7857142857142857,6.0,0.0,15.0
G,T1,2012,4,True,0,0,0.25,1,3.0,1,0.5263157894736842,0.5,0.10465116279069768,1.0,1,1.0,0.0,0.0,18.0
G,T1,2013,4,True,0,0,0.25,1,5.0,1,0.6842105263157895,0.6666666666666666,0.0625,1.0,1,0.2916666666666667,34.0,0.0,19.0
G,T1,2014,4,True,0,0,0.25,1,5.0,1,0.631578947368421,0.625,0.10256410256410256,1.0,1,0.5555555555555556,16.0,0.0,25.0
G,T1,2015,4,True,0,0,0.25,1,2.0,1,0.6842105263157895,0.625,0.049019607843137254,1.0,1,1.0,0.0,0.0,19.0
G,T1,2016,4,True,0,0,0.25,1,5.0,1,0.631578947368421,0.6111111111111112,0.11904761904761904,1.0,1,1.0,0.0,0.0,19.0
G,T1,2017,4,True,0,0,0.25,1,1.0,1,0.6842105263157895,0.6,0.05102040816326531,1.0,1,0.390625,39.0,0.0,20.0
G,T1,2018,4,True,0,0,0.5,1,4.0,1,0.9473684210526315,0.9411764705882353,0.008849557522123894,0.3333333333333333,1,0.5087719298245614,28.0,0.0,10.0
G,T1,2019,4,True,0,0,0.25,1,2.0,1,0.7368421052631579,0.7058823529411765,0.05154639175257732,1.0,1,0.2676056338028169,52.0,0.0,19.0
G,T1,2020,4,True,0,0,0.25,1,3.0,1,0.6842105263157895,0.6470588235294118,0.05714285714285714,1.0,1,1.0,0.0,0.0,21.0
G,T1,2021,4,True,0,0,1.0,1,59.0,0,0.5789473684210527,0.4666666666666667,0.08108108108108109,0.5242718446601942,5,0.9213010532251242,4.8,0.2,13.4
G,T1,2022,4,True,0,0,0.25,1,4.0,1,0.7368421052631579,0.6666666666666666,0.0449438202247191,1.0,1,0.35294117647058826,33.0,0.0,46.0
G,T1,2023,4,True,0,0,0.5,1,3.0,1,0.8421052631578947,0.8235294117647058,0.023622047244094488,0.8333333333333334,1,0.6,10.0,0.0,21.0
G,T1,2024,4,True,0,0,0.75,1,2.0,1,0.9473684210526315,0.9411764705882353,0.01652892561983471,0.6666666666666666,1,0.20512820512820512,62.0,0.0,11.0
G,T1,2025,4,True,0,0,0.5,1,2.0,1,0.6842105263157895,0.625,0.08045977011494253,1.0,1,1.0,0.0,0.0,22.0
G,T1,2026,4,True,0,0,0.5,1,2.0,1,0.6842105263157895,0.6470588235294118,0.05555555555555555,1.0,1,0.42592592592592593,31.0,0.0,19.0
G,T1,2027,4,True,0,0,0.0,0,,0,1.0,1.0,0.0072992700729927005,,0,,,,
G,T1,2028,4,True,0,0,0.5,1,3.0,1,0.7894736842105263,0.7333333333333333,0.04040404040404041,0.8333333333333334,1,0.627906976744186,16.0,0.0,21.0
G,T1,2029,4,True,0,0,0.5,1,1.0,1,1.0,1.0,0.03125,1.0,1,0.3333333333333333,28.0,0.0,6.0
G,T1,2030,4,True,0,0,0.5,1,2.0,1,0.7368421052631579,0.7222222222222222,0.0875,0.75,1,0.9253731343283582,5.0,0.0,30.0
G,T1,2031,4,True,0,0,0.25,1,2.0,1,0.631578947368421,0.6666666666666666,0.07547169811320754,1.0,1,0.3,49.0,0.0,16.0
G,T1,2032,4,True,0,0,0.25,1,4.0,1,0.6842105263157895,0.6,0.06315789473684211,1.0,1,0.5,23.0,0.0,17.0
G,T1,2033,4,True,0,0,0.0,0,,0,0.7368421052631579,0.7058823529411765,0.058823529411764705,,0,,,,
G,T1,2034,4,True,0,0,0.25,1,2.0,1,0.7368421052631579,0.6666666666666666,0.07,1.0,1,0.6829268292682927,13.0,0.0,22.0
G,T1,2035,4,True,0,0,0.25,1,5.0,1,0.6842105263157895,0.6470588235294118,0.10714285714285714,1.0,1,0.8611111111111112,5.0,0.0,22.0
G,T1,2036,4,True,0,0,0.75,1,3.0,1,0.7368421052631579,0.7058823529411765,0.05263157894736842,0.75,1,0.6226415094339622,20.0,0.0,21.0
G,T1,2037,4,True,0,0,0.25,1,4.0,1,0.7368421052631579,0.7058823529411765,0.06521739130434782,1.0,1,0.8235294117647058,12.0,0.0,43.0
G,T1,2038,4,True,0,0,0.25,1,3.0,1,0.6842105263157895,0.6470588235294118,0.07446808510638298,1.0,1,1.0,0.0,0.0,18.0
G,T1,2039,4,True,0,0,1.0,1,59.0,0,0.47368421052631576,0.4117647058823529,0.12698412698412698,0.5548387096774193,4,0.787012987012987,7.5,0.25,26.25
G,T1,2040,4,True,0,0,0.5,1,3.0,1,0.6842105263157895,0.7058823529411765,0.07142857142857142,1.0,1,0.3870967741935484,19.0,0.0,21.0
G,T1,2041,4,True,0,0,0.25,1,4.0,1,0.7368421052631579,0.7058823529411765,0.05813953488372093,1.0,1,1.0,0.0,0.0,26.0
G,T1,2042,4,True,0,0,0.0,0,,0,0.7894736842105263,0.8666666666666667,0.046875,,0,,,,
G,T1,2043,4,True,0,0,0.25,1,3.0,1,0.7368421052631579,0.7647058823529411,0.0625,1.0,1,0.1951219512195122,33.0,0.0,27.0
G,T1,2044,4,True,0,0,0.5,1,1.0,1,0.6842105263157895,0.6470588235294118,0.058823529411764705,1.0,1,0.2714285714285714,51.0,0.0,20.0
G,T1,2045,4,True,0,0,0.25,1,2.0,1,0.6842105263157895,0.625,0.05660377358490566,1.0,1,1.0,0.0,0.0,16.0
G,T1,2046,4,True,0,0,0.75,1,4.0,1,0.631578947368421,0.5625,0.061224489795918366,0.8,1,1.0,0.0,0.0,17.0
G,T1,2047,4,True,0,0,0.75,1,3.0,1,0.7894736842105263,0.7647058823529411,0.035398230088495575,0.6,1,1.0,0.0,0.0,15.0
G,T1,2048,4,True,0,0,0.25,1,1.0,1,0.6842105263157895,0.625,0.06542056074766354,1.0,1,0.5280898876404494,42.0,0.0,34.0
G,T1,2049,4,True,0,0,0.5,1,5.0,1,0.7368421052631579,0.6875,0.053763440860215055,0.8333333333333334,1,0.7804878048780488,9.0,0.0,22.0
G,T1,2050,4,True,0,0,0.5,1,1.0,1,0.5789473684210527,0.5625,0.10256410256410256,0.6,1,0.46808510638297873,25.0,0.0,17.0
G,T1,2051,4,True,0,0,0.5,1,1.0,1,0.7368421052631579,0.6666666666666666,0.045454545454545456,0.6,1,0.44155844155844154,43.0,0.0,37.0
G,T1,2052,4,True,0,0,0.25,1,4.0,1,0.7368421052631579,0.6666666666666666,0.05263157894736842,1.0,1,0.24561403508771928,43.0,0.0,20.0
G,T1,2053,4,True,0,0,0.5,1,1.0,1,0.6842105263157895,0.6875,0.08139534883720931,1.0,1,0.7391304347826086,6.0,0.0,32.0
G,T1,2054,4,True,0,0,0.75,1,3.0,1,0.47368421052631576,0.4117647058823529,0.10891089108910891,1.0,1,0.972972972972973,1.0,0.0,56.0
G,T1,2055,4,True,0,0,0.75,1,7.0,1,0.631578947368421,0.5333333333333333,0.08333333333333333,1.0,1,0.5434782608695652,21.0,0.0,29.0
G,T1,2056,4,True,0,0,0.5,1,2.0,1,0.8947368421052632,0.9375,0.025,0.5,1,0.32051282051282054,53.0,0.0,14.0
G,T1,2057,4,True,0,0,0.5,1,2.0,1,0.6842105263157895,0.6666666666666666,0.09090909090909091,0.8,1,1.0,0.0,0.0,22.0
G,T1,2058,4,True,0,0,0.5,1,3.0,1,0.8421052631578947,0.8235294117647058,0.044444444444444446,0.6666666666666666,1,1.0,0.0,0.0,18.0
G,T1,2059,4,True,0,0,0.25,1,5.0,1,0.6842105263157895,0.6,0.09859154929577464,1.0,1,0.6,20.0,0.0,39.0
G,T2,2000,4,True,0,0,0.0,0,,0,0.7894736842105263,0.8125,0.043478260869565216,,0,,,,
G,T2,2001,4,True,0,0,0.0,0,,0,0.8421052631578947,0.8235294117647058,0.02912621359223301,,0,,,,
G,T2,2002,4,True,0,0,0.0,0,,0,0.8947368421052632,0.8888888888888888,0.03773584905660377,,0,,,,
G,T2,2003,4,True,0,0,0.0,0,,0,0.7894736842105263,0.7647058823529411,0.018867924528301886,1.0,1,0.9069767441860465,8.0,0.0,20.0
G,T2,2004,4,True,0,0,0.0,0,,0,0.7894736842105263,0.8,0.04040404040404041,1.0,0,,,,
G,T2,2005,4,True,0,0,0.0,0,,0,0.8947368421052632,0.8666666666666667,0.03937007874015748,1.0,0,,,,
G,T2,2006,4,True,0,0,0.0,0,,0,0.5263157894736842,0.5,0.0784313725490196,1.0,2,0.6542207792207793,17.0,0.0,36.0
G,T2,2007,4,True,0,0,0.0,0,,0,0.7894736842105263,0.75,0.02702702702702703,1.0,0,,,,
G,T2,2008,4,True,0,0,0.0,0,,0,0.631578947368421,0.6875,0.07,1.0,0,,,,
G,T2,2009,4,True,0,0,0.0,0,,0,0.8421052631578947,0.8125,0.03418803418803419,1.0,0,,,,
G,T2,2010,4,True,0,0,0.0,0,,0,0.6842105263157895,0.6875,0.038461538461538464,1.0,1,0.5454545454545454,45.0,0.0,17.0
G,T2,2011,4,True,0,0,0.0,0,,0,0.7894736842105263,0.875,0.05172413793103448,,0,,,,
G,T2,2012,4,True,0,0,0.0,0,,0,0.6842105263157895,0.6875,0.04504504504504504,1.0,0,,,,
G,T2,2013,4,True,0,0,0.0,0,,0,0.5263157894736842,0.5,0.06306306306306306,1.0,1,0.4166666666666667,42.0,0.0,35.0
G,T2,2014,4,True,0,0,0.0,0,,0,0.7894736842105263,0.8125,0.04672897196261682,1.0,0,,,,
G,T2,2015,4,True,0,0,0.0,0,,0,0.8421052631578947,0.8125,0.015873015873015872,1.0,0,,,,
G,T2,2016,4,True,0,0,0.0,0,,0,0.7368421052631579,0.7222222222222222,0.05714285714285714,1.0,0,,,,
G,T2,2017,4,True,0,0,0.0,0,,0,0.9473684210526315,0.9333333333333333,0.017391304347826087,,0,,,,
G,T2,2018,4,True,0,0,0.0,0,,0,1.0,1.0,0.00909090909090909,,0,,,,
G,T2,2019,4,True,0,0,0.0,0,,0,0.8947368421052632,0.8823529411764706,0.016260162601626018,,0,,,,
G,T2,2020,4,True,0,0,0.0,0,,0,0.8421052631578947,0.8235294117647058,0.04,,1,1.0,0.0,0.0,10.0
G,T2,2021,4,True,0,0,0.0,0,,0,0.8947368421052632,0.8666666666666667,0.017699115044247787,1.0,0,,,,
G,T2,2022,4,True,0,0,0.0,0,,0,1.0,1.0,0.0,,0,,,,
G,T2,2023,4,True,0,0,0.0,0,,0,0.5789473684210527,0.5294117647058824,0.05511811023622047,1.0,1,1.0,0.0,0.0,31.0
G,T2,2024,4,True,0,0,0.0,0,,0,1.0,1.0,0.007874015748031496,,0,,,,
G,T2,2025,4,True,0,0,0.0,0,,0,0.8421052631578947,0.8125,0.02912621359223301,1.0,0,,,,
G,T2,2026,4,True,0,0,0.0,0,,0,0.8947368421052632,0.8823529411764706,0.015384615384615385,1.0,0,,,,
G,T2,2027,4,True,0,0,0.0,0,,0,1.0,1.0,0.0072992700729927005,,0,,,,
G,T2,2028,4,True,0,0,0.0,0,,0,0.7894736842105263,0.7333333333333333,0.008620689655172414,1.0,1,0.7339449541284404,29.0,0.0,20.0
G,T2,2029,4,True,0,0,0.0,0,,0,0.7894736842105263,0.75,0.048,1.0,1,0.6067415730337079,35.0,0.0,29.0
G,T2,2030,4,True,0,0,0.0,0,,0,0.8947368421052632,0.8888888888888888,0.041237113402061855,,0,,,,
G,T2,2031,4,True,0,0,0.0,0,,0,0.8421052631578947,0.9333333333333333,0.032520325203252036,,0,,,,
G,T2,2032,4,True,0,0,0.0,0,,0,0.7894736842105263,0.7333333333333333,0.02830188679245283,1.0,0,,,,
G,T2,2033,4,True,0,0,0.0,0,,0,0.7368421052631579,0.7058823529411765,0.058823529411764705,,0,,,,
G,T2,2034,4,True,0,0,0.0,0,,0,0.9473684210526315,0.9333333333333333,0.017543859649122806,,0,,,,
G,T2,2035,4,True,0,0,0.0,0,,0,0.8421052631578947,0.8235294117647058,0.04672897196261682,,0,,,,
G,T2,2036,4,True,0,0,0.0,0,,0,0.8421052631578947,0.8235294117647058,0.02727272727272727,1.0,0,,,,
G,T2,2037,4,True,0,0,0.0,0,,0,0.8421052631578947,0.8235294117647058,0.02654867256637168,1.0,0,,,,
G,T2,2038,4,True,0,0,0.0,0,,0,0.8947368421052632,0.8823529411764706,0.032,,0,,,,
G,T2,2039,4,True,0,0,0.0,0,,0,0.8947368421052632,0.8823529411764706,0.017391304347826087,1.0,0,,,,
G,T2,2040,4,True,0,0,0.0,0,,0,0.7894736842105263,0.8235294117647058,0.03,1.0,0,,,,
G,T2,2041,4,True,0,0,0.0,0,,0,0.7894736842105263,0.7647058823529411,0.028037383177570093,1.0,0,,,,
G,T2,2042,4,True,0,0,0.0,0,,0,0.7894736842105263,0.8666666666666667,0.046875,,0,,,,
G,T2,2043,4,True,0,0,0.0,0,,0,0.7368421052631579,0.7647058823529411,0.018867924528301886,1.0,1,0.42105263157894735,55.0,0.0,20.0
G,T2,2044,4,True,0,0,0.0,0,,0,0.7894736842105263,0.7647058823529411,0.03571428571428571,,0,,,,
G,T2,2045,4,True,0,0,0.0,0,,0,0.8947368421052632,0.875,0.01694915254237288,,0,,,,
G,T2,2046,4,True,0,0,0.0,0,,0,0.7368421052631579,0.6875,0.04504504504504504,1.0,1,0.8777777777777778,11.0,0.0,23.0
G,T2,2047,4,True,0,0,0.0,0,,0,1.0,1.0,0.014492753623188406,,0,,,,
G,T2,2048,4,True,0,0,0.0,0,,0,0.8421052631578947,0.8125,0.031496062992125984,1.0,0,,,,
G,T2,2049,4,True,0,0,0.0,0,,0,0.8947368421052632,0.875,0.01680672268907563,,0,,,,
G,T2,2050,4,True,0,0,0.0,0,,0,0.7368421052631579,0.75,0.057692307692307696,1.0,0,,,,
G,T2,2051,4,True,0,0,0.0,0,,0,0.9473684210526315,0.9333333333333333,0.018018018018018018,,0,,,,
G,T2,2052,4,True,0,0,0.0,0,,0,0.8421052631578947,0.8,0.024793388429752067,1.0,1,0.5108695652173914,45.0,0.0,12.0
G,T2,2053,4,True,0,0,0.0,0,,0,0.8421052631578947,0.875,0.02912621359223301,1.0,0,,,,
G,T2,2054,4,True,0,0,0.0,0,,0,0.6842105263157895,0.6470588235294118,0.0784313725490196,,0,,,,
G,T2,2055,4,True,0,0,0.0,0,,0,0.8421052631578947,0.8,0.021052631578947368,1.0,0,,,,
G,T2,2056,4,True,0,0,0.0,0,,0,0.8947368421052632,0.9375,0.016129032258064516,,0,,,,
G,T2,2057,4,True,0,0,0.0,0,,0,0.8947368421052632,0.8888888888888888,0.04424778761061947,,0,,,,
G,T2,2058,4,True,0,0,0.0,0,,0,1.0,1.0,0.008695652173913044,,0,,,,
G,T2,2059,4,True,0,0,0.0,0,,0,0.8947368421052632,0.8666666666666667,0.028846153846153848,,0,,,,
G,T3,2000,4,True,0,0,0.5,1,1.0,1,0.631578947368421,0.625,0.07627118644067797,1.0,1,0.15730337078651685,75.0,0.0,20.0
G,T3,2001,4,True,0,0,0.25,1,2.0,1,0.7368421052631579,0.7058823529411765,0.04854368932038835,0.3333333333333333,1,0.3333333333333333,24.0,0.0,11.0
G,T3,2002,4,True,0,0,0.25,1,4.0,1,0.631578947368421,0.6111111111111112,0.08421052631578947,1.0,1,0.935064935064935,5.0,0.0,31.0
G,T3,2003,4,True,0,0,0.5,1,1.0,1,0.6842105263157895,0.6470588235294118,0.06493506493506493,1.0,1,1.0,0.0,0.0,32.0
G,T3,2004,4,True,0,0,0.0,0,,0,0.8421052631578947,0.8666666666666667,0.04,,0,,,,
G,T3,2005,4,True,0,0,0.25,1,1.0,1,0.6842105263157895,0.6,0.0673076923076923,1.0,1,0.7777777777777778,12.0,0.0,17.0
G,T3,2006,4,True,0,0,0.25,1,1.0,1,0.5789473684210527,0.5625,0.0963855421686747,1.0,2,0.6706349206349207,15.5,0.5,28.5
G,T3,2007,4,True,0,0,0.5,1,4.0,1,0.631578947368421,0.5625,0.07526881720430108,1.0,1,0.6785714285714286,9.0,0.0,20.0
G,T3,2008,4,True,0,0,0.75,1,5.0,1,0.5263157894736842,0.5625,0.10344827586206896,0.5,1,0.6666666666666666,11.0,0.0,19.0
G,T3,2009,4,True,0,0,0.25,1,6.0,1,0.7894736842105263,0.75,0.06060606060606061,0.6666666666666666,1,1.0,0.0,0.0,12.0
G,T3,2010,4,True,0,0,0.25,1,8.0,1,0.631578947368421,0.625,0.09090909090909091,1.0,1,0.84375,5.0,0.0,19.0
G,T3,2011,4,True,0,0,0.75,1,4.0,1,0.7368421052631579,0.8125,0.06363636363636363,1.0,1,0.7857142857142857,6.0,0.0,15.0
G,T3,2012,4,True,0,0,0.75,1,4.0,1,0.5263157894736842,0.5,0.09302325581395349,0.75,1,0.9333333333333333,2.0,0.0,23.0
G,T3,2013,4,True,0,0,0.75,1,4.0,1,0.6842105263157895,0.6666666666666666,0.06,1.0,1,0.3968253968253968,38.0,0.0,20.0
G,T3,2014,4,True,0,0,0.75,1,2.0,1,0.631578947368421,0.625,0.08333333333333333,1.0,1,0.5555555555555556,16.0,0.0,54.0
G,T3,2015,4,True,0,0,0.25,1,3.0,1,0.7368421052631579,0.6875,0.047619047619047616,1.0,1,1.0,0.0,0.0,18.0
G,T3,2016,4,True,0,0,0.5,1,1.0,1,0.5789473684210527,0.5555555555555556,0.1,1.0,1,1.0,0.0,0.0,23.0
G,T3,2017,4,True,0,0,0.25,1,3.0,1,0.8947368421052632,0.8666666666666667,0.02702702702702703,1.0,1,0.3669724770642202,69.0,0.0,17.0
G,T3,2018,4,True,0,0,0.25,1,3.0,1,0.7368421052631579,0.7058823529411765,0.052083333333333336,1.0,1,0.8095238095238095,8.0,0.0,21.0
G,T3,2019,4,True,0,0,0.25,1,2.0,1,0.7368421052631579,0.7058823529411765,0.05154639175257732,1.0,1,0.2676056338028169,52.0,0.0,19.0
G,T3,2020,4,True,0,0,0.25,1,4.0,1,0.631578947368421,0.5882352941176471,0.057692307692307696,1.0,1,1.0,0.0,0.0,20.0
G,T3,2021,4,True,0,0,0.25,1,2.0,1,0.7368421052631579,0.6666666666666666,0.056818181818181816,1.0,1,0.8,6.0,0.0,22.0
G,T3,2022,4,True,0,0,0.25,1,2.0,1,0.7894736842105263,0.7333333333333333,0.04,1.0,1,0.3333333333333333,32.0,0.0,16.0
G,T3,2023,4,True,0,0,0.5,1,10.0,1,0.6842105263157895,0.6470588235294118,0.05454545454545454,1.0,1,1.0,0.0,0.0,20.0
G,T3,2024,4,True,0,0,0.75,1,3.0,1,0.9473684210526315,0.9411764705882353,0.008130081300813009,0.5714285714285714,1,0.25,63.0,0.0,10.0
G,T3,2025,4,True,0,0,0.5,1,3.0,1,0.6842105263157895,0.625,0.09523809523809523,1.0,1,1.0,0.0,0.0,21.0
G,T3,2026,4,True,0,0,0.25,1,2.0,1,0.7368421052631579,0.7058823529411765,0.043478260869565216,0.6666666666666666,1,0.41509433962264153,31.0,0.0,16.0
G,T3,2027,4,True,0,0,0.0,0,,0,1.0,1.0,0.0072992700729927005,,0,,,,
G,T3,2028,4,True,0,0,0.5,1,8.0,1,0.7894736842105263,0.7333333333333333,0.037383177570093455,0.5,1,0.3333333333333333,36.0,0.0,16.0
G,T3,2029,4,True,0,0,0.5,1,1.0,1,1.0,1.0,0.03125,1.0,1,0.3333333333333333,28.0,0.0,6.0
G,T3,2030,4,True,0,0,0.5,1,2.0,1,0.7368421052631579,0.7222222222222222,0.0875,0.4,1,0.927536231884058,5.0,0.0,30.0
G,T3,2031,4,True,0,0,0.5,1,4.0,1,0.5789473684210527,0.6,0.09195402298850575,1.0,1,0.34615384615384615,51.0,0.0,34.0
G,T3,2032,4,True,0,0,0.5,1,7.0,1,0.631578947368421,0.5333333333333333,0.07954545454545454,1.0,1,0.54,23.0,0.0,17.0
G,T3,2033,4,True,0,0,0.25,1,8.0,1,0.631578947368421,0.5882352941176471,0.0963855421686747,1.0,1,0.5116279069767442,21.0,0.0,19.0
G,T3,2034,4,True,0,0,0.25,1,3.0,1,0.6842105263157895,0.6,0.08163265306122448,1.0,1,0.6829268292682927,13.0,0.0,24.0
G,T3,2035,4,True,0,0,0.25,1,5.0,1,0.6842105263157895,0.6470588235294118,0.10714285714285714,1.0,1,0.8611111111111112,5.0,0.0,22.0
G,T3,2036,4,True,0,0,0.75,1,3.0,1,0.7368421052631579,0.7058823529411765,0.05263157894736842,0.75,1,0.6226415094339622,20.0,0.0,21.0
G,T3,2037,4,True,0,0,0.25,1,2.0,1,0.7368421052631579,0.7058823529411765,0.06521739130434782,1.0,1,0.8235294117647058,12.0,0.0,42.0
G,T3,2038,4,True,1,18,1.0,1,65.0,0,0.3684210526315789,0.29411764705882354,0.12698412698412698,0.24472573839662448,6,0.9523343561422845,5.333333333333333,0.16666666666666666,6.666666666666667
G,T3,2039,4,True,0,0,0.75,1,4.0,1,0.6842105263157895,0.6470588235294118,0.07216494845360824,1.0,1,0.5135135135135135,18.0,0.0,32.0
G,T3,2040,4,True,0,0,0.5,1,3.0,1,0.6842105263157895,0.7058823529411765,0.07142857142857142,1.0,1,0.3870967741935484,19.0,0.0,21.0
G,T3,2041,4,True,0,0,0.5,1,7.0,1,0.7368421052631579,0.7058823529411765,0.058823529411764705,1.0,1,0.95,2.0,0.0,26.0
G,T3,2042,4,True,0,0,0.0,0,,0,0.7894736842105263,0.8666666666666667,0.046875,,0,,,,
G,T3,2043,4,True,0,0,0.25,1,7.0,1,0.7368421052631579,0.7647058823529411,0.06382978723404255,1.0,1,0.39655172413793105,35.0,0.0,20.0
G,T3,2044,4,True,0,0,0.25,1,1.0,1,0.6842105263157895,0.6470588235294118,0.058823529411764705,1.0,1,0.2608695652173913,51.0,0.0,20.0
G,T3,2045,4,True,0,0,0.5,1,3.0,1,0.631578947368421,0.5625,0.06930693069306931,1.0,1,1.0,0.0,0.0,21.0
G,T3,2046,4,True,0,0,0.75,1,4.0,1,0.631578947368421,0.5625,0.061224489795918366,0.75,1,1.0,0.0,0.0,17.0
G,T3,2047,4,True,0,0,0.75,1,3.0,1,0.9473684210526315,0.9411764705882353,0.007633587786259542,0.6666666666666666,1,0.7368421052631579,15.0,0.0,13.0
G,T3,2048,4,True,0,0,0.25,1,1.0,1,0.6842105263157895,0.625,0.06542056074766354,1.0,1,0.5280898876404494,42.0,0.0,34.0
G,T3,2049,4,True,0,0,0.5,1,2.0,1,0.8421052631578947,0.8125,0.025210084033613446,0.42857142857142855,1,0.7567567567567568,9.0,0.0,11.0
G,T3,2050,4,True,0,0,0.25,1,5.0,1,0.6842105263157895,0.6875,0.08791208791208792,1.0,1,0.34782608695652173,15.0,0.0,22.0
G,T3,2051,4,True,1,1,0.5,1,1.0,1,0.7368421052631579,0.6666666666666666,0.045454545454545456,0.4,1,0.44155844155844154,43.0,0.0,37.0
G,T3,2052,4,True,1,8,1.0,1,53.0,0,0.5789473684210527,0.4666666666666667,0.056818181818181816,0.3418803418803419,3,0.5650360031018057,24.0,0.6666666666666666,15.0
G,T3,2053,4,True,0,0,0.25,1,1.0,1,0.6842105263157895,0.6875,0.08139534883720931,1.0,1,0.7272727272727273,6.0,0.0,32.0
G,T3,2054,4,True,0,0,0.5,1,1.0,1,0.5263157894736842,0.47058823529411764,0.10869565217391304,1.0,1,1.0,0.0,0.0,23.0
G,T3,2055,4,True,0,0,0.5,1,7.0,1,0.631578947368421,0.5333333333333333,0.08333333333333333,1.0,1,0.5333333333333333,21.0,0.0,29.0
G,T3,2056,4,True,0,0,0.5,1,6.0,1,0.7368421052631579,0.75,0.04716981132075472,0.6666666666666666,1,0.37777777777777777,56.0,0.0,29.0
G,T3,2057,4,True,0,0,0.5,1,2.0,1,0.8947368421052632,0.8888888888888888,0.04424778761061947,0.42857142857142855,1,1.0,0.0,0.0,8.0
G,T3,2058,4,True,0,0,0.25,1,3.0,1,0.7894736842105263,0.7647058823529411,0.060240963855421686,1.0,1,1.0,0.0,0.0,24.0
G,T3,2059,4,True,0,0,0.5,1,2.0,1,0.6842105263157895,0.6,0.07777777777777778,1.0,1,0.6973684210526315,23.0,0.0,30.0
G,T4,2000,4,True,0,0,0.75,1,8.0,1,0.5789473684210527,0.5625,0.09009009009009009,1.0,1,0.27358490566037735,77.0,0.0,30.0
G,T4,2001,4,True,0,0,0.75,1,15.0,1,0.631578947368421,0.5882352941176471,0.056818181818181816,0.6,1,0.5471698113207547,24.0,0.0,21.0
G,T4,2002,4,True,0,0,0.5,1,6.0,1,0.631578947368421,0.6111111111111112,0.08602150537634409,1.0,1,0.9620253164556962,3.0,0.0,29.0
G,T4,2003,4,True,0,0,0.75,1,18.0,1,0.631578947368421,0.5882352941176471,0.058823529411764705,1.0,1,1.0,0.0,0.0,18.0
G,T4,2004,4,True,0,0,0.75,1,38.0,0,0.7894736842105263,0.8,0.05102040816326531,0.875,1,0.4329896907216495,55.0,1.0,7.0
G,T4,2005,4,True,0,0,1.0,1,23.0,1,0.8421052631578947,0.8,0.05511811023622047,0.5555555555555556,1,0.7017543859649122,34.0,0.0,24.0
G,T4,2006,4,True,0,0,0.5,1,32.0,1,0.7894736842105263,0.8125,0.04807692307692308,1.0,2,0.6845864661654135,17.5,0.5,24.5
G,T4,2007,4,True,1,4,1.0,1,59.0,0,0.6842105263157895,0.625,0.07317073170731707,0.3333333333333333,2,0.6810596579057155,15.5,0.5,12.5
G,T4,2008,4,True,0,0,1.0,1,25.0,1,0.5263157894736842,0.5625,0.09183673469387756,0.7142857142857143,1,0.8382352941176471,11.0,0.0,31.0
G,T4,2009,4,True,0,0,1.0,1,26.0,1,0.8947368421052632,0.875,0.042735042735042736,1.0,1,0.6419753086419753,29.0,0.0,14.0
G,T4,2010,4,True,0,0,0.25,1,13.0,1,0.5789473684210527,0.5625,0.09333333333333334,1.0,1,0.8809523809523809,5.0,0.0,17.0
G,T4,2011,4,True,0,0,0.75,1,8.0,1,0.5789473684210527,0.625,0.10101010101010101,1.0,1,0.8214285714285714,15.0,0.0,30.0
G,T4,2012,4,True,0,0,0.75,1,22.0,1,0.631578947368421,0.625,0.06741573033707865,1.0,1,0.8225806451612904,11.0,0.0,17.0
G,T4,2013,4,True,0,0,0.75,1,19.0,1,0.631578947368421,0.6111111111111112,0.07865168539325842,1.0,1,0.49333333333333335,38.0,0.0,34.0
G,T4,2014,4,True,0,0,1.0,1,17.0,1,0.5263157894736842,0.5,0.10112359550561797,1.0,1,0.7377049180327869,16.0,0.0,39.0
G,T4,2015,4,True,0,0,0.5,1,4.0,1,0.631578947368421,0.5625,0.05660377358490566,1.0,1,1.0,0.0,0.0,17.0
G,T4,2016,4,True,0,0,0.75,1,12.0,1,0.5789473684210527,0.5555555555555556,0.09782608695652174,1.0,1,0.6268656716417911,25.0,0.0,15.0
G,T4,2017,4,True,0,0,0.75,1,6.0,1,0.7368421052631579,0.6666666666666666,0.05102040816326531,1.0,1,0.2676056338028169,52.0,0.0,38.0
G,T4,2018,4,True,0,0,0.75,1,14.0,1,0.8947368421052632,0.8823529411764706,0.018691588785046728,0.5,1,0.5254237288135594,28.0,0.0,25.0
G,T4,2019,4,True,0,0,0.25,1,3.0,1,0.7368421052631579,0.7058823529411765,0.05154639175257732,1.0,1,0.2676056338028169,52.0,0.0,18.0
G,T4,2020,4,True,0,0,0.5,1,7.0,1,0.7894736842105263,0.7647058823529411,0.04,1.0,1,0.9696969696969697,1.0,0.0,9.0
G,T4,2021,4,True,0,0,0.75,1,11.0,1,0.6842105263157895,0.6,0.0625,1.0,1,0.8085106382978723,9.0,0.0,48.0
G,T4,2022,4,True,0,0,0.5,1,4.0,1,0.7368421052631579,0.6666666666666666,0.043478260869565216,1.0,1,0.3469387755102041,32.0,0.0,17.0
G,T4,2023,4,True,0,0,0.25,1,12.0,1,0.7368421052631579,0.7058823529411765,0.04807692307692308,1.0,1,0.7333333333333333,12.0,0.0,12.0
G,T4,2024,4,True,0,0,0.75,1,5.0,1,0.7894736842105263,0.7647058823529411,0.05,1.0,1,0.47126436781609193,46.0,0.0,33.0
G,T4,2025,4,True,0,0,0.75,1,16.0,1,0.6842105263157895,0.625,0.0963855421686747,0.8,1,0.9310344827586207,4.0,0.0,17.0
G,T4,2026,4,True,0,0,0.5,1,20.0,1,0.7368421052631579,0.7058823529411765,0.05102040816326531,1.0,1,0.6235294117647059,32.0,0.0,30.0
G,T4,2027,4,True,0,0,0.0,0,,0,1.0,1.0,0.0072992700729927005,,0,,,,
G,T4,2028,4,True,0,0,0.75,1,33.0,1,0.7368421052631579,0.6666666666666666,0.029411764705882353,1.0,1,0.6881720430107527,29.0,0.0,26.0
G,T4,2029,4,True,0,0,1.0,1,25.0,1,0.7894736842105263,0.75,0.0423728813559322,1.0,1,0.6436781609195402,31.0,0.0,28.0
G,T4,2030,4,True,0,0,0.5,1,8.0,1,0.7894736842105263,0.7777777777777778,0.06896551724137931,1.0,1,0.9342105263157895,5.0,0.0,24.0
G,T4,2031,4,True,0,0,1.0,1,13.0,1,0.7894736842105263,0.8666666666666667,0.05042016806722689,0.5,1,0.46601941747572817,55.0,0.0,25.0
G,T4,2032,4,True,0,0,0.5,1,16.0,1,0.631578947368421,0.5333333333333333,0.07954545454545454,1.0,1,0.6153846153846154,25.0,0.0,37.0
G,T4,2033,4,True,0,0,0.0,0,,0,0.7368421052631579,0.7058823529411765,0.058823529411764705,,0,,,,
G,T4,2034,4,True,0,0,0.5,1,5.0,1,0.6842105263157895,0.6,0.06896551724137931,1.0,1,0.6904761904761905,13.0,0.0,25.0
G,T4,2035,4,True,0,0,0.5,1,10.0,1,0.631578947368421,0.5882352941176471,0.11363636363636363,1.0,1,0.8367346938775511,8.0,0.0,20.0
G,T4,2036,4,True,0,0,0.5,1,14.0,1,0.6842105263157895,0.6470588235294118,0.07291666666666667,0.5,1,0.6363636363636364,28.0,0.0,33.0
G,T4,2037,4,True,0,0,0.75,1,21.0,1,0.6842105263157895,0.6470588235294118,0.041237113402061855,1.0,1,0.8586956521739131,13.0,0.0,26.0
G,T4,2038,4,True,0,0,0.25,1,3.0,1,0.6842105263157895,0.6470588235294118,0.07446808510638298,1.0,1,1.0,0.0,0.0,18.0
G,T4,2039,4,True,0,0,0.75,1,13.0,1,0.8947368421052632,0.8823529411764706,0.008928571428571428,1.0,1,0.3504273504273504,76.0,0.0,16.0
G,T4,2040,4,True,0,0,0.5,1,5.0,1,0.8421052631578947,0.8823529411764706,0.04040404040404041,0.5,1,0.4473684210526316,21.0,0.0,16.0
G,T4,2041,4,True,0,0,0.5,1,13.0,1,0.6842105263157895,0.6470588235294118,0.06976744186046512,1.0,1,0.9183673469387755,4.0,0.0,26.0
G,T4,2042,4,True,0,0,1.0,1,19.0,1,0.7368421052631579,0.8,0.05785123966942149,0.75,1,0.44565217391304346,51.0,0.0,28.0
G,T4,2043,4,True,0,0,0.25,1,33.0,1,0.9473684210526315,1.0,0.009174311926605505,1.0,1,0.4854368932038835,53.0,0.0,2.0
G,T4,2044,4,True,0,0,1.0,1,25.0,1,0.7368421052631579,0.7058823529411765,0.056074766355140186,0.8571428571428571,1,0.4811320754716981,55.0,0.0,13.0
G,T4,2045,4,True,0,0,0.75,1,30.0,1,0.6842105263157895,0.625,0.056818181818181816,1.0,1,0.8690476190476191,11.0,0.0,29.0
G,T4,2046,4,True,0,0,0.25,1,11.0,1,0.7368421052631579,0.6875,0.07865168539325842,1.0,1,1.0,0.0,0.0,22.0
G,T4,2047,4,True,0,0,0.5,1,10.0,1,0.9473684210526315,0.9411764705882353,0.022727272727272728,0.5,1,0.6197183098591549,27.0,0.0,9.0
G,T4,2048,4,True,0,0,1.0,1,12.0,1,0.7894736842105263,0.75,0.03937007874015748,1.0,1,0.5689655172413793,50.0,0.0,23.0
G,T4,2049,4,True,0,0,0.75,1,17.0,1,0.8947368421052632,0.875,0.01680672268907563,0.6666666666666666,1,0.835820895522388,11.0,0.0,11.0
G,T4,2050,4,True,0,0,0.25,1,3.0,1,0.5263157894736842,0.5,0.10989010989010989,1.0,1,0.3157894736842105,13.0,0.0,21.0
G,T4,2051,4,True,0,0,0.25,1,1.0,1,0.7368421052631579,0.6666666666666666,0.045454545454545456,1.0,1,0.4342105263157895,43.0,0.0,37.0
G,T4,2052,4,True,0,0,0.0,0,,0,0.8947368421052632,0.8666666666666667,0.02459016393442623,,1,0.5108695652173914,45.0,0.0,12.0
G,T4,2053,4,True,0,0,0.25,1,3.0,1,0.6842105263157895,0.6875,0.07692307692307693,1.0,1,0.7272727272727273,6.0,0.0,15.0
G,T4,2054,4,True,0,0,0.75,1,4.0,1,0.5789473684210527,0.5294117647058824,0.10714285714285714,1.0,1,1.0,0.0,0.0,23.0
G,T4,2055,4,True,0,0,0.75,1,4.0,1,0.631578947368421,0.5333333333333333,0.07692307692307693,1.0,1,0.8695652173913043,6.0,0.0,17.0
G,T4,2056,4,True,0,0,0.75,1,13.0,1,0.7894736842105263,0.8125,0.044642857142857144,0.6,1,0.4666666666666667,56.0,0.0,22.0
G,T4,2057,4,True,0,0,1.0,1,14.0,1,0.8947368421052632,0.8888888888888888,0.04424778761061947,0.5,1,1.0,0.0,0.0,16.0
G,T4,2058,4,True,0,0,0.25,1,3.0,1,0.7894736842105263,0.7647058823529411,0.060240963855421686,1.0,1,1.0,0.0,0.0,24.0
G,T4,2059,4,True,0,0,1.0,1,10.0,1,0.8421052631578947,0.8,0.03,1.0,1,0.45588235294117646,37.0,0.0,6.0
G,T5,2000,4,True,0,0,0.0,0,,0,0.5263157894736842,0.5,0.11827956989247312,1.0,2,0.6646341463414634,27.5,0.0,34.0
G,T5,2001,4,True,0,0,0.0,0,,0,0.5263157894736842,0.47058823529411764,0.13846153846153847,0.875,2,0.9479166666666667,2.5,0.0,24.5
G,T5,2002,4,True,0,0,0.0,0,,0,0.7368421052631579,0.7222222222222222,0.07526881720430108,1.0,1,1.0,0.0,0.0,42.0
G,T5,2003,4,True,0,0,0.0,0,,0,0.5263157894736842,0.47058823529411764,0.14516129032258066,1.0,3,0.886039886039886,1.0,0.0,22.333333333333332
G,T5,2004,4,True,0,0,0.0,0,,0,0.631578947368421,0.6,0.09333333333333334,1.0,1,0.25,44.0,0.0,33.0
G,T5,2005,4,True,0,0,0.25,1,3.0,1,0.47368421052631576,0.3333333333333333,0.16216216216216217,0.6,3,0.7115987460815046,13.333333333333334,0.0,29.0
G,T5,2006,4,True,0,0,0.25,1,8.0,1,0.5263157894736842,0.5,0.11538461538461539,1.0,4,0.8221373746867168,5.25,0.5,23.75
G,T5,2007,4,True,0,0,0.75,1,2.0,1,0.47368421052631576,0.375,0.13043478260869565,0.9285714285714286,5,0.9384615384615385,1.6,0.6,23.6
G,T5,2008,4,True,0,0,0.5,1,1.0,1,0.2631578947368421,0.25,0.2153846153846154,0.9,5,0.9185185185185185,2.2,0.8,33.8
G,T5,2009,4,True,0,0,0.0,0,,0,0.47368421052631576,0.375,0.16417910447761194,0.7272727272727273,4,0.8653846153846154,5.25,0.0,23.5
G,T5,2010,4,True,0,0,0.0,0,,0,0.47368421052631576,0.4375,0.15254237288135594,1.0,3,0.9444444444444445,1.6666666666666667,0.0,31.333333333333332
G,T5,2011,4,True,0,0,0.5,1,1.0,1,0.42105263157894735,0.4375,0.1527777777777778,1.0,3,0.9404761904761904,1.6666666666666667,0.0,25.0
G,T5,2012,4,True,0,0,1.0,1,6.0,1,0.47368421052631576,0.4375,0.12048192771084337,0.65,3,0.9584929757343551,1.6666666666666667,0.3333333333333333,20.333333333333332
G,T5,2013,4,True,0,0,0.0,0,,0,0.47368421052631576,0.4444444444444444,0.1388888888888889,0.625,3,0.7638888888888888,11.333333333333334,0.0,32.666666666666664
G,T5,2014,4,True,0,0,0.0,0,,0,0.47368421052631576,0.4375,0.18032786885245902,1.0,2,0.7777777777777778,8.0,0.0,42.0
G,T5,2015,4,True,0,0,0.0,0,,0,0.42105263157894735,0.3125,0.12987012987012986,1.0,3,1.0,0.0,0.0,27.666666666666668
G,T5,2016,4,True,0,0,0.0,0,,0,0.2631578947368421,0.2222222222222222,0.29411764705882354,0.9,4,0.8951267056530214,1.5,0.0,28.25
G,T5,2017,4,True,0,0,0.25,1,0.0,1,0.47368421052631576,0.3333333333333333,0.1388888888888889,1.0,4,0.8210248447204969,4.75,0.5,38.5
G,T5,2018,4,True,0,0,0.25,1,1.0,1,0.42105263157894735,0.35294117647058826,0.15625,0.8333333333333334,3,0.937984496124031,2.6666666666666665,0.0,35.0
G,T5,2019,4,True,0,0,0.25,1,3.0,1,0.47368421052631576,0.4117647058823529,0.13846153846153847,1.0,3,0.8290598290598291,6.666666666666667,0.3333333333333333,30.666666666666668
G,T5,2020,4,True,0,0,0.0,0,,0,0.3684210526315789,0.29411764705882354,0.18032786885245902,0.875,3,1.0,0.0,0.0,43.0
G,T5,2021,4,True,0,0,1.0,1,2.0,1,0.5789473684210527,0.4666666666666667,0.13043478260869565,0.5882352941176471,4,0.9516129032258065,1.5,0.25,23.0
G,T5,2022,4,True,0,0,0.0,0,,0,0.631578947368421,0.5333333333333333,0.08433734939759036,1.0,2,0.6401360544217687,16.0,0.0,21.5
G,T5,2023,4,True,1,1,0.5,1,4.0,1,0.3684210526315789,0.29411764705882354,0.1935483870967742,0.5333333333333333,3,0.8292682926829268,6.666666666666667,0.0,23.333333333333332
G,T5,2024,4,True,0,0,0.25,1,1.0,1,0.42105263157894735,0.35294117647058826,0.15873015873015872,1.0,3,0.8888888888888888,4.0,0.0,39.666666666666664
G,T5,2025,4,True,0,0,0.5,1,4.0,1,0.3684210526315789,0.25,0.21666666666666667,0.9166666666666666,4,0.8138297872340425,8.0,0.25,34.5
G,T5,2026,4,True,0,0,0.75,1,7.0,1,0.5789473684210527,0.5294117647058824,0.08791208791208792,0.7777777777777778,2,0.7222222222222222,15.0,0.0,20.5
G,T5,2027,4,True,0,0,0.0,0,,0,0.5789473684210527,0.5,0.08139534883720931,0.6363636363636364,2,0.6884057971014492,21.5,0.0,35.0
G,T5,2028,4,True,0,0,0.5,1,6.0,1,0.47368421052631576,0.3333333333333333,0.11688311688311688,0.9411764705882353,4,0.8882575757575757,4.0,0.25,26.5
G,T5,2029,4,True,0,0,0.5,1,3.0,1,0.5263157894736842,0.4375,0.16216216216216217,0.9090909090909091,3,0.8525641025641025,7.333333333333333,0.0,29.0
G,T5,2030,4,True,1,3,1.0,1,32.0,0,0.6842105263157895,0.6666666666666666,0.08333333333333333,0.4368932038834951,6,0.8739176986513874,3.5,0.3333333333333333,18.5
G,T5,2031,4,True,0,0,0.5,1,4.0,1,0.3684210526315789,0.3333333333333333,0.1774193548387097,0.875,2,0.7610722610722611,8.5,0.5,28.5
G,T5,2032,4,True,0,0,0.0,0,,0,0.5263157894736842,0.4,0.11267605633802817,1.0,2,0.7682926829268293,9.5,0.0,39.0
G,T5,2033,4,True,1,7,1.0,1,6.0,1,0.47368421052631576,0.4117647058823529,0.136986301369863,0.20689655172413793,3,0.6788001348163127,10.333333333333334,0.6666666666666666,17.333333333333332
G,T5,2034,4,True,0,0,0.5,1,1.0,1,0.5263157894736842,0.4,0.11688311688311688,1.0,2,0.8452380952380952,6.5,0.0,28.0
G,T5,2035,4,True,0,0,0.0,0,,0,0.5263157894736842,0.47058823529411764,0.15384615384615385,1.0,2,1.0,0.0,0.0,27.0
G,T5,2036,4,True,0,0,0.0,0,,0,0.5789473684210527,0.5294117647058824,0.11594202898550725,1.0,2,0.8974358974358974,4.0,0.0,45.5
G,T5,2037,4,True,0,0,0.0,0,,0,0.631578947368421,0.5882352941176471,0.1,1.0,2,1.0,0.0,0.0,25.5
G,T5,2038,4,True,0,0,0.25,1,8.0,1,0.3684210526315789,0.29411764705882354,0.21052631578947367,1.0,4,0.9722222222222222,0.0,0.0,20.5
G,T5,2039,4,True,0,0,0.0,0,,0,0.5263157894736842,0.47058823529411764,0.14492753623188406,1.0,4,0.7953125,6.25,0.0,20.5
G,T5,2040,4,True,0,0,0.5,1,1.0,1,0.47368421052631576,0.47058823529411764,0.14285714285714285,0.8333333333333334,3,0.7741935483870969,7.0,0.0,35.333333333333336
G,T5,2041,4,True,0,0,0.0,0,,0,0.47368421052631576,0.4117647058823529,0.15384615384615385,1.0,3,0.8485065710872163,0.0,0.0,26.666666666666668
G,T5,2042,4,True,0,0,0.0,0,,0,0.47368421052631576,0.4666666666666667,0.1134020618556701,1.0,3,0.734375,16.333333333333332,0.0,19.666666666666668
G,T5,2043,4,True,0,0,0.0,0,,0,0.631578947368421,0.6470588235294118,0.10144927536231885,1.0,2,0.6097560975609756,16.0,0.0,36.0
G,T5,2044,4,True,0,0,0.25,1,3.0,1,0.42105263157894735,0.35294117647058826,0.16923076923076924,1.0,4,0.875,5.5,0.5,27.5
G,T5,2045,4,True,0,0,0.5,1,3.0,1,0.42105263157894735,0.3125,0.14864864864864866,0.8333333333333334,4,0.8333333333333334,9.0,0.25,16.5
G,T5,2046,4,True,0,0,0.0,0,,0,0.5789473684210527,0.5,0.13043478260869565,1.0,2,0.9745762711864407,1.5,0.0,23.5
G,T5,2047,4,True,0,0,0.25,1,4.0,1,0.5263157894736842,0.47058823529411764,0.09876543209876543,1.0,3,0.9272727272727272,4.0,0.3333333333333333,20.0
G,T5,2048,4,True,0,0,0.0,0,,0,0.631578947368421,0.5625,0.06930693069306931,0.75,2,0.7934157561817137,14.5,0.0,37.0
G,T5,2049,4,True,0,0,0.25,1,2.0,1,0.5789473684210527,0.5,0.12698412698412698,0.875,2,0.8902439024390244,4.5,0.0,42.0
G,T5,2050,4,True,0,0,0.0,0,,0,0.42105263157894735,0.375,0.18181818181818182,1.0,2,0.5268542199488491,12.5,0.0,26.0
G,T5,2051,4,True,1,1,0.5,1,1.0,1,0.7368421052631579,0.6666666666666666,0.045454545454545456,0.4,1,0.4675324675324675,41.0,0.0,37.0
G,T5,2052,4,True,0,0,0.25,1,4.0,1,0.5789473684210527,0.4666666666666667,0.07792207792207792,1.0,2,0.4112685560053981,27.0,0.0,21.0
G,T5,2053,4,True,0,0,0.0,0,,0,0.47368421052631576,0.4375,0.17857142857142858,0.8888888888888888,3,0.9130434782608695,2.0,0.0,25.333333333333332
G,T5,2054,4,True,0,0,0.0,0,,0,0.3684210526315789,0.29411764705882354,0.19047619047619047,0.8,3,1.0,0.0,0.0,24.666666666666668
G,T5,2055,4,True,0,0,0.0,0,,0,0.5789473684210527,0.4666666666666667,0.11290322580645161,1.0,2,0.9230769230769231,3.0,0.0,42.5
G,T5,2056,4,True,0,0,0.0,0,,0,0.5263157894736842,0.5,0.10588235294117647,0.5714285714285714,3,0.6697837521917007,15.0,0.0,28.0
G,T5,2057,4,True,0,0,0.0,0,,0,0.3157894736842105,0.2777777777777778,0.2653061224489796,0.8461538461538461,3,0.9333333333333332,1.6666666666666667,0.0,29.0
G,T5,2058,4,True,0,0,0.25,1,2.0,1,0.42105263157894735,0.35294117647058826,0.23404255319148937,0.8888888888888888,3,1.0,0.0,0.3333333333333333,27.333333333333332
G,T5,2059,4,True,0,0,0.0,0,,0,0.6842105263157895,0.6,0.09859154929577464,1.0,2,0.77,11.5,0.0,27.0
G_restart,none,2000,4,True,0,0,0.0,0,,0,0.7894736842105263,0.8125,0.043478260869565216,,0,,,,
G_restart,none,2001,4,True,0,0,0.0,0,,0,0.8421052631578947,0.8235294117647058,0.02912621359223301,,0,,,,
G_restart,none,2002,4,True,0,0,0.0,0,,0,0.8947368421052632,0.8888888888888888,0.03773584905660377,,0,,,,
G_restart,none,2003,4,True,0,0,0.0,0,,0,0.9473684210526315,0.9411764705882353,0.009259259259259259,,0,,,,
G_restart,none,2004,4,True,0,0,0.0,0,,0,0.8421052631578947,0.8666666666666667,0.04,,0,,,,
G_restart,none,2005,4,True,0,0,0.0,0,,0,0.9473684210526315,0.9333333333333333,0.0390625,,0,,,,
G_restart,none,2006,4,True,0,0,0.0,0,,0,0.7894736842105263,0.8125,0.03773584905660377,,1,0.0,56.0,0.0,0.0
G_restart,none,2007,4,True,0,0,0.0,0,,0,0.8421052631578947,0.8125,0.026785714285714284,,0,,,,
G_restart,none,2008,4,True,0,0,0.0,0,,0,0.6842105263157895,0.75,0.06930693069306931,,0,,,,
G_restart,none,2009,4,True,0,0,0.0,0,,0,0.9473684210526315,0.9375,0.03361344537815126,,0,,,,
G_restart,none,2010,4,True,0,0,0.0,0,,0,0.7894736842105263,0.8125,0.03773584905660377,,0,,,,
G_restart,none,2011,4,True,0,0,0.0,0,,0,0.7894736842105263,0.875,0.05172413793103448,,0,,,,
G_restart,none,2012,4,True,0,0,0.0,0,,0,0.7368421052631579,0.75,0.044642857142857144,,0,,,,
G_restart,none,2013,4,True,0,0,0.0,0,,0,0.8421052631578947,0.8333333333333334,0.03636363636363636,,0,,,,
G_restart,none,2014,4,True,0,0,0.0,0,,0,0.8421052631578947,0.875,0.046296296296296294,,0,,,,
G_restart,none,2015,4,True,0,0,0.0,0,,0,0.8947368421052632,0.875,0.015748031496062992,,0,,,,
G_restart,none,2016,4,True,0,0,0.0,0,,0,0.7894736842105263,0.7777777777777778,0.05660377358490566,,0,,,,
G_restart,none,2017,4,True,0,0,0.0,0,,0,0.9473684210526315,0.9333333333333333,0.017391304347826087,,0,,,,
G_restart,none,2018,4,True,0,0,0.0,0,,0,1.0,1.0,0.00909090909090909,,0,,,,
G_restart,none,2019,4,True,0,0,0.0,0,,0,0.8947368421052632,0.8823529411764706,0.016260162601626018,,0,,,,
G_restart,none,2020,4,True,0,0,0.0,0,,0,0.8947368421052632,0.8823529411764706,0.032,,1,0.0,35.0,0.0,0.0
G_restart,none,2021,4,True,0,0,0.0,0,,0,0.9473684210526315,0.9333333333333333,0.017543859649122806,,0,,,,
G_restart,none,2022,4,True,0,0,0.0,0,,0,1.0,1.0,0.0,,0,,,,
G_restart,none,2023,4,True,0,0,0.0,0,,0,0.8947368421052632,0.8823529411764706,0.023255813953488372,,0,,,,
G_restart,none,2024,4,True,0,0,0.0,0,,0,1.0,1.0,0.007874015748031496,,0,,,,
G_restart,none,2025,4,True,0,0,0.0,0,,0,0.8947368421052632,0.875,0.028846153846153848,,0,,,,
G_restart,none,2026,4,True,0,0,0.0,0,,0,0.9473684210526315,0.9411764705882353,0.015267175572519083,,0,,,,
G_restart,none,2027,4,True,0,0,0.0,0,,0,1.0,1.0,0.0072992700729927005,,0,,,,
G_restart,none,2028,4,True,0,0,0.0,0,,0,0.9473684210526315,0.9333333333333333,0.008403361344537815,,0,,,,
G_restart,none,2029,4,True,0,0,0.0,0,,0,1.0,1.0,0.031496062992125984,,0,,,,
G_restart,none,2030,4,True,0,0,0.0,0,,0,0.8947368421052632,0.8888888888888888,0.041237113402061855,,0,,,,
G_restart,none,2031,4,True,0,0,0.0,0,,0,0.8421052631578947,0.9333333333333333,0.032520325203252036,,0,,,,
G_restart,none,2032,4,True,0,0,0.0,0,,0,0.8421052631578947,0.8,0.028037383177570093,,0,,,,
G_restart,none,2033,4,True,0,0,0.0,0,,0,0.7368421052631579,0.7058823529411765,0.058823529411764705,,0,,,,
G_restart,none,2034,4,True,0,0,0.0,0,,0,0.9473684210526315,0.9333333333333333,0.017543859649122806,,0,,,,
G_restart,none,2035,4,True,0,0,0.0,0,,0,0.8421052631578947,0.8235294117647058,0.04672897196261682,,0,,,,
G_restart,none,2036,4,True,0,0,0.0,0,,0,0.8947368421052632,0.8823529411764706,0.02702702702702703,,0,,,,
G_restart,none,2037,4,True,0,0,0.0,0,,0,0.8947368421052632,0.8823529411764706,0.02631578947368421,,0,,,,
G_restart,none,2038,4,True,0,0,0.0,0,,0,0.8947368421052632,0.8823529411764706,0.032,,0,,,,
G_restart,none,2039,4,True,0,0,0.0,0,,0,0.9473684210526315,0.9411764705882353,0.017241379310344827,,0,,,,
G_restart,none,2040,4,True,0,0,0.0,0,,0,0.8421052631578947,0.8823529411764706,0.0297029702970297,,0,,,,
G_restart,none,2041,4,True,0,0,0.0,0,,0,0.8421052631578947,0.8235294117647058,0.027777777777777776,,0,,,,
G_restart,none,2042,4,True,0,0,0.0,0,,0,0.7894736842105263,0.8666666666666667,0.046875,,0,,,,
G_restart,none,2043,4,True,0,0,0.0,0,,0,0.9473684210526315,1.0,0.009174311926605505,,0,,,,
G_restart,none,2044,4,True,0,0,0.0,0,,0,0.7894736842105263,0.7647058823529411,0.03571428571428571,,0,,,,
G_restart,none,2045,4,True,0,0,0.0,0,,0,0.8947368421052632,0.875,0.01694915254237288,,0,,,,
G_restart,none,2046,4,True,0,0,0.0,0,,0,0.8947368421052632,0.875,0.035398230088495575,,0,,,,
G_restart,none,2047,4,True,0,0,0.0,0,,0,1.0,1.0,0.014492753623188406,,0,,,,
G_restart,none,2048,4,True,0,0,0.0,0,,0,0.8947368421052632,0.875,0.03125,,0,,,,
G_restart,none,2049,4,True,0,0,0.0,0,,0,0.8947368421052632,0.875,0.01680672268907563,,0,,,,
G_restart,none,2050,4,True,0,0,0.0,0,,0,0.7894736842105263,0.8125,0.05714285714285714,,0,,,,
G_restart,none,2051,4,True,0,0,0.0,0,,0,0.9473684210526315,0.9333333333333333,0.018018018018018018,,0,,,,
G_restart,none,2052,4,True,0,0,0.0,0,,0,0.8947368421052632,0.8666666666666667,0.02459016393442623,,1,0.0,92.0,0.0,0.0
G_restart,none,2053,4,True,0,0,0.0,0,,0,0.8947368421052632,0.9375,0.028846153846153848,,0,,,,
G_restart,none,2054,4,True,0,0,0.0,0,,0,0.6842105263157895,0.6470588235294118,0.0784313725490196,,0,,,,
G_restart,none,2055,4,True,0,0,0.0,0,,0,0.8947368421052632,0.8666666666666667,0.020833333333333332,,0,,,,
G_restart,none,2056,4,True,0,0,0.0,0,,0,0.8947368421052632,0.9375,0.016129032258064516,,0,,,,
G_restart,none,2057,4,True,0,0,0.0,0,,0,0.8947368421052632,0.8888888888888888,0.04424778761061947,,0,,,,
G_restart,none,2058,4,True,0,0,0.0,0,,0,1.0,1.0,0.008695652173913044,,0,,,,
G_restart,none,2059,4,True,0,0,0.0,0,,0,0.8947368421052632,0.8666666666666667,0.028846153846153848,,0,,,,
G_restart,T1,2000,4,True,0,0,0.25,1,2.0,1,0.7894736842105263,0.8125,0.043478260869565216,1.0,1,0.03409090909090909,85.0,0.0,0.0
G_restart,T1,2001,4,True,0,0,0.25,1,2.0,1,0.7894736842105263,0.7647058823529411,0.029411764705882353,1.0,4,0.42960091645353793,19.0,0.5,0.0
G_restart,T1,2002,4,True,0,0,0.5,1,2.0,1,0.8947368421052632,0.8888888888888888,0.03773584905660377,1.0,1,0.05333333333333334,71.0,0.0,0.0
G_restart,T1,2003,4,True,0,0,0.75,1,1.0,1,0.8421052631578947,0.8235294117647058,0.00980392156862745,1.0,3,0.6929637526652451,13.0,0.3333333333333333,0.0
G_restart,T1,2004,4,True,0,0,0.25,1,3.0,1,0.8421052631578947,0.8666666666666667,0.030927835051546393,1.0,1,0.08928571428571429,51.0,0.0,0.0
G_restart,T1,2005,4,True,0,0,1.0,1,1.0,1,0.8947368421052632,0.8666666666666667,0.03937007874015748,0.7142857142857143,2,0.13279530447542187,45.5,0.0,0.0
G_restart,T1,2006,4,True,0,0,0.25,1,1.0,1,0.7894736842105263,0.8125,0.0380952380952381,1.0,3,0.6106934001670844,19.333333333333332,0.6666666666666666,0.0
G_restart,T1,2007,4,True,0,0,0.75,1,2.0,1,0.8421052631578947,0.8125,0.026785714285714284,0.875,2,0.28846153846153844,24.0,0.0,0.0
G_restart,T1,2008,4,True,0,0,0.5,1,3.0,1,0.6842105263157895,0.75,0.04950495049504951,1.0,3,0.5679442508710801,16.0,0.3333333333333333,0.0
G_restart,T1,2009,4,True,0,0,1.0,1,4.0,1,0.8421052631578947,0.8125,0.034782608695652174,0.9411764705882353,6,0.5838452088452089,9.5,0.8333333333333334,0.0
G_restart,T1,2010,4,True,0,0,0.75,1,8.0,1,0.7894736842105263,0.8125,0.03773584905660377,0.9,4,0.6135204081632653,15.75,0.5,0.0
G_restart,T1,2011,4,True,0,0,0.75,1,4.0,1,0.6842105263157895,0.75,0.05555555555555555,1.0,3,0.5670595407437512,15.0,0.3333333333333333,0.0
G_restart,T1,2012,4,True,0,0,0.25,1,3.0,1,0.631578947368421,0.625,0.04716981132075472,1.0,2,0.2801630434782609,39.0,0.0,0.0
G_restart,T1,2013,4,True,0,0,1.0,1,5.0,1,0.7894736842105263,0.7777777777777778,0.026785714285714284,0.9285714285714286,5,0.4487037037037037,15.6,0.8,0.0
G_restart,T1,2014,4,True,0,0,0.75,1,5.0,1,0.7368421052631579,0.75,0.04807692307692308,0.8461538461538461,4,0.4779040404040404,18.75,0.5,0.0
G_restart,T1,2015,4,True,0,0,0.5,1,2.0,1,0.8421052631578947,0.8125,0.016129032258064516,1.0,3,0.4355877616747182,25.666666666666668,0.3333333333333333,0.0
G_restart,T1,2016,4,True,0,0,0.5,1,5.0,1,0.7894736842105263,0.7777777777777778,0.045871559633027525,1.0,3,0.15120788804999333,31.333333333333332,0.0,0.0
G_restart,T1,2017,4,True,0,0,0.25,1,1.0,1,0.8421052631578947,0.8,0.009009009009009009,1.0,2,0.13329081632653061,49.5,0.0,0.0
G_restart,T1,2018,4,True,0,0,1.0,1,4.0,1,0.9473684210526315,0.9411764705882353,0.0,0.625,2,0.27349624060150374,41.0,0.0,0.0
G_restart,T1,2019,4,True,0,0,0.25,1,2.0,1,0.8947368421052632,0.8823529411764706,0.016260162601626018,1.0,1,0.11267605633802817,63.0,0.0,0.0
G_restart,T1,2020,4,True,0,0,0.75,1,3.0,1,0.7368421052631579,0.7058823529411765,0.026785714285714284,0.9166666666666666,5,0.5455648926237162,10.0,0.8,0.0
G_restart,T1,2021,4,True,0,0,1.0,1,5.0,1,0.8947368421052632,0.8666666666666667,0.017699115044247787,0.38461538461538464,2,0.15,20.0,0.5,0.0
G_restart,T1,2022,4,True,0,0,0.75,1,4.0,1,0.9473684210526315,0.9333333333333333,0.0,0.8181818181818182,3,0.3507599671282536,26.333333333333332,0.3333333333333333,0.0
G_restart,T1,2023,4,True,0,0,1.0,1,3.0,1,0.631578947368421,0.5882352941176471,0.04310344827586207,0.5625,6,0.521086691086691,14.333333333333334,0.8333333333333334,0.0
G_restart,T1,2024,4,True,0,0,0.75,1,2.0,1,0.9473684210526315,0.9411764705882353,0.01652892561983471,0.6,1,0.15384615384615385,66.0,0.0,0.0
G_restart,T1,2025,4,True,0,0,1.0,1,2.0,1,0.8947368421052632,0.875,0.028846153846153848,0.9090909090909091,4,0.29204545454545455,18.0,0.75,0.0
G_restart,T1,2026,4,True,0,0,0.75,1,2.0,1,0.8947368421052632,0.8823529411764706,0.015384615384615385,1.0,3,0.29223985890652554,37.0,0.3333333333333333,0.0
G_restart,T1,2027,4,True,0,0,0.0,0,,0,1.0,1.0,0.0072992700729927005,,0,,,,
G_restart,T1,2028,4,True,0,0,0.5,1,3.0,1,0.7894736842105263,0.7333333333333333,0.00909090909090909,0.9090909090909091,3,0.27653657886216026,27.333333333333332,0.3333333333333333,0.0
G_restart,T1,2029,4,True,0,0,0.75,1,1.0,1,0.9473684210526315,0.9375,0.023622047244094488,0.9,4,0.4819047619047619,19.75,0.5,0.0
G_restart,T1,2030,4,True,0,0,0.5,1,2.0,1,0.8947368421052632,0.8888888888888888,0.041237113402061855,0.75,1,0.11940298507462686,59.0,0.0,0.0
G_restart,T1,2031,4,True,0,0,0.5,1,2.0,1,0.8421052631578947,0.9333333333333333,0.032520325203252036,1.0,2,0.1054945054945055,55.0,0.0,0.0
G_restart,T1,2032,4,True,0,0,0.75,1,4.0,1,0.7894736842105263,0.7333333333333333,0.02830188679245283,0.9285714285714286,6,0.6592827874487803,11.666666666666666,0.6666666666666666,0.0
G_restart,T1,2033,4,True,0,0,0.0,0,,0,0.7368421052631579,0.7058823529411765,0.058823529411764705,,0,,,,
G_restart,T1,2034,4,True,0,0,0.25,1,2.0,1,0.9473684210526315,0.9333333333333333,0.017543859649122806,1.0,1,0.1951219512195122,33.0,0.0,0.0
G_restart,T1,2035,4,True,0,0,0.25,1,5.0,1,0.8421052631578947,0.8235294117647058,0.04716981132075472,1.0,1,0.2777777777777778,26.0,0.0,0.0
G_restart,T1,2036,4,True,0,0,0.75,1,3.0,1,0.8947368421052632,0.8823529411764706,0.018518518518518517,0.75,1,0.20754716981132076,42.0,0.0,0.0
G_restart,T1,2037,4,True,0,0,0.25,1,4.0,1,0.8947368421052632,0.8823529411764706,0.02631578947368421,1.0,1,0.2647058823529412,50.0,0.0,0.0
G_restart,T1,2038,4,True,0,0,0.25,1,3.0,1,0.8421052631578947,0.8235294117647058,0.025423728813559324,1.0,5,0.6387212787212787,7.8,0.8,0.0
G_restart,T1,2039,4,True,0,0,0.75,1,7.0,1,0.8421052631578947,0.8235294117647058,0.019801980198019802,0.5384615384615384,3,0.08452380952380951,24.666666666666668,0.3333333333333333,0.0
G_restart,T1,2040,4,True,0,0,1.0,1,3.0,1,0.7368421052631579,0.7647058823529411,0.03225806451612903,1.0,2,0.32594086021505375,19.0,0.5,0.0
G_restart,T1,2041,4,True,0,0,0.75,1,4.0,1,0.7894736842105263,0.7647058823529411,0.02830188679245283,0.8333333333333334,3,0.31989247311827956,22.333333333333332,0.3333333333333333,0.0
G_restart,T1,2042,4,True,0,0,0.0,0,,0,0.7894736842105263,0.8666666666666667,0.046875,,0,,,,
G_restart,T1,2043,4,True,0,0,0.75,1,3.0,1,0.8421052631578947,0.8823529411764706,0.011235955056179775,1.0,3,0.45819426615318787,18.666666666666668,0.3333333333333333,0.0
G_restart,T1,2044,4,True,0,0,0.5,1,1.0,1,0.6842105263157895,0.6470588235294118,0.039603960396039604,1.0,3,0.6486772486772486,22.333333333333332,0.6666666666666666,0.0
G_restart,T1,2045,4,True,0,0,0.5,1,2.0,1,0.8421052631578947,0.8125,0.017391304347826087,0.8,2,0.22047619047619046,45.5,0.0,0.0
G_restart,T1,2046,4,True,0,0,0.75,1,4.0,1,0.8421052631578947,0.8125,0.017699115044247787,0.8888888888888888,3,0.22952413635323723,25.333333333333332,0.6666666666666666,0.0
G_restart,T1,2047,4,True,0,0,0.75,1,3.0,1,0.9473684210526315,0.9411764705882353,0.007692307692307693,0.6,1,0.25925925925925924,40.0,0.0,0.0
G_restart,T1,2048,4,True,0,0,0.75,1,1.0,1,0.8421052631578947,0.8125,0.031496062992125984,1.0,3,0.47529873372570003,32.666666666666664,0.6666666666666666,0.0
G_restart,T1,2049,4,True,0,0,0.5,1,5.0,1,0.8421052631578947,0.8125,0.01694915254237288,0.75,2,0.2582317073170732,30.0,0.0,0.0
G_restart,T1,2050,4,True,0,0,0.5,1,1.0,1,0.7368421052631579,0.75,0.061855670103092786,1.0,2,0.23065764023210833,26.5,0.5,0.0
G_restart,T1,2051,4,True,0,0,0.5,1,1.0,1,0.8947368421052632,0.8666666666666667,0.018518518518518517,1.0,1,0.11688311688311688,68.0,0.0,0.0
G_restart,T1,2052,4,True,0,0,0.25,1,4.0,1,0.8421052631578947,0.8,0.025210084033613446,1.0,2,0.10526315789473684,39.5,0.0,0.0
G_restart,T1,2053,4,True,0,0,0.5,1,1.0,1,0.8947368421052632,0.9375,0.028846153846153848,1.0,1,0.2608695652173913,17.0,0.0,0.0
G_restart,T1,2054,4,True,0,0,1.0,1,3.0,1,0.5789473684210527,0.5294117647058824,0.08080808080808081,0.9230769230769231,4,0.4241015741015741,16.25,0.5,0.0
G_restart,T1,2055,4,True,0,0,0.75,1,7.0,1,0.8421052631578947,0.8,0.021505376344086023,1.0,3,0.39118255998051393,20.666666666666668,0.3333333333333333,0.0
G_restart,T1,2056,4,True,0,0,0.5,1,2.0,1,0.8947368421052632,0.9375,0.02459016393442623,0.5,1,0.1282051282051282,68.0,0.0,0.0
G_restart,T1,2057,4,True,0,0,0.75,1,2.0,1,0.8421052631578947,0.8333333333333334,0.04672897196261682,0.7777777777777778,4,0.3219330104923325,16.5,0.25,0.0
G_restart,T1,2058,4,True,0,0,0.75,1,3.0,1,0.8947368421052632,0.8823529411764706,0.01,0.7857142857142857,4,0.5340544871794872,12.75,0.5,0.0
G_restart,T1,2059,4,True,0,0,0.5,1,5.0,1,0.8947368421052632,0.8666666666666667,0.01904761904761905,1.0,3,0.20808595702148924,27.333333333333332,0.6666666666666666,0.0
G_restart,T2,2000,4,True,0,0,0.0,0,,0,0.7894736842105263,0.8125,0.043478260869565216,,0,,,,
G_restart,T2,2001,4,True,0,0,0.0,0,,0,0.8421052631578947,0.8235294117647058,0.02912621359223301,,0,,,,
G_restart,T2,2002,4,True,0,0,0.0,0,,0,0.8947368421052632,0.8888888888888888,0.03773584905660377,,0,,,,
G_restart,T2,2003,4,True,0,0,0.0,0,,0,0.8421052631578947,0.8235294117647058,0.009433962264150943,1.0,1,0.686046511627907,27.0,0.0,0.0
G_restart,T2,2004,4,True,0,0,0.0,0,,0,0.7894736842105263,0.8,0.04040404040404041,1.0,0,,,,
G_restart,T2,2005,4,True,0,0,0.0,0,,0,0.8947368421052632,0.8666666666666667,0.03937007874015748,1.0,0,,,,
G_restart,T2,2006,4,True,0,0,0.0,0,,0,0.6842105263157895,0.6875,0.038461538461538464,1.0,2,0.37293956043956045,28.5,0.0,0.0
G_restart,T2,2007,4,True,0,0,0.0,0,,0,0.7894736842105263,0.75,0.02702702702702703,1.0,0,,,,
G_restart,T2,2008,4,True,0,0,0.0,0,,0,0.631578947368421,0.6875,0.07,1.0,0,,,,
G_restart,T2,2009,4,True,0,0,0.0,0,,0,0.8421052631578947,0.8125,0.03418803418803419,1.0,0,,,,
G_restart,T2,2010,4,True,0,0,0.0,0,,0,0.6842105263157895,0.6875,0.038461538461538464,1.0,1,0.35353535353535354,64.0,0.0,0.0
G_restart,T2,2011,4,True,0,0,0.0,0,,0,0.7894736842105263,0.875,0.05172413793103448,,0,,,,
G_restart,T2,2012,4,True,0,0,0.0,0,,0,0.6842105263157895,0.6875,0.04504504504504504,1.0,0,,,,
G_restart,T2,2013,4,True,0,0,0.0,0,,0,0.6842105263157895,0.6666666666666666,0.02727272727272727,1.0,1,0.3333333333333333,48.0,0.0,0.0
G_restart,T2,2014,4,True,0,0,0.0,0,,0,0.7894736842105263,0.8125,0.04672897196261682,1.0,0,,,,
G_restart,T2,2015,4,True,0,0,0.0,0,,0,0.8421052631578947,0.8125,0.015873015873015872,1.0,0,,,,
G_restart,T2,2016,4,True,0,0,0.0,0,,0,0.7368421052631579,0.7222222222222222,0.05714285714285714,1.0,0,,,,
G_restart,T2,2017,4,True,0,0,0.0,0,,0,0.9473684210526315,0.9333333333333333,0.017391304347826087,,0,,,,
G_restart,T2,2018,4,True,0,0,0.0,0,,0,1.0,1.0,0.00909090909090909,,0,,,,
G_restart,T2,2019,4,True,0,0,0.0,0,,0,0.8947368421052632,0.8823529411764706,0.016260162601626018,,0,,,,
G_restart,T2,2020,4,True,0,0,0.0,0,,0,0.8947368421052632,0.8823529411764706,0.032,,1,0.4,21.0,0.0,0.0
G_restart,T2,2021,4,True,0,0,0.0,0,,0,0.8947368421052632,0.8666666666666667,0.017699115044247787,1.0,0,,,,
G_restart,T2,2022,4,True,0,0,0.0,0,,0,1.0,1.0,0.0,,0,,,,
G_restart,T2,2023,4,True,0,0,0.0,0,,0,0.7894736842105263,0.7647058823529411,0.023622047244094488,1.0,1,0.38461538461538464,16.0,0.0,0.0
G_restart,T2,2024,4,True,0,0,0.0,0,,0,1.0,1.0,0.007874015748031496,,0,,,,
G_restart,T2,2025,4,True,0,0,0.0,0,,0,0.8421052631578947,0.8125,0.02912621359223301,1.0,0,,,,
G_restart,T2,2026,4,True,0,0,0.0,0,,0,0.8947368421052632,0.8823529411764706,0.015384615384615385,1.0,0,,,,
G_restart,T2,2027,4,True,0,0,0.0,0,,0,1.0,1.0,0.0072992700729927005,,0,,,,
G_restart,T2,2028,4,True,0,0,0.0,0,,0,0.7894736842105263,0.7333333333333333,0.008620689655172414,1.0,1,0.44954128440366975,60.0,0.0,0.0
G_restart,T2,2029,4,True,0,0,0.0,0,,0,0.8947368421052632,0.875,0.032,1.0,1,0.48314606741573035,46.0,0.0,0.0
G_restart,T2,2030,4,True,0,0,0.0,0,,0,0.8947368421052632,0.8888888888888888,0.041237113402061855,,0,,,,
G_restart,T2,2031,4,True,0,0,0.0,0,,0,0.8421052631578947,0.9333333333333333,0.032520325203252036,,0,,,,
G_restart,T2,2032,4,True,0,0,0.0,0,,0,0.7894736842105263,0.7333333333333333,0.02830188679245283,1.0,0,,,,
G_restart,T2,2033,4,True,0,0,0.0,0,,0,0.7368421052631579,0.7058823529411765,0.058823529411764705,,0,,,,
G_restart,T2,2034,4,True,0,0,0.0,0,,0,0.9473684210526315,0.9333333333333333,0.017543859649122806,,0,,,,
G_restart,T2,2035,4,True,0,0,0.0,0,,0,0.8421052631578947,0.8235294117647058,0.04672897196261682,,0,,,,
G_restart,T2,2036,4,True,0,0,0.0,0,,0,0.8421052631578947,0.8235294117647058,0.02727272727272727,1.0,0,,,,
G_restart,T2,2037,4,True,0,0,0.0,0,,0,0.8421052631578947,0.8235294117647058,0.02654867256637168,1.0,0,,,,
G_restart,T2,2038,4,True,0,0,0.0,0,,0,0.8947368421052632,0.8823529411764706,0.032,,0,,,,
G_restart,T2,2039,4,True,0,0,0.0,0,,0,0.8947368421052632,0.8823529411764706,0.017391304347826087,1.0,0,,,,
G_restart,T2,2040,4,True,0,0,0.0,0,,0,0.7894736842105263,0.8235294117647058,0.03,1.0,0,,,,
G_restart,T2,2041,4,True,0,0,0.0,0,,0,0.7894736842105263,0.7647058823529411,0.028037383177570093,1.0,0,,,,
G_restart,T2,2042,4,True,0,0,0.0,0,,0,0.7894736842105263,0.8666666666666667,0.046875,,0,,,,
G_restart,T2,2043,4,True,0,0,0.0,0,,0,0.7894736842105263,0.8235294117647058,0.009433962264150943,1.0,1,0.28421052631578947,68.0,0.0,0.0
G_restart,T2,2044,4,True,0,0,0.0,0,,0,0.7894736842105263,0.7647058823529411,0.03571428571428571,,0,,,,
G_restart,T2,2045,4,True,0,0,0.0,0,,0,0.8947368421052632,0.875,0.01694915254237288,,0,,,,
G_restart,T2,2046,4,True,0,0,0.0,0,,0,0.7894736842105263,0.75,0.036036036036036036,1.0,1,0.4444444444444444,50.0,0.0,0.0
G_restart,T2,2047,4,True,0,0,0.0,0,,0,1.0,1.0,0.014492753623188406,,0,,,,
G_restart,T2,2048,4,True,0,0,0.0,0,,0,0.8421052631578947,0.8125,0.031496062992125984,1.0,0,,,,
G_restart,T2,2049,4,True,0,0,0.0,0,,0,0.8947368421052632,0.875,0.01680672268907563,,0,,,,
G_restart,T2,2050,4,True,0,0,0.0,0,,0,0.7368421052631579,0.75,0.057692307692307696,1.0,0,,,,
G_restart,T2,2051,4,True,0,0,0.0,0,,0,0.9473684210526315,0.9333333333333333,0.018018018018018018,,0,,,,
G_restart,T2,2052,4,True,0,0,0.0,0,,0,0.8421052631578947,0.8,0.024793388429752067,1.0,1,0.42391304347826086,53.0,0.0,0.0
G_restart,T2,2053,4,True,0,0,0.0,0,,0,0.8421052631578947,0.875,0.02912621359223301,1.0,0,,,,
G_restart,T2,2054,4,True,0,0,0.0,0,,0,0.6842105263157895,0.6470588235294118,0.0784313725490196,,0,,,,
G_restart,T2,2055,4,True,0,0,0.0,0,,0,0.8421052631578947,0.8,0.021052631578947368,1.0,0,,,,
G_restart,T2,2056,4,True,0,0,0.0,0,,0,0.8947368421052632,0.9375,0.016129032258064516,,0,,,,
G_restart,T2,2057,4,True,0,0,0.0,0,,0,0.8947368421052632,0.8888888888888888,0.04424778761061947,,0,,,,
G_restart,T2,2058,4,True,0,0,0.0,0,,0,1.0,1.0,0.008695652173913044,,0,,,,
G_restart,T2,2059,4,True,0,0,0.0,0,,0,0.8947368421052632,0.8666666666666667,0.028846153846153848,,0,,,,
G_restart,T3,2000,4,True,0,0,0.5,1,1.0,1,0.7894736842105263,0.8125,0.043478260869565216,1.0,1,0.0449438202247191,85.0,0.0,0.0
G_restart,T3,2001,4,True,0,0,0.75,1,2.0,1,0.8421052631578947,0.8235294117647058,0.02912621359223301,0.5,3,0.5304035378662245,24.0,0.3333333333333333,0.0
G_restart,T3,2002,4,True,0,0,0.25,1,4.0,1,0.8421052631578947,0.8333333333333334,0.0380952380952381,1.0,1,0.03896103896103896,74.0,0.0,0.0
G_restart,T3,2003,4,True,0,0,0.5,1,1.0,1,0.8421052631578947,0.8235294117647058,0.00980392156862745,1.0,4,0.49327801827801826,11.25,0.75,0.0
G_restart,T3,2004,4,True,0,0,0.0,0,,0,0.8421052631578947,0.8666666666666667,0.04,,0,,,,
G_restart,T3,2005,4,True,0,0,0.25,1,1.0,1,0.8421052631578947,0.8,0.04201680672268908,0.8,2,0.09138486312399355,45.5,0.0,0.0
G_restart,T3,2006,4,True,0,0,0.25,1,1.0,1,0.7894736842105263,0.8125,0.03773584905660377,1.0,2,0.5267857142857143,26.5,0.5,0.0
G_restart,T3,2007,4,True,0,0,0.5,1,4.0,1,0.8421052631578947,0.8125,0.026785714285714284,1.0,1,0.39285714285714285,17.0,0.0,0.0
G_restart,T3,2008,4,True,0,0,0.75,1,5.0,1,0.6842105263157895,0.75,0.06862745098039216,0.625,2,0.6423670668953688,13.5,0.0,0.0
G_restart,T3,2009,4,True,0,0,1.0,1,6.0,1,0.8421052631578947,0.8125,0.01818181818181818,0.7727272727272727,6,0.743911558617441,7.333333333333333,0.8333333333333334,0.0
G_restart,T3,2010,4,True,0,0,0.5,1,8.0,1,0.7368421052631579,0.75,0.038834951456310676,1.0,5,0.6027777777777777,13.2,0.6,0.0
G_restart,T3,2011,4,True,0,0,0.75,1,4.0,1,0.6842105263157895,0.75,0.046296296296296294,1.0,2,0.5114285714285715,20.5,0.0,0.0
G_restart,T3,2012,4,True,0,0,0.75,1,4.0,1,0.631578947368421,0.625,0.045871559633027525,0.875,2,0.33252032520325203,40.0,0.0,0.0
G_restart,T3,2013,4,True,0,0,1.0,1,4.0,1,0.8421052631578947,0.8333333333333334,0.02654867256637168,0.9166666666666666,4,0.35383597883597884,20.5,0.75,0.0
G_restart,T3,2014,4,True,0,0,1.0,1,2.0,1,0.7894736842105263,0.8125,0.0392156862745098,0.7142857142857143,3,0.36615640408210065,23.0,0.3333333333333333,0.0
G_restart,T3,2015,4,True,0,0,0.5,1,3.0,1,0.8947368421052632,0.875,0.008064516129032258,1.0,2,0.17980072463768115,38.5,0.0,0.0
G_restart,T3,2016,4,True,0,0,0.5,1,1.0,1,0.7894736842105263,0.7777777777777778,0.045871559633027525,1.0,3,0.19019462921901945,31.0,0.0,0.0
G_restart,T3,2017,4,True,0,0,0.25,1,3.0,1,0.8947368421052632,0.8666666666666667,0.01818181818181818,1.0,1,0.12844036697247707,95.0,0.0,0.0
G_restart,T3,2018,4,True,0,0,0.5,1,3.0,1,0.9473684210526315,0.9411764705882353,0.00909090909090909,1.0,2,0.22061011904761904,41.5,0.0,0.0
G_restart,T3,2019,4,True,0,0,0.25,1,2.0,1,0.8947368421052632,0.8823529411764706,0.016260162601626018,1.0,1,0.11267605633802817,63.0,0.0,0.0
G_restart,T3,2020,4,True,0,0,0.75,1,4.0,1,0.7368421052631579,0.7058823529411765,0.03508771929824561,0.9166666666666666,3,0.5982007575757575,13.333333333333334,0.3333333333333333,0.0
G_restart,T3,2021,4,True,0,0,0.5,1,2.0,1,0.9473684210526315,0.9333333333333333,0.017543859649122806,1.0,2,0.20660377358490567,34.0,0.0,0.0
G_restart,T3,2022,4,True,0,0,1.0,1,2.0,1,0.8947368421052632,0.8666666666666667,0.0,0.7272727272727273,3,0.34054834054834054,26.333333333333332,0.3333333333333333,0.0
G_restart,T3,2023,4,True,0,0,1.0,1,10.0,1,0.7894736842105263,0.7647058823529411,0.024793388429752067,0.9230769230769231,4,0.5636064450423718,10.5,0.75,0.0
G_restart,T3,2024,4,True,0,0,0.75,1,3.0,1,0.9473684210526315,0.9411764705882353,0.008130081300813009,0.75,1,0.19047619047619047,68.0,0.0,0.0
G_restart,T3,2025,4,True,1,6,1.0,1,3.0,1,0.7894736842105263,0.75,0.030303030303030304,0.2916666666666667,5,0.2606313131313131,18.8,1.0,0.0
G_restart,T3,2026,4,True,0,0,0.5,1,2.0,1,0.8947368421052632,0.8823529411764706,0.015384615384615385,0.8571428571428571,3,0.26870048190802903,37.333333333333336,0.3333333333333333,0.0
G_restart,T3,2027,4,True,0,0,0.0,0,,0,1.0,1.0,0.0072992700729927005,,0,,,,
G_restart,T3,2028,4,True,0,0,0.75,1,8.0,1,0.8947368421052632,0.8666666666666667,0.017543859649122806,0.5625,3,0.3717592592592593,26.0,0.6666666666666666,0.0
G_restart,T3,2029,4,True,0,0,0.75,1,1.0,1,1.0,1.0,0.031496062992125984,0.875,3,0.3404982363315696,27.333333333333332,0.3333333333333333,0.0
G_restart,T3,2030,4,True,0,0,0.5,1,2.0,1,0.8947368421052632,0.8888888888888888,0.041237113402061855,0.4,1,0.14492753623188406,59.0,0.0,0.0
G_restart,T3,2031,4,True,0,0,0.5,1,4.0,1,0.7368421052631579,0.8,0.043478260869565216,1.0,2,0.18572418572418573,48.0,0.5,0.0
G_restart,T3,2032,4,True,0,0,0.5,1,7.0,1,0.7894736842105263,0.7333333333333333,0.02830188679245283,1.0,5,0.6043567362428843,14.0,0.6,0.0
G_restart,T3,2033,4,True,0,0,0.25,1,8.0,1,0.7368421052631579,0.7058823529411765,0.058823529411764705,1.0,1,0.16279069767441862,36.0,0.0,0.0
G_restart,T3,2034,4,True,0,0,0.25,1,3.0,1,0.8947368421052632,0.8666666666666667,0.02702702702702703,1.0,1,0.1951219512195122,33.0,0.0,0.0
G_restart,T3,2035,4,True,0,0,0.25,1,5.0,1,0.8421052631578947,0.8235294117647058,0.04716981132075472,1.0,1,0.2777777777777778,26.0,0.0,0.0
G_restart,T3,2036,4,True,0,0,0.75,1,3.0,1,0.8947368421052632,0.8823529411764706,0.018518518518518517,0.75,1,0.20754716981132076,42.0,0.0,0.0
G_restart,T3,2037,4,True,0,0,0.25,1,2.0,1,0.8947368421052632,0.8823529411764706,0.02631578947368421,1.0,1,0.2647058823529412,50.0,0.0,0.0
G_restart,T3,2038,4,True,1,6,1.0,1,18.0,1,0.7368421052631579,0.7058823529411765,0.034482758620689655,0.19607843137254902,4,0.5368117797695262,19.75,0.75,0.0
G_restart,T3,2039,4,True,0,0,0.75,1,4.0,1,0.8947368421052632,0.8823529411764706,0.018518518518518517,1.0,3,0.20104146699891381,30.666666666666668,0.3333333333333333,0.0
G_restart,T3,2040,4,True,0,0,1.0,1,3.0,1,0.7368421052631579,0.7647058823529411,0.03225806451612903,1.0,2,0.32594086021505375,19.0,0.5,0.0
G_restart,T3,2041,4,True,0,0,0.75,1,7.0,1,0.7894736842105263,0.7647058823529411,0.02857142857142857,1.0,2,0.5432017543859649,22.0,0.0,0.0
G_restart,T3,2042,4,True,0,0,0.0,0,,0,0.7894736842105263,0.8666666666666667,0.046875,,0,,,,
G_restart,T3,2043,4,True,0,0,0.75,1,7.0,1,0.8947368421052632,0.9411764705882353,0.009433962264150943,1.0,3,0.51565065681445,19.333333333333332,0.3333333333333333,0.0
G_restart,T3,2044,4,True,0,0,0.5,1,1.0,1,0.6842105263157895,0.6470588235294118,0.039603960396039604,1.0,3,0.644122383252818,22.333333333333332,0.6666666666666666,0.0
G_restart,T3,2045,4,True,0,0,1.0,1,3.0,1,0.7368421052631579,0.6875,0.027777777777777776,0.7619047619047619,3,0.26821007053565193,28.333333333333332,0.3333333333333333,0.0
G_restart,T3,2046,4,True,0,0,0.75,1,4.0,1,0.7894736842105263,0.75,0.018867924528301886,0.8571428571428571,2,0.27825797872340424,39.5,0.0,0.0
G_restart,T3,2047,4,True,0,0,0.75,1,3.0,1,0.9473684210526315,0.9411764705882353,0.007575757575757576,0.6666666666666666,1,0.2631578947368421,42.0,0.0,0.0
G_restart,T3,2048,4,True,0,0,0.75,1,1.0,1,0.8421052631578947,0.8125,0.031496062992125984,1.0,3,0.4846782431052094,32.666666666666664,0.6666666666666666,0.0
G_restart,T3,2049,4,True,0,0,0.5,1,2.0,1,0.8421052631578947,0.8125,0.017241379310344827,0.5555555555555556,2,0.21386603995299647,33.0,0.0,0.0
G_restart,T3,2050,4,True,0,0,0.75,1,5.0,1,0.6842105263157895,0.6875,0.061224489795918366,1.0,4,0.3781444099378882,12.5,0.75,0.0
G_restart,T3,2051,4,True,0,0,0.5,1,1.0,1,0.8947368421052632,0.8666666666666667,0.018518518518518517,1.0,1,0.11688311688311688,68.0,0.0,0.0
G_restart,T3,2052,4,True,1,1,1.0,1,25.0,1,0.8947368421052632,0.8666666666666667,0.008403361344537815,0.3939393939393939,2,0.11864406779661017,52.0,0.5,0.0
G_restart,T3,2053,4,True,0,0,0.25,1,1.0,1,0.8947368421052632,0.9375,0.028846153846153848,1.0,1,0.22727272727272727,17.0,0.0,0.0
G_restart,T3,2054,4,True,0,0,0.75,1,1.0,1,0.631578947368421,0.5882352941176471,0.08163265306122448,0.9,3,0.3836783988957902,17.333333333333332,0.3333333333333333,0.0
G_restart,T3,2055,4,True,0,0,0.5,1,7.0,1,0.8421052631578947,0.8,0.021505376344086023,1.0,3,0.38585858585858585,20.666666666666668,0.3333333333333333,0.0
G_restart,T3,2056,4,True,0,0,0.5,1,6.0,1,0.8421052631578947,0.875,0.01680672268907563,0.6666666666666666,1,0.17777777777777778,74.0,0.0,0.0
G_restart,T3,2057,4,True,0,0,0.5,1,2.0,1,0.7894736842105263,0.7777777777777778,0.03571428571428571,0.6363636363636364,3,0.42214912280701755,16.666666666666668,0.6666666666666666,0.0
G_restart,T3,2058,4,True,0,0,0.75,1,3.0,1,0.8947368421052632,0.8823529411764706,0.010101010101010102,0.7777777777777778,3,0.41264927023440956,16.666666666666668,0.3333333333333333,0.0
G_restart,T3,2059,4,True,0,0,0.5,1,2.0,1,0.8947368421052632,0.8666666666666667,0.028846153846153848,1.0,2,0.277745995423341,33.0,0.5,0.0
G_restart,T4,2000,4,True,0,0,0.75,1,8.0,1,0.7894736842105263,0.8125,0.043478260869565216,1.0,1,0.16981132075471697,88.0,0.0,0.0
G_restart,T4,2001,4,True,0,0,0.75,1,15.0,1,0.631578947368421,0.5882352941176471,0.033707865168539325,0.6923076923076923,2,0.4742138364779874,26.0,0.5,0.0
G_restart,T4,2002,4,True,0,0,0.5,1,6.0,1,0.8421052631578947,0.8333333333333334,0.0392156862745098,1.0,1,0.08860759493670886,72.0,0.0,0.0
G_restart,T4,2003,4,True,0,0,1.0,1,18.0,1,0.7894736842105263,0.7647058823529411,0.02040816326530612,1.0,2,0.6699496106275767,16.5,0.0,0.0
G_restart,T4,2004,4,True,0,0,0.75,1,38.0,0,0.7894736842105263,0.8,0.05102040816326531,0.875,1,0.38144329896907214,60.0,1.0,0.0
G_restart,T4,2005,4,True,0,0,1.0,1,23.0,1,0.9473684210526315,0.9333333333333333,0.03937007874015748,0.5555555555555556,1,0.4824561403508772,59.0,0.0,0.0
G_restart,T4,2006,4,True,0,0,0.75,1,1.0,1,0.7894736842105263,0.8125,0.03773584905660377,1.0,2,0.4653202774377805,29.5,0.5,0.0
G_restart,T4,2007,4,True,1,4,1.0,1,49.0,1,0.7368421052631579,0.6875,0.044444444444444446,0.35294117647058826,2,0.28431372549019607,35.0,0.5,0.0
G_restart,T4,2008,4,True,0,0,1.0,1,25.0,1,0.5789473684210527,0.625,0.07777777777777778,0.75,1,0.6617647058823529,23.0,1.0,0.0
G_restart,T4,2009,4,True,0,0,1.0,1,26.0,1,0.8947368421052632,0.875,0.03361344537815126,1.0,1,0.5555555555555556,36.0,1.0,0.0
G_restart,T4,2010,4,True,0,0,0.75,1,13.0,1,0.7368421052631579,0.75,0.030927835051546393,1.0,2,0.42708333333333337,25.5,1.0,0.0
G_restart,T4,2011,4,True,0,0,0.75,1,8.0,1,0.7894736842105263,0.875,0.05172413793103448,1.0,1,0.6547619047619048,29.0,0.0,0.0
G_restart,T4,2012,4,True,0,0,1.0,1,22.0,1,0.631578947368421,0.625,0.05,1.0,1,0.6290322580645161,23.0,0.0,0.0
G_restart,T4,2013,4,True,0,0,1.0,1,19.0,1,0.8421052631578947,0.8333333333333334,0.02654867256637168,0.6666666666666666,2,0.5871014492753623,27.5,0.5,0.0
G_restart,T4,2014,4,True,0,0,1.0,1,17.0,1,0.6842105263157895,0.6875,0.06,0.625,2,0.3790983606557377,30.0,0.0,0.0
G_restart,T4,2015,4,True,0,0,0.5,1,4.0,1,0.8421052631578947,0.8125,0.008333333333333333,1.0,2,0.19677871148459386,37.0,0.0,0.0
G_restart,T4,2016,4,True,0,0,0.75,1,12.0,1,0.7368421052631579,0.7222222222222222,0.047619047619047616,1.0,1,0.3880597014925373,41.0,0.0,0.0
G_restart,T4,2017,4,True,0,0,0.75,1,6.0,1,0.8947368421052632,0.8666666666666667,0.009174311926605505,1.0,2,0.2251844399731724,45.0,0.0,0.0
G_restart,T4,2018,4,True,0,0,0.75,1,14.0,1,0.9473684210526315,0.9411764705882353,0.0,0.625,2,0.2910691003911343,39.0,0.0,0.0
G_restart,T4,2019,4,True,0,0,0.25,1,3.0,1,0.8421052631578947,0.8235294117647058,0.01680672268907563,1.0,1,0.11267605633802817,63.0,0.0,0.0
G_restart,T4,2020,4,True,0,0,1.0,1,7.0,1,0.7894736842105263,0.7647058823529411,0.024793388429752067,0.8,3,0.5675653082549634,17.333333333333332,0.6666666666666666,0.0
G_restart,T4,2021,4,True,0,0,0.75,1,11.0,1,0.8947368421052632,0.8666666666666667,0.03636363636363636,1.0,1,0.46808510638297873,25.0,0.0,0.0
G_restart,T4,2022,4,True,0,0,0.75,1,4.0,1,0.9473684210526315,0.9333333333333333,0.0,0.75,2,0.33759944655828433,35.0,0.0,0.0
G_restart,T4,2023,4,True,0,0,1.0,1,12.0,1,0.8421052631578947,0.8235294117647058,0.01680672268907563,0.8888888888888888,2,0.6350877192982456,20.5,0.5,0.0
G_restart,T4,2024,4,True,0,0,0.75,1,5.0,1,1.0,1.0,0.007874015748031496,1.0,1,0.21839080459770116,68.0,0.0,0.0
G_restart,T4,2025,4,True,0,0,1.0,1,16.0,1,0.8947368421052632,0.875,0.0392156862745098,0.8571428571428571,2,0.41436781609195406,22.5,0.5,0.0
G_restart,T4,2026,4,True,0,0,0.5,1,20.0,1,0.8947368421052632,0.8823529411764706,0.023255813953488372,1.0,2,0.3037084398976982,43.5,0.5,0.0
G_restart,T4,2027,4,True,0,0,0.0,0,,0,1.0,1.0,0.0072992700729927005,,0,,,,
G_restart,T4,2028,4,True,0,0,0.75,1,33.0,1,0.8421052631578947,0.8,0.009345794392523364,1.0,1,0.41935483870967744,54.0,0.0,0.0
G_restart,T4,2029,4,True,0,0,1.0,1,25.0,1,0.8947368421052632,0.875,0.025423728813559324,1.0,2,0.4446185997910136,29.5,0.5,0.0
G_restart,T4,2030,4,True,0,0,0.5,1,8.0,1,0.8947368421052632,0.8888888888888888,0.041237113402061855,1.0,1,0.18421052631578946,62.0,0.0,0.0
G_restart,T4,2031,4,True,0,0,1.0,1,13.0,1,0.7368421052631579,0.8,0.042735042735042736,0.7142857142857143,2,0.488673139158576,39.0,0.5,0.0
G_restart,T4,2032,4,True,0,0,0.75,1,16.0,1,0.7894736842105263,0.7333333333333333,0.0380952380952381,1.0,3,0.5604166666666667,20.666666666666668,0.6666666666666666,0.0
G_restart,T4,2033,4,True,0,0,0.0,0,,0,0.7368421052631579,0.7058823529411765,0.058823529411764705,,0,,,,
G_restart,T4,2034,4,True,0,0,0.5,1,5.0,1,0.8947368421052632,0.8666666666666667,0.01818181818181818,1.0,1,0.21428571428571427,33.0,0.0,0.0
G_restart,T4,2035,4,True,0,0,0.5,1,10.0,1,0.8421052631578947,0.8235294117647058,0.04672897196261682,1.0,1,0.40816326530612246,29.0,0.0,0.0
G_restart,T4,2036,4,True,0,0,0.5,1,14.0,1,0.8947368421052632,0.8823529411764706,0.017699115044247787,0.5,1,0.3246753246753247,52.0,0.0,0.0
G_restart,T4,2037,4,True,0,0,0.75,1,21.0,1,0.7894736842105263,0.7647058823529411,0.019417475728155338,1.0,1,0.40217391304347827,55.0,0.0,0.0
G_restart,T4,2038,4,True,0,0,0.75,1,3.0,1,0.7894736842105263,0.7647058823529411,0.035398230088495575,0.7692307692307693,2,0.4559512652296157,21.5,0.5,0.0
G_restart,T4,2039,4,True,0,0,0.75,1,13.0,1,0.8947368421052632,0.8823529411764706,0.008928571428571428,1.0,1,0.2222222222222222,91.0,0.0,0.0
G_restart,T4,2040,4,True,0,0,0.75,1,5.0,1,0.7368421052631579,0.7647058823529411,0.031914893617021274,0.6666666666666666,2,0.4520123839009288,20.0,0.5,0.0
G_restart,T4,2041,4,True,0,0,0.75,1,13.0,1,0.7368421052631579,0.7058823529411765,0.0297029702970297,0.8,3,0.5103930461073318,16.666666666666668,0.6666666666666666,0.0
G_restart,T4,2042,4,True,0,0,1.0,1,19.0,1,0.7368421052631579,0.8,0.05785123966942149,0.75,1,0.2717391304347826,67.0,0.0,0.0
G_restart,T4,2043,4,True,0,0,0.25,1,33.0,1,0.9473684210526315,1.0,0.009174311926605505,1.0,1,0.3592233009708738,66.0,0.0,0.0
G_restart,T4,2044,4,True,0,0,1.0,1,25.0,1,0.7368421052631579,0.7058823529411765,0.056074766355140186,0.8571428571428571,1,0.330188679245283,71.0,0.0,0.0
G_restart,T4,2045,4,True,0,0,1.0,1,30.0,1,0.7368421052631579,0.6875,0.029411764705882353,1.0,2,0.6006493506493507,26.5,0.5,0.0
G_restart,T4,2046,4,True,0,0,0.5,1,11.0,1,0.8947368421052632,0.875,0.01680672268907563,1.0,2,0.4831875341716785,31.0,0.5,0.0
G_restart,T4,2047,4,True,0,0,0.5,1,10.0,1,0.9473684210526315,0.9411764705882353,0.014925373134328358,0.5,1,0.38028169014084506,44.0,0.0,0.0
G_restart,T4,2048,4,True,0,0,1.0,1,12.0,1,0.8421052631578947,0.8125,0.031496062992125984,1.0,1,0.23275862068965517,89.0,0.0,0.0
G_restart,T4,2049,4,True,0,0,1.0,1,17.0,1,0.8421052631578947,0.8125,0.02564102564102564,0.6153846153846154,2,0.5662313432835822,27.0,0.5,0.0
G_restart,T4,2050,4,True,0,0,0.5,1,3.0,1,0.6842105263157895,0.6875,0.061855670103092786,1.0,2,0.4189473684210526,20.0,0.0,0.0
G_restart,T4,2051,4,True,0,0,0.25,1,1.0,1,0.8947368421052632,0.8666666666666667,0.018518518518518517,1.0,1,0.10526315789473684,68.0,0.0,0.0
G_restart,T4,2052,4,True,0,0,0.0,0,,0,0.8947368421052632,0.8666666666666667,0.02459016393442623,,1,0.42391304347826086,53.0,0.0,0.0
G_restart,T4,2053,4,True,0,0,0.25,1,3.0,1,0.8421052631578947,0.875,0.02040816326530612,1.0,1,0.22727272727272727,17.0,0.0,0.0
G_restart,T4,2054,4,True,0,0,1.0,1,4.0,1,0.631578947368421,0.5882352941176471,0.08247422680412371,0.8571428571428571,3,0.5297792071247449,17.0,0.3333333333333333,0.0
G_restart,T4,2055,4,True,0,0,0.75,1,4.0,1,0.7894736842105263,0.7333333333333333,0.022222222222222223,1.0,2,0.5815217391304348,16.5,0.5,0.0
G_restart,T4,2056,4,True,0,0,0.75,1,13.0,1,0.8421052631578947,0.875,0.03361344537815126,0.6,1,0.3047619047619048,73.0,0.0,0.0
G_restart,T4,2057,4,True,0,0,1.0,1,14.0,1,0.8947368421052632,0.8888888888888888,0.03636363636363636,0.7,2,0.758130081300813,7.5,1.0,0.0
G_restart,T4,2058,4,True,0,0,1.0,1,3.0,1,0.7894736842105263,0.7647058823529411,0.03125,0.9,2,0.5189969604863222,12.0,1.0,0.0
G_restart,T4,2059,4,True,0,0,1.0,1,10.0,1,0.6842105263157895,0.6,0.046511627906976744,1.0,2,0.6691176470588236,22.5,0.5,0.0
G_restart,T5,2000,4,True,0,0,0.5,1,1.0,1,0.6842105263157895,0.6875,0.047619047619047616,0.9473684210526315,6,0.8699186991869919,10.666666666666666,0.3333333333333333,0.0
G_restart,T5,2001,4,True,0,0,0.0,0,,0,0.8421052631578947,0.8235294117647058,0.02912621359223301,0.8666666666666667,3,0.40787543569246504,24.0,0.0,0.0
G_restart,T5,2002,4,True,0,0,0.25,1,4.0,1,0.7894736842105263,0.7777777777777778,0.028037383177570093,1.0,4,0.48325116498953197,20.0,0.25,0.0
G_restart,T5,2003,4,True,0,0,0.25,1,9.0,1,0.8421052631578947,0.8235294117647058,0.01,1.0,5,0.6294484251380803,7.2,0.4,0.0
G_restart,T5,2004,4,True,0,0,0.0,0,,0,0.7894736842105263,0.8,0.04081632653061224,0.8181818181818182,4,0.6125,15.25,0.0,0.0
G_restart,T5,2005,4,True,0,0,0.75,1,3.0,1,0.6842105263157895,0.6,0.04040404040404041,0.8421052631578947,6,0.7967258794845001,9.166666666666666,0.6666666666666666,0.0
G_restart,T5,2006,4,True,0,0,0.5,1,1.0,1,0.7894736842105263,0.8125,0.02912621359223301,1.0,5,0.8421052631578947,9.0,0.6,0.0
G_restart,T5,2007,4,True,0,0,0.0,0,,0,0.7894736842105263,0.75,0.028037383177570093,0.8947368421052632,5,0.6286153846153846,13.4,0.0,0.0
G_restart,T5,2008,4,True,0,0,0.5,1,3.0,1,0.5263157894736842,0.5625,0.05952380952380952,0.9375,6,0.6884369488536155,5.333333333333333,0.6666666666666666,0.0
G_restart,T5,2009,4,True,0,0,0.75,1,3.0,1,0.8421052631578947,0.8125,0.018691588785046728,0.9090909090909091,7,0.7268290268290267,6.571428571428571,0.7142857142857143,0.0
G_restart,T5,2010,4,True,0,0,0.5,1,1.0,1,0.7368421052631579,0.75,0.038834951456310676,0.9375,7,0.7414965986394558,7.142857142857143,0.2857142857142857,0.0
G_restart,T5,2011,4,True,0,0,0.75,1,3.0,1,0.5789473684210527,0.625,0.05102040816326531,1.0,8,0.8794342231842232,2.75,0.75,0.0
G_restart,T5,2012,4,True,0,0,0.75,1,6.0,1,0.631578947368421,0.625,0.0673076923076923,0.8,6,0.6556520759228229,7.0,0.3333333333333333,0.0
G_restart,T5,2013,4,True,0,0,0.5,1,4.0,1,0.7894736842105263,0.7777777777777778,0.028037383177570093,0.8695652173913043,7,0.7363095238095239,7.857142857142857,0.5714285714285714,0.0
G_restart,T5,2014,4,True,0,0,0.5,1,7.0,1,0.7368421052631579,0.75,0.039603960396039604,0.85,5,0.7365359477124184,9.0,0.6,0.0
G_restart,T5,2015,4,True,0,0,0.25,1,4.0,1,0.7894736842105263,0.75,0.01652892561983471,1.0,7,0.6669384057971015,10.0,0.2857142857142857,0.0
G_restart,T5,2016,4,True,0,0,1.0,1,4.0,1,0.7368421052631579,0.7222222222222222,0.03669724770642202,0.896551724137931,9,0.8138243399799928,3.4444444444444446,0.6666666666666666,0.0
G_restart,T5,2017,4,True,0,0,0.75,1,3.0,1,0.8947368421052632,0.8666666666666667,0.00909090909090909,0.8888888888888888,6,0.6159420289855072,9.666666666666666,0.3333333333333333,0.0
G_restart,T5,2018,4,True,0,0,0.0,0,,0,0.9473684210526315,0.9411764705882353,0.0,0.9090909090909091,4,0.45221106412966877,17.5,0.0,0.0
G_restart,T5,2019,4,True,0,0,0.5,1,4.0,1,0.7368421052631579,0.7058823529411765,0.02857142857142857,0.8823529411764706,6,0.7313908313908314,7.666666666666667,0.6666666666666666,0.0
G_restart,T5,2020,4,True,0,0,0.75,1,8.0,1,0.6842105263157895,0.6470588235294118,0.041237113402061855,1.0,7,0.8105459727750749,3.2857142857142856,0.42857142857142855,0.0
G_restart,T5,2021,4,True,0,0,0.75,1,2.0,1,0.9473684210526315,0.9333333333333333,0.03669724770642202,0.9473684210526315,6,0.5626060602291502,10.0,0.5,0.0
G_restart,T5,2022,4,True,0,0,0.0,0,,0,1.0,1.0,0.0,0.9230769230769231,4,0.6536593106141979,13.75,0.0,0.0
G_restart,T5,2023,4,True,0,0,1.0,1,4.0,1,0.7368421052631579,0.7058823529411765,0.041666666666666664,0.875,7,0.7911301718755135,3.857142857142857,0.5714285714285714,0.0
G_restart,T5,2024,4,True,0,0,0.75,1,4.0,1,0.7894736842105263,0.7647058823529411,0.0,0.85,7,0.7220384294068504,7.428571428571429,0.7142857142857143,0.0
G_restart,T5,2025,4,True,1,4,1.0,1,4.0,1,0.6842105263157895,0.625,0.031578947368421054,0.4473684210526316,7,0.6030303030303029,9.142857142857142,1.0,0.0
G_restart,T5,2026,4,True,0,0,0.75,1,1.0,1,0.7894736842105263,0.7647058823529411,0.01694915254237288,0.8,6,0.716420681332962,10.5,0.8333333333333334,0.0
G_restart,T5,2027,4,True,0,0,0.0,0,,0,0.9473684210526315,0.9375,0.0,0.9166666666666666,4,0.6202721809826794,21.25,0.0,0.0
G_restart,T5,2028,4,True,0,0,0.25,1,5.0,1,0.7894736842105263,0.7333333333333333,0.009345794392523364,0.9375,5,0.4384615384615385,14.0,0.2,0.0
G_restart,T5,2029,4,True,0,0,0.75,1,5.0,1,0.9473684210526315,0.9375,0.031496062992125984,0.9473684210526315,7,0.7574768368886016,6.571428571428571,0.7142857142857143,0.0
G_restart,T5,2030,4,True,0,0,0.5,1,2.0,1,0.8421052631578947,0.8333333333333334,0.043010752688172046,0.8,5,0.7481203007518797,10.4,0.8,0.0
G_restart,T5,2031,4,True,0,0,0.5,1,4.0,1,0.631578947368421,0.6666666666666666,0.05660377358490566,0.9090909090909091,4,0.41616059379217274,17.5,0.75,0.0
G_restart,T5,2032,4,True,0,0,0.5,1,2.0,1,0.7894736842105263,0.7333333333333333,0.019801980198019802,1.0,8,0.7771047997913134,6.5,0.75,0.0
G_restart,T5,2033,4,True,0,0,0.0,0,,0,0.6842105263157895,0.6470588235294118,0.05154639175257732,0.9333333333333333,6,0.6195398055863172,9.333333333333334,0.0,0.0
G_restart,T5,2034,4,True,0,0,0.5,1,1.0,1,0.8421052631578947,0.8,0.027777777777777776,0.9375,6,0.5994322344322344,10.0,0.0,0.0
G_restart,T5,2035,4,True,0,0,0.75,1,2.0,1,0.7368421052631579,0.7058823529411765,0.042105263157894736,0.8125,5,0.6071428571428571,9.2,0.8,0.0
G_restart,T5,2036,4,True,0,0,0.25,1,2.0,1,0.8421052631578947,0.8235294117647058,0.028846153846153848,0.8636363636363636,6,0.76596279537456,6.666666666666667,0.3333333333333333,0.0
G_restart,T5,2037,4,True,0,0,0.25,1,1.0,1,0.7894736842105263,0.7647058823529411,0.02857142857142857,0.9230769230769231,5,0.5757857733664185,11.8,0.6,0.0
G_restart,T5,2038,4,True,0,0,0.5,1,5.0,1,0.631578947368421,0.5882352941176471,0.017857142857142856,0.95,9,0.7879795102017324,3.3333333333333335,0.5555555555555556,0.0
G_restart,T5,2039,4,True,0,0,1.0,1,3.0,1,0.8421052631578947,0.8235294117647058,0.00980392156862745,0.875,8,0.7127747252747253,7.375,0.875,0.0
G_restart,T5,2040,4,True,0,0,0.75,1,3.0,1,0.631578947368421,0.6470588235294118,0.044444444444444446,0.8333333333333334,6,0.6406529376168845,7.333333333333333,0.8333333333333334,0.0
G_restart,T5,2041,4,True,0,0,0.75,1,4.0,1,0.7368421052631579,0.7058823529411765,0.02857142857142857,1.0,4,0.6457852374118674,12.0,0.5,0.0
G_restart,T5,2042,4,True,0,0,1.0,1,6.0,1,0.631578947368421,0.6666666666666666,0.05128205128205128,0.7727272727272727,6,0.6911184210526317,12.0,0.6666666666666666,0.0
G_restart,T5,2043,4,True,0,0,0.0,0,,0,0.8421052631578947,0.8823529411764706,0.010869565217391304,1.0,4,0.6314137308039747,11.75,0.0,0.0
G_restart,T5,2044,4,True,0,0,1.0,1,2.0,1,0.7368421052631579,0.7058823529411765,0.038834951456310676,0.8571428571428571,6,0.6913875598086124,8.166666666666666,0.5,0.0
G_restart,T5,2045,4,True,0,0,0.25,1,3.0,1,0.7368421052631579,0.6875,0.020202020202020204,1.0,6,0.6957837301587301,10.666666666666666,0.16666666666666666,0.0
G_restart,T5,2046,4,True,0,0,0.0,0,,0,0.7894736842105263,0.75,0.020202020202020204,1.0,4,0.3534090909090909,17.0,0.0,0.0
G_restart,T5,2047,4,True,0,0,0.75,1,3.0,1,0.8421052631578947,0.8235294117647058,0.0078125,0.8235294117647058,5,0.617922077922078,13.6,0.6,0.0
G_restart,T5,2048,4,True,0,0,0.75,1,2.0,1,0.7894736842105263,0.75,0.034482758620689655,0.7857142857142857,5,0.6936936936936937,14.8,0.8,0.0
G_restart,T5,2049,4,True,0,0,0.25,1,3.0,1,0.8421052631578947,0.8125,0.009009009009009009,0.9333333333333333,5,0.531128180762327,10.8,0.6,0.0
G_restart,T5,2050,4,True,0,0,0.75,1,6.0,1,0.631578947368421,0.625,0.061855670103092786,1.0,5,0.43500637044115303,11.6,0.6,0.0
G_restart,T5,2051,4,True,0,0,0.5,1,1.0,1,0.7894736842105263,0.7333333333333333,0.009900990099009901,1.0,3,0.5556277056277056,24.666666666666668,0.3333333333333333,0.0
G_restart,T5,2052,4,True,0,0,0.25,1,4.0,1,0.7894736842105263,0.7333333333333333,0.01680672268907563,1.0,4,0.5437865497076023,16.0,0.5,0.0
G_restart,T5,2053,4,True,0,0,0.0,0,,0,0.8947368421052632,0.9375,0.028846153846153848,0.9,4,0.5375468636338202,12.0,0.0,0.0
G_restart,T5,2054,4,True,0,0,0.75,1,4.0,1,0.6842105263157895,0.6470588235294118,0.06796116504854369,0.8461538461538461,7,0.6946656923639021,7.285714285714286,0.14285714285714285,0.0
G_restart,T5,2055,4,True,0,0,0.75,1,2.0,1,0.8421052631578947,0.8,0.021739130434782608,1.0,6,0.5977456757507909,8.666666666666666,0.3333333333333333,0.0
G_restart,T5,2056,4,True,0,0,0.5,1,6.0,1,0.8421052631578947,0.875,0.02586206896551724,0.7857142857142857,5,0.72045197740113,12.2,0.4,0.0
G_restart,T5,2057,4,True,0,0,0.75,1,1.0,1,0.7894736842105263,0.7777777777777778,0.04504504504504504,0.9130434782608695,8,0.6972084288260758,5.125,0.875,0.0
G_restart,T5,2058,4,True,0,0,0.25,1,2.0,1,0.8421052631578947,0.8235294117647058,0.02127659574468085,0.8571428571428571,7,0.7189852027767628,5.428571428571429,0.42857142857142855,0.0
G_restart,T5,2059,4,True,0,0,0.0,0,,0,0.7894736842105263,0.7333333333333333,0.02127659574468085,0.9,5,0.6224761904761904,12.2,0.0,0.0
G_noprob,none,2000,4,False,0,0,0.0,0,,0,0.7894736842105263,0.8125,0.043478260869565216,,0,,,,
G_noprob,none,2001,4,False,0,0,0.0,0,,0,0.8421052631578947,0.8235294117647058,0.02912621359223301,,0,,,,
G_noprob,none,2002,4,False,0,0,0.0,0,,0,0.8947368421052632,0.8888888888888888,0.03773584905660377,,0,,,,
G_noprob,none,2003,4,False,0,0,0.0,0,,0,0.9473684210526315,0.9411764705882353,0.009259259259259259,,0,,,,
G_noprob,none,2004,4,False,0,0,0.0,0,,0,0.8421052631578947,0.8666666666666667,0.04,,0,,,,
G_noprob,none,2005,4,False,0,0,0.0,0,,0,0.9473684210526315,0.9333333333333333,0.0390625,,0,,,,
G_noprob,none,2006,4,False,0,0,0.0,0,,0,0.7894736842105263,0.8125,0.03773584905660377,,1,0.48214285714285715,29.0,0.0,0.0
G_noprob,none,2007,4,False,0,0,0.0,0,,0,0.8421052631578947,0.8125,0.026785714285714284,,0,,,,
G_noprob,none,2008,4,False,0,0,0.0,0,,0,0.6842105263157895,0.75,0.06930693069306931,,0,,,,
G_noprob,none,2009,4,False,0,0,0.0,0,,0,0.9473684210526315,0.9375,0.03361344537815126,,0,,,,
G_noprob,none,2010,4,False,0,0,0.0,0,,0,0.7894736842105263,0.8125,0.03773584905660377,,0,,,,
G_noprob,none,2011,4,False,0,0,0.0,0,,0,0.7894736842105263,0.875,0.05172413793103448,,0,,,,
G_noprob,none,2012,4,False,0,0,0.0,0,,0,0.7368421052631579,0.75,0.044642857142857144,,0,,,,
G_noprob,none,2013,4,False,0,0,0.0,0,,0,0.8421052631578947,0.8333333333333334,0.03636363636363636,,0,,,,
G_noprob,none,2014,4,False,0,0,0.0,0,,0,0.8421052631578947,0.875,0.046296296296296294,,0,,,,
G_noprob,none,2015,4,False,0,0,0.0,0,,0,0.8947368421052632,0.875,0.015748031496062992,,0,,,,
G_noprob,none,2016,4,False,0,0,0.0,0,,0,0.7894736842105263,0.7777777777777778,0.05660377358490566,,0,,,,
G_noprob,none,2017,4,False,0,0,0.0,0,,0,0.9473684210526315,0.9333333333333333,0.017391304347826087,,0,,,,
G_noprob,none,2018,4,False,0,0,0.0,0,,0,1.0,1.0,0.00909090909090909,,0,,,,
G_noprob,none,2019,4,False,0,0,0.0,0,,0,0.8947368421052632,0.8823529411764706,0.016260162601626018,,0,,,,
G_noprob,none,2020,4,False,0,0,0.0,0,,0,0.8947368421052632,0.8823529411764706,0.032,,1,0.4,21.0,0.0,0.0
G_noprob,none,2021,4,False,0,0,0.0,0,,0,0.9473684210526315,0.9333333333333333,0.017543859649122806,,0,,,,
G_noprob,none,2022,4,False,0,0,0.0,0,,0,1.0,1.0,0.0,,0,,,,
G_noprob,none,2023,4,False,0,0,0.0,0,,0,0.8947368421052632,0.8823529411764706,0.023255813953488372,,0,,,,
G_noprob,none,2024,4,False,0,0,0.0,0,,0,1.0,1.0,0.007874015748031496,,0,,,,
G_noprob,none,2025,4,False,0,0,0.0,0,,0,0.8947368421052632,0.875,0.028846153846153848,,0,,,,
G_noprob,none,2026,4,False,0,0,0.0,0,,0,0.9473684210526315,0.9411764705882353,0.015267175572519083,,0,,,,
G_noprob,none,2027,4,False,0,0,0.0,0,,0,1.0,1.0,0.0072992700729927005,,0,,,,
G_noprob,none,2028,4,False,0,0,0.0,0,,0,0.9473684210526315,0.9333333333333333,0.008403361344537815,,0,,,,
G_noprob,none,2029,4,False,0,0,0.0,0,,0,1.0,1.0,0.031496062992125984,,0,,,,
G_noprob,none,2030,4,False,0,0,0.0,0,,0,0.8947368421052632,0.8888888888888888,0.041237113402061855,,0,,,,
G_noprob,none,2031,4,False,0,0,0.0,0,,0,0.8421052631578947,0.9333333333333333,0.032520325203252036,,0,,,,
G_noprob,none,2032,4,False,0,0,0.0,0,,0,0.8421052631578947,0.8,0.028037383177570093,,0,,,,
G_noprob,none,2033,4,False,0,0,0.0,0,,0,0.7368421052631579,0.7058823529411765,0.058823529411764705,,0,,,,
G_noprob,none,2034,4,False,0,0,0.0,0,,0,0.9473684210526315,0.9333333333333333,0.017543859649122806,,0,,,,
G_noprob,none,2035,4,False,0,0,0.0,0,,0,0.8421052631578947,0.8235294117647058,0.04672897196261682,,0,,,,
G_noprob,none,2036,4,False,0,0,0.0,0,,0,0.8947368421052632,0.8823529411764706,0.02702702702702703,,0,,,,
G_noprob,none,2037,4,False,0,0,0.0,0,,0,0.8947368421052632,0.8823529411764706,0.02631578947368421,,0,,,,
G_noprob,none,2038,4,False,0,0,0.0,0,,0,0.8947368421052632,0.8823529411764706,0.032,,0,,,,
G_noprob,none,2039,4,False,0,0,0.0,0,,0,0.9473684210526315,0.9411764705882353,0.017241379310344827,,0,,,,
G_noprob,none,2040,4,False,0,0,0.0,0,,0,0.8421052631578947,0.8823529411764706,0.0297029702970297,,0,,,,
G_noprob,none,2041,4,False,0,0,0.0,0,,0,0.8421052631578947,0.8235294117647058,0.027777777777777776,,0,,,,
G_noprob,none,2042,4,False,0,0,0.0,0,,0,0.7894736842105263,0.8666666666666667,0.046875,,0,,,,
G_noprob,none,2043,4,False,0,0,0.0,0,,0,0.9473684210526315,1.0,0.009174311926605505,,0,,,,
G_noprob,none,2044,4,False,0,0,0.0,0,,0,0.7894736842105263,0.7647058823529411,0.03571428571428571,,0,,,,
G_noprob,none,2045,4,False,0,0,0.0,0,,0,0.8947368421052632,0.875,0.01694915254237288,,0,,,,
G_noprob,none,2046,4,False,0,0,0.0,0,,0,0.8947368421052632,0.875,0.035398230088495575,,0,,,,
G_noprob,none,2047,4,False,0,0,0.0,0,,0,1.0,1.0,0.014492753623188406,,0,,,,
G_noprob,none,2048,4,False,0,0,0.0,0,,0,0.8947368421052632,0.875,0.03125,,0,,,,
G_noprob,none,2049,4,False,0,0,0.0,0,,0,0.8947368421052632,0.875,0.01680672268907563,,0,,,,
G_noprob,none,2050,4,False,0,0,0.0,0,,0,0.7894736842105263,0.8125,0.05714285714285714,,0,,,,
G_noprob,none,2051,4,False,0,0,0.0,0,,0,0.9473684210526315,0.9333333333333333,0.018018018018018018,,0,,,,
G_noprob,none,2052,4,False,0,0,0.0,0,,0,0.8947368421052632,0.8666666666666667,0.02459016393442623,,1,0.07608695652173914,85.0,0.0,0.0
G_noprob,none,2053,4,False,0,0,0.0,0,,0,0.8947368421052632,0.9375,0.028846153846153848,,0,,,,
G_noprob,none,2054,4,False,0,0,0.0,0,,0,0.6842105263157895,0.6470588235294118,0.0784313725490196,,0,,,,
G_noprob,none,2055,4,False,0,0,0.0,0,,0,0.8947368421052632,0.8666666666666667,0.020833333333333332,,0,,,,
G_noprob,none,2056,4,False,0,0,0.0,0,,0,0.8947368421052632,0.9375,0.016129032258064516,,0,,,,
G_noprob,none,2057,4,False,0,0,0.0,0,,0,0.8947368421052632,0.8888888888888888,0.04424778761061947,,0,,,,
G_noprob,none,2058,4,False,0,0,0.0,0,,0,1.0,1.0,0.008695652173913044,,0,,,,
G_noprob,none,2059,4,False,0,0,0.0,0,,0,0.8947368421052632,0.8666666666666667,0.028846153846153848,,0,,,,
G_noprob,T1,2000,4,False,0,0,0.25,1,2.0,1,0.7894736842105263,0.8125,0.043478260869565216,1.0,1,0.14772727272727273,75.0,0.0,0.0
G_noprob,T1,2001,4,False,0,0,0.25,1,2.0,1,0.8421052631578947,0.8235294117647058,0.02912621359223301,1.0,1,1.0,0.0,0.0,0.0
G_noprob,T1,2002,4,False,0,0,0.5,1,2.0,1,0.8947368421052632,0.8888888888888888,0.03773584905660377,1.0,1,0.96,3.0,0.0,0.0
G_noprob,T1,2003,4,False,0,0,0.5,1,1.0,1,0.8947368421052632,0.8823529411764706,0.009523809523809525,1.0,1,1.0,0.0,0.0,0.0
G_noprob,T1,2004,4,False,0,0,0.25,1,3.0,1,0.8421052631578947,0.8666666666666667,0.04,1.0,1,0.21428571428571427,44.0,0.0,0.0
G_noprob,T1,2005,4,False,0,0,0.75,1,1.0,1,0.8947368421052632,0.8666666666666667,0.03937007874015748,0.5,1,0.7931034482758621,12.0,0.0,0.0
G_noprob,T1,2006,4,False,0,0,0.25,1,4.0,1,0.7894736842105263,0.8125,0.03773584905660377,1.0,2,0.6659356725146199,15.5,0.0,0.0
G_noprob,T1,2007,4,False,0,0,0.75,1,2.0,1,0.8421052631578947,0.8125,0.026785714285714284,0.8333333333333334,1,0.6923076923076923,8.0,0.0,0.0
G_noprob,T1,2008,4,False,0,0,0.25,1,3.0,1,0.6842105263157895,0.75,0.057692307692307696,1.0,1,0.7317073170731707,11.0,0.0,0.0
G_noprob,T1,2009,4,False,0,0,0.25,1,4.0,1,0.9473684210526315,0.9375,0.03361344537815126,1.0,1,1.0,0.0,0.0,0.0
G_noprob,T1,2010,4,False,0,0,0.25,1,8.0,1,0.7894736842105263,0.8125,0.03773584905660377,0.6666666666666666,1,0.84375,5.0,0.0,0.0
G_noprob,T1,2011,4,False,0,0,0.75,1,4.0,1,0.7368421052631579,0.8125,0.05357142857142857,1.0,1,0.7857142857142857,6.0,0.0,0.0
G_noprob,T1,2012,4,False,0,0,0.25,1,3.0,1,0.7368421052631579,0.75,0.044642857142857144,1.0,1,1.0,0.0,0.0,0.0
G_noprob,T1,2013,4,False,0,0,0.25,1,5.0,1,0.8421052631578947,0.8333333333333334,0.03636363636363636,1.0,1,0.2916666666666667,34.0,0.0,0.0
G_noprob,T1,2014,4,False,0,0,0.25,1,5.0,1,0.8421052631578947,0.875,0.046296296296296294,1.0,1,0.5555555555555556,16.0,0.0,0.0
G_noprob,T1,2015,4,False,0,0,0.25,1,2.0,1,0.8421052631578947,0.8125,0.016129032258064516,1.0,1,1.0,0.0,0.0,0.0
G_noprob,T1,2016,4,False,0,0,0.25,1,5.0,1,0.7894736842105263,0.7777777777777778,0.05660377358490566,1.0,1,1.0,0.0,0.0,0.0
G_noprob,T1,2017,4,False,0,0,0.25,1,1.0,1,0.8947368421052632,0.8666666666666667,0.017543859649122806,1.0,1,0.390625,39.0,0.0,0.0
G_noprob,T1,2018,4,False,0,0,0.5,1,4.0,1,1.0,1.0,0.0,0.3333333333333333,1,0.5087719298245614,28.0,0.0,0.0
G_noprob,T1,2019,4,False,0,0,0.25,1,2.0,1,0.8947368421052632,0.8823529411764706,0.016260162601626018,1.0,1,0.2676056338028169,52.0,0.0,0.0
G_noprob,T1,2020,4,False,0,0,0.25,1,3.0,1,0.8947368421052632,0.8823529411764706,0.032,1.0,2,0.875,4.0,0.0,0.0
G_noprob,T1,2021,4,False,0,0,1.0,1,59.0,0,0.7368421052631579,0.6666666666666666,0.020202020202020204,0.5070422535211268,6,0.8737468063291717,8.333333333333334,0.3333333333333333,0.0
G_noprob,T1,2022,4,False,0,0,0.25,1,4.0,1,0.9473684210526315,0.9333333333333333,0.0,1.0,1,0.35294117647058826,33.0,0.0,0.0
G_noprob,T1,2023,4,False,0,0,0.5,1,3.0,1,0.8421052631578947,0.8235294117647058,0.0234375,0.8333333333333334,1,0.6,10.0,0.0,0.0
G_noprob,T1,2024,4,False,0,0,0.75,1,2.0,1,0.9473684210526315,0.9411764705882353,0.01652892561983471,0.6666666666666666,1,0.20512820512820512,62.0,0.0,0.0
G_noprob,T1,2025,4,False,0,0,0.5,1,2.0,1,0.8947368421052632,0.875,0.028846153846153848,1.0,1,1.0,0.0,0.0,0.0
G_noprob,T1,2026,4,False,0,0,0.5,1,2.0,1,0.8947368421052632,0.8823529411764706,0.015384615384615385,1.0,1,0.42592592592592593,31.0,0.0,0.0
G_noprob,T1,2027,4,False,0,0,0.0,0,,0,1.0,1.0,0.0072992700729927005,,0,,,,
G_noprob,T1,2028,4,False,0,0,0.5,1,3.0,1,0.9473684210526315,0.9333333333333333,0.008403361344537815,0.8333333333333334,1,0.627906976744186,16.0,0.0,0.0
G_noprob,T1,2029,4,False,0,0,0.5,1,1.0,1,1.0,1.0,0.03125,1.0,1,0.3333333333333333,28.0,0.0,0.0
G_noprob,T1,2030,4,False,0,0,0.5,1,2.0,1,0.8947368421052632,0.8888888888888888,0.041237113402061855,0.75,1,0.9253731343283582,5.0,0.0,0.0
G_noprob,T1,2031,4,False,0,0,0.25,1,2.0,1,0.8421052631578947,0.9333333333333333,0.032520325203252036,1.0,1,0.3,49.0,0.0,0.0
G_noprob,T1,2032,4,False,0,0,0.25,1,4.0,1,0.8421052631578947,0.8,0.028037383177570093,1.0,1,0.5,23.0,0.0,0.0
G_noprob,T1,2033,4,False,0,0,0.0,0,,0,0.7368421052631579,0.7058823529411765,0.058823529411764705,,0,,,,
G_noprob,T1,2034,4,False,0,0,0.25,1,2.0,1,0.9473684210526315,0.9333333333333333,0.017543859649122806,1.0,1,0.6829268292682927,13.0,0.0,0.0
G_noprob,T1,2035,4,False,0,0,0.25,1,5.0,1,0.8421052631578947,0.8235294117647058,0.04716981132075472,1.0,1,0.8611111111111112,5.0,0.0,0.0
G_noprob,T1,2036,4,False,0,0,0.75,1,3.0,1,0.8947368421052632,0.8823529411764706,0.037037037037037035,0.75,1,0.6226415094339622,20.0,0.0,0.0
G_noprob,T1,2037,4,False,0,0,0.25,1,4.0,1,0.8947368421052632,0.8823529411764706,0.02631578947368421,1.0,1,0.8235294117647058,12.0,0.0,0.0
G_noprob,T1,2038,4,False,0,0,0.25,1,3.0,1,0.8947368421052632,0.8823529411764706,0.032,1.0,1,1.0,0.0,0.0,0.0
G_noprob,T1,2039,4,False,0,0,1.0,1,59.0,0,0.6842105263157895,0.6470588235294118,0.021505376344086023,0.5487804878048781,7,0.7280579291135424,8.857142857142858,0.2857142857142857,0.0
G_noprob,T1,2040,4,False,0,0,0.5,1,3.0,1,0.8421052631578947,0.8823529411764706,0.0297029702970297,1.0,1,0.3870967741935484,19.0,0.0,0.0
G_noprob,T1,2041,4,False,0,0,0.25,1,4.0,1,0.7894736842105263,0.7647058823529411,0.02830188679245283,1.0,1,1.0,0.0,0.0,0.0
G_noprob,T1,2042,4,False,0,0,0.0,0,,0,0.7894736842105263,0.8666666666666667,0.046875,,0,,,,
G_noprob,T1,2043,4,False,0,0,0.25,1,3.0,1,0.9473684210526315,1.0,0.009174311926605505,1.0,1,0.1951219512195122,33.0,0.0,0.0
G_noprob,T1,2044,4,False,0,0,0.5,1,1.0,1,0.7894736842105263,0.7647058823529411,0.03571428571428571,1.0,1,0.2714285714285714,51.0,0.0,0.0
G_noprob,T1,2045,4,False,0,0,0.25,1,2.0,1,0.8947368421052632,0.875,0.01694915254237288,1.0,1,1.0,0.0,0.0,0.0
G_noprob,T1,2046,4,False,0,0,0.75,1,4.0,1,0.8421052631578947,0.8125,0.037383177570093455,0.8,1,1.0,0.0,0.0,0.0
G_noprob,T1,2047,4,False,0,0,0.75,1,3.0,1,1.0,1.0,0.014814814814814815,0.6,2,0.8181818181818181,8.0,0.0,0.0
G_noprob,T1,2048,4,False,0,0,0.25,1,1.0,1,0.8421052631578947,0.8125,0.031496062992125984,1.0,1,0.5280898876404494,42.0,0.0,0.0
G_noprob,T1,2049,4,False,0,0,0.5,1,5.0,1,0.8947368421052632,0.875,0.01680672268907563,0.8333333333333334,1,0.7804878048780488,9.0,0.0,0.0
G_noprob,T1,2050,4,False,0,0,0.5,1,1.0,1,0.7894736842105263,0.8125,0.05714285714285714,0.6,1,0.46808510638297873,25.0,0.0,0.0
G_noprob,T1,2051,4,False,0,0,0.5,1,1.0,1,0.8947368421052632,0.8666666666666667,0.018518518518518517,0.6,1,0.44155844155844154,43.0,0.0,0.0
G_noprob,T1,2052,4,False,0,0,0.25,1,4.0,1,0.8421052631578947,0.8,0.025210084033613446,1.0,2,0.2894736842105263,33.5,0.0,0.0
G_noprob,T1,2053,4,False,0,0,0.5,1,1.0,1,0.8947368421052632,0.9375,0.028846153846153848,1.0,1,0.7391304347826086,6.0,0.0,0.0
G_noprob,T1,2054,4,False,0,0,0.75,1,3.0,1,0.631578947368421,0.5882352941176471,0.07920792079207921,1.0,1,0.972972972972973,1.0,0.0,0.0
G_noprob,T1,2055,4,False,0,0,0.75,1,7.0,1,0.8421052631578947,0.8,0.021505376344086023,1.0,1,0.5434782608695652,21.0,0.0,0.0
G_noprob,T1,2056,4,False,0,0,0.5,1,2.0,1,0.8947368421052632,0.9375,0.02459016393442623,0.5,1,0.32051282051282054,53.0,0.0,0.0
G_noprob,T1,2057,4,False,0,0,0.5,1,2.0,1,0.8947368421052632,0.8888888888888888,0.034782608695652174,0.8,1,1.0,0.0,0.0,0.0
G_noprob,T1,2058,4,False,0,0,0.5,1,3.0,1,1.0,1.0,0.017857142857142856,0.6666666666666666,1,1.0,0.0,0.0,0.0
G_noprob,T1,2059,4,False,0,0,0.25,1,5.0,1,0.8947368421052632,0.8666666666666667,0.028846153846153848,1.0,1,0.6,20.0,0.0,0.0
G_noprob,T2,2000,4,False,0,0,0.0,0,,0,0.7894736842105263,0.8125,0.043478260869565216,,0,,,,
G_noprob,T2,2001,4,False,0,0,0.0,0,,0,0.8421052631578947,0.8235294117647058,0.02912621359223301,,0,,,,
G_noprob,T2,2002,4,False,0,0,0.0,0,,0,0.8947368421052632,0.8888888888888888,0.03773584905660377,,0,,,,
G_noprob,T2,2003,4,False,0,0,0.0,0,,0,0.8421052631578947,0.8235294117647058,0.009433962264150943,1.0,1,0.9069767441860465,8.0,0.0,0.0
G_noprob,T2,2004,4,False,0,0,0.0,0,,0,0.7894736842105263,0.8,0.04040404040404041,1.0,0,,,,
G_noprob,T2,2005,4,False,0,0,0.0,0,,0,0.8947368421052632,0.8666666666666667,0.03937007874015748,1.0,0,,,,
G_noprob,T2,2006,4,False,0,0,0.0,0,,0,0.6842105263157895,0.6875,0.038461538461538464,1.0,2,0.6542207792207793,17.0,0.0,0.0
G_noprob,T2,2007,4,False,0,0,0.0,0,,0,0.7894736842105263,0.75,0.02702702702702703,1.0,0,,,,
G_noprob,T2,2008,4,False,0,0,0.0,0,,0,0.631578947368421,0.6875,0.07,1.0,0,,,,
G_noprob,T2,2009,4,False,0,0,0.0,0,,0,0.8421052631578947,0.8125,0.03418803418803419,1.0,0,,,,
G_noprob,T2,2010,4,False,0,0,0.0,0,,0,0.6842105263157895,0.6875,0.038461538461538464,1.0,1,0.5454545454545454,45.0,0.0,0.0
G_noprob,T2,2011,4,False,0,0,0.0,0,,0,0.7894736842105263,0.875,0.05172413793103448,,0,,,,
G_noprob,T2,2012,4,False,0,0,0.0,0,,0,0.6842105263157895,0.6875,0.04504504504504504,1.0,0,,,,
G_noprob,T2,2013,4,False,0,0,0.0,0,,0,0.7368421052631579,0.7222222222222222,0.02702702702702703,1.0,1,0.4166666666666667,42.0,0.0,0.0
G_noprob,T2,2014,4,False,0,0,0.0,0,,0,0.7894736842105263,0.8125,0.04672897196261682,1.0,0,,,,
G_noprob,T2,2015,4,False,0,0,0.0,0,,0,0.8421052631578947,0.8125,0.015873015873015872,1.0,0,,,,
G_noprob,T2,2016,4,False,0,0,0.0,0,,0,0.7368421052631579,0.7222222222222222,0.05714285714285714,1.0,0,,,,
G_noprob,T2,2017,4,False,0,0,0.0,0,,0,0.9473684210526315,0.9333333333333333,0.017391304347826087,,0,,,,
G_noprob,T2,2018,4,False,0,0,0.0,0,,0,1.0,1.0,0.00909090909090909,,0,,,,
G_noprob,T2,2019,4,False,0,0,0.0,0,,0,0.8947368421052632,0.8823529411764706,0.016260162601626018,,0,,,,
G_noprob,T2,2020,4,False,0,0,0.0,0,,0,0.8947368421052632,0.8823529411764706,0.032,,1,1.0,0.0,0.0,0.0
G_noprob,T2,2021,4,False,0,0,0.0,0,,0,0.8947368421052632,0.8666666666666667,0.017699115044247787,1.0,0,,,,
G_noprob,T2,2022,4,False,0,0,0.0,0,,0,1.0,1.0,0.0,,0,,,,
G_noprob,T2,2023,4,False,0,0,0.0,0,,0,0.7894736842105263,0.7647058823529411,0.023622047244094488,1.0,1,1.0,0.0,0.0,0.0
G_noprob,T2,2024,4,False,0,0,0.0,0,,0,1.0,1.0,0.007874015748031496,,0,,,,
G_noprob,T2,2025,4,False,0,0,0.0,0,,0,0.8421052631578947,0.8125,0.02912621359223301,1.0,0,,,,
G_noprob,T2,2026,4,False,0,0,0.0,0,,0,0.8947368421052632,0.8823529411764706,0.015384615384615385,1.0,0,,,,
G_noprob,T2,2027,4,False,0,0,0.0,0,,0,1.0,1.0,0.0072992700729927005,,0,,,,
G_noprob,T2,2028,4,False,0,0,0.0,0,,0,0.7894736842105263,0.7333333333333333,0.008620689655172414,1.0,1,0.7339449541284404,29.0,0.0,0.0
G_noprob,T2,2029,4,False,0,0,0.0,0,,0,0.8947368421052632,0.875,0.032,1.0,1,0.6067415730337079,35.0,0.0,0.0
G_noprob,T2,2030,4,False,0,0,0.0,0,,0,0.8947368421052632,0.8888888888888888,0.041237113402061855,,0,,,,
G_noprob,T2,2031,4,False,0,0,0.0,0,,0,0.8421052631578947,0.9333333333333333,0.032520325203252036,,0,,,,
G_noprob,T2,2032,4,False,0,0,0.0,0,,0,0.7894736842105263,0.7333333333333333,0.02830188679245283,1.0,0,,,,
G_noprob,T2,2033,4,False,0,0,0.0,0,,0,0.7368421052631579,0.7058823529411765,0.058823529411764705,,0,,,,
G_noprob,T2,2034,4,False,0,0,0.0,0,,0,0.9473684210526315,0.9333333333333333,0.017543859649122806,,0,,,,
G_noprob,T2,2035,4,False,0,0,0.0,0,,0,0.8421052631578947,0.8235294117647058,0.04672897196261682,,0,,,,
G_noprob,T2,2036,4,False,0,0,0.0,0,,0,0.8421052631578947,0.8235294117647058,0.02727272727272727,1.0,0,,,,
G_noprob,T2,2037,4,False,0,0,0.0,0,,0,0.8421052631578947,0.8235294117647058,0.02654867256637168,1.0,0,,,,
G_noprob,T2,2038,4,False,0,0,0.0,0,,0,0.8947368421052632,0.8823529411764706,0.032,,0,,,,
G_noprob,T2,2039,4,False,0,0,0.0,0,,0,0.8947368421052632,0.8823529411764706,0.017391304347826087,1.0,0,,,,
G_noprob,T2,2040,4,False,0,0,0.0,0,,0,0.7894736842105263,0.8235294117647058,0.03,1.0,0,,,,
G_noprob,T2,2041,4,False,0,0,0.0,0,,0,0.7894736842105263,0.7647058823529411,0.028037383177570093,1.0,0,,,,
G_noprob,T2,2042,4,False,0,0,0.0,0,,0,0.7894736842105263,0.8666666666666667,0.046875,,0,,,,
G_noprob,T2,2043,4,False,0,0,0.0,0,,0,0.7894736842105263,0.8235294117647058,0.009433962264150943,1.0,1,0.42105263157894735,55.0,0.0,0.0
G_noprob,T2,2044,4,False,0,0,0.0,0,,0,0.7894736842105263,0.7647058823529411,0.03571428571428571,,0,,,,
G_noprob,T2,2045,4,False,0,0,0.0,0,,0,0.8947368421052632,0.875,0.01694915254237288,,0,,,,
G_noprob,T2,2046,4,False,0,0,0.0,0,,0,0.7894736842105263,0.75,0.036036036036036036,1.0,1,0.8777777777777778,11.0,0.0,0.0
G_noprob,T2,2047,4,False,0,0,0.0,0,,0,1.0,1.0,0.014492753623188406,,0,,,,
G_noprob,T2,2048,4,False,0,0,0.0,0,,0,0.8421052631578947,0.8125,0.031496062992125984,1.0,0,,,,
G_noprob,T2,2049,4,False,0,0,0.0,0,,0,0.8947368421052632,0.875,0.01680672268907563,,0,,,,
G_noprob,T2,2050,4,False,0,0,0.0,0,,0,0.7368421052631579,0.75,0.057692307692307696,1.0,0,,,,
G_noprob,T2,2051,4,False,0,0,0.0,0,,0,0.9473684210526315,0.9333333333333333,0.018018018018018018,,0,,,,
G_noprob,T2,2052,4,False,0,0,0.0,0,,0,0.8421052631578947,0.8,0.024793388429752067,1.0,1,0.5108695652173914,45.0,0.0,0.0
G_noprob,T2,2053,4,False,0,0,0.0,0,,0,0.8421052631578947,0.875,0.02912621359223301,1.0,0,,,,
G_noprob,T2,2054,4,False,0,0,0.0,0,,0,0.6842105263157895,0.6470588235294118,0.0784313725490196,,0,,,,
G_noprob,T2,2055,4,False,0,0,0.0,0,,0,0.8421052631578947,0.8,0.021052631578947368,1.0,0,,,,
G_noprob,T2,2056,4,False,0,0,0.0,0,,0,0.8947368421052632,0.9375,0.016129032258064516,,0,,,,
G_noprob,T2,2057,4,False,0,0,0.0,0,,0,0.8947368421052632,0.8888888888888888,0.04424778761061947,,0,,,,
G_noprob,T2,2058,4,False,0,0,0.0,0,,0,1.0,1.0,0.008695652173913044,,0,,,,
G_noprob,T2,2059,4,False,0,0,0.0,0,,0,0.8947368421052632,0.8666666666666667,0.028846153846153848,,0,,,,
G_noprob,T3,2000,4,False,0,0,0.5,1,1.0,1,0.7894736842105263,0.8125,0.043478260869565216,1.0,1,0.15730337078651685,75.0,0.0,0.0
G_noprob,T3,2001,4,False,0,0,0.25,1,2.0,1,0.8421052631578947,0.8235294117647058,0.02912621359223301,0.3333333333333333,1,0.3333333333333333,24.0,0.0,0.0
G_noprob,T3,2002,4,False,0,0,0.25,1,4.0,1,0.8421052631578947,0.8333333333333334,0.0380952380952381,1.0,1,0.935064935064935,5.0,0.0,0.0
G_noprob,T3,2003,4,False,0,0,0.5,1,1.0,1,0.8947368421052632,0.8823529411764706,0.009523809523809525,1.0,1,1.0,0.0,0.0,0.0
G_noprob,T3,2004,4,False,0,0,0.0,0,,0,0.8421052631578947,0.8666666666666667,0.04,,0,,,,
G_noprob,T3,2005,4,False,0,0,0.25,1,1.0,1,0.8947368421052632,0.8666666666666667,0.03937007874015748,1.0,1,0.7777777777777778,12.0,0.0,0.0
G_noprob,T3,2006,4,False,0,0,0.25,1,1.0,1,0.7894736842105263,0.8125,0.03773584905660377,1.0,2,0.6706349206349207,15.5,0.5,0.0
G_noprob,T3,2007,4,False,0,0,0.5,1,4.0,1,0.8421052631578947,0.8125,0.026785714285714284,1.0,1,0.6785714285714286,9.0,0.0,0.0
G_noprob,T3,2008,4,False,0,0,0.75,1,5.0,1,0.6842105263157895,0.75,0.08080808080808081,0.5,1,0.6666666666666666,11.0,0.0,0.0
G_noprob,T3,2009,4,False,0,0,0.25,1,6.0,1,0.9473684210526315,0.9375,0.03361344537815126,0.6666666666666666,1,1.0,0.0,0.0,0.0
G_noprob,T3,2010,4,False,0,0,0.25,1,8.0,1,0.7894736842105263,0.8125,0.03773584905660377,1.0,1,0.84375,5.0,0.0,0.0
G_noprob,T3,2011,4,False,0,0,0.75,1,4.0,1,0.7368421052631579,0.8125,0.05357142857142857,1.0,1,0.7857142857142857,6.0,0.0,0.0
G_noprob,T3,2012,4,False,0,0,0.75,1,4.0,1,0.6842105263157895,0.6875,0.04504504504504504,0.75,1,0.9333333333333333,2.0,0.0,0.0
G_noprob,T3,2013,4,False,0,0,0.75,1,4.0,1,0.8421052631578947,0.8333333333333334,0.02654867256637168,1.0,1,0.3968253968253968,38.0,0.0,0.0
G_noprob,T3,2014,4,False,0,0,0.75,1,2.0,1,0.8421052631578947,0.875,0.046296296296296294,1.0,1,0.5555555555555556,16.0,0.0,0.0
G_noprob,T3,2015,4,False,0,0,0.25,1,3.0,1,0.8947368421052632,0.875,0.015748031496062992,1.0,1,1.0,0.0,0.0,0.0
G_noprob,T3,2016,4,False,0,0,0.5,1,1.0,1,0.7894736842105263,0.7777777777777778,0.05660377358490566,1.0,1,1.0,0.0,0.0,0.0
G_noprob,T3,2017,4,False,0,0,0.25,1,3.0,1,0.9473684210526315,0.9333333333333333,0.017391304347826087,1.0,1,0.3669724770642202,69.0,0.0,0.0
G_noprob,T3,2018,4,False,0,0,0.25,1,3.0,1,0.9473684210526315,0.9411764705882353,0.018691588785046728,1.0,1,0.8095238095238095,8.0,0.0,0.0
G_noprob,T3,2019,4,False,0,0,0.25,1,2.0,1,0.8947368421052632,0.8823529411764706,0.016260162601626018,1.0,1,0.2676056338028169,52.0,0.0,0.0
G_noprob,T3,2020,4,False,0,0,0.25,1,4.0,1,0.8421052631578947,0.8235294117647058,0.03225806451612903,1.0,2,0.8666666666666667,4.0,0.0,0.0
G_noprob,T3,2021,4,False,0,0,0.25,1,2.0,1,0.9473684210526315,0.9333333333333333,0.017543859649122806,1.0,1,0.8,6.0,0.0,0.0
G_noprob,T3,2022,4,False,0,0,0.25,1,2.0,1,1.0,1.0,0.0,1.0,1,0.3333333333333333,32.0,0.0,0.0
G_noprob,T3,2023,4,False,0,0,0.5,1,10.0,1,0.8421052631578947,0.8235294117647058,0.031496062992125984,1.0,1,1.0,0.0,0.0,0.0
G_noprob,T3,2024,4,False,0,0,0.75,1,3.0,1,0.9473684210526315,0.9411764705882353,0.008130081300813009,0.5714285714285714,1,0.25,63.0,0.0,0.0
G_noprob,T3,2025,4,False,0,0,0.5,1,3.0,1,0.8947368421052632,0.875,0.028846153846153848,1.0,1,1.0,0.0,0.0,0.0
G_noprob,T3,2026,4,False,0,0,0.25,1,2.0,1,0.8947368421052632,0.8823529411764706,0.015384615384615385,0.6666666666666666,1,0.41509433962264153,31.0,0.0,0.0
G_noprob,T3,2027,4,False,0,0,0.0,0,,0,1.0,1.0,0.0072992700729927005,,0,,,,
G_noprob,T3,2028,4,False,0,0,0.5,1,8.0,1,0.9473684210526315,0.9333333333333333,0.008403361344537815,0.5,1,0.3333333333333333,36.0,0.0,0.0
G_noprob,T3,2029,4,False,0,0,0.5,1,1.0,1,1.0,1.0,0.03125,1.0,1,0.3333333333333333,28.0,0.0,0.0
G_noprob,T3,2030,4,False,0,0,0.5,1,2.0,1,0.8947368421052632,0.8888888888888888,0.041237113402061855,0.4,1,0.927536231884058,5.0,0.0,0.0
G_noprob,T3,2031,4,False,0,0,0.5,1,4.0,1,0.7894736842105263,0.8666666666666667,0.03333333333333333,1.0,1,0.34615384615384615,51.0,0.0,0.0
G_noprob,T3,2032,4,False,0,0,0.5,1,7.0,1,0.8421052631578947,0.8,0.028037383177570093,1.0,1,0.54,23.0,0.0,0.0
G_noprob,T3,2033,4,False,0,0,0.25,1,8.0,1,0.7368421052631579,0.7058823529411765,0.058823529411764705,1.0,1,0.5116279069767442,21.0,0.0,0.0
G_noprob,T3,2034,4,False,0,0,0.25,1,3.0,1,0.8947368421052632,0.8666666666666667,0.02702702702702703,1.0,1,0.6829268292682927,13.0,0.0,0.0
G_noprob,T3,2035,4,False,0,0,0.25,1,5.0,1,0.8421052631578947,0.8235294117647058,0.04716981132075472,1.0,1,0.8611111111111112,5.0,0.0,0.0
G_noprob,T3,2036,4,False,0,0,0.75,1,3.0,1,0.8947368421052632,0.8823529411764706,0.037037037037037035,0.75,1,0.6226415094339622,20.0,0.0,0.0
G_noprob,T3,2037,4,False,0,0,0.25,1,2.0,1,0.8947368421052632,0.8823529411764706,0.02631578947368421,1.0,1,0.8235294117647058,12.0,0.0,0.0
G_noprob,T3,2038,4,False,1,20,1.0,1,65.0,0,0.6842105263157895,0.6470588235294118,0.028846153846153848,0.21608040201005024,7,0.9162085346279161,9.142857142857142,0.14285714285714285,0.0
G_noprob,T3,2039,4,False,0,0,0.75,1,4.0,1,0.8947368421052632,0.8823529411764706,0.018518518518518517,1.0,1,0.5135135135135135,18.0,0.0,0.0
G_noprob,T3,2040,4,False,0,0,0.5,1,3.0,1,0.8421052631578947,0.8823529411764706,0.0297029702970297,1.0,1,0.3870967741935484,19.0,0.0,0.0
G_noprob,T3,2041,4,False,0,0,0.5,1,7.0,1,0.7894736842105263,0.7647058823529411,0.02857142857142857,1.0,1,0.95,2.0,0.0,0.0
G_noprob,T3,2042,4,False,0,0,0.0,0,,0,0.7894736842105263,0.8666666666666667,0.046875,,0,,,,
G_noprob,T3,2043,4,False,0,0,0.25,1,7.0,1,0.9473684210526315,1.0,0.009174311926605505,1.0,1,0.39655172413793105,35.0,0.0,0.0
G_noprob,T3,2044,4,False,0,0,0.25,1,1.0,1,0.7894736842105263,0.7647058823529411,0.03571428571428571,1.0,1,0.2608695652173913,51.0,0.0,0.0
G_noprob,T3,2045,4,False,0,0,0.5,1,3.0,1,0.8421052631578947,0.8125,0.02608695652173913,1.0,1,1.0,0.0,0.0,0.0
G_noprob,T3,2046,4,False,0,0,0.75,1,4.0,1,0.8421052631578947,0.8125,0.037383177570093455,0.75,1,1.0,0.0,0.0,0.0
G_noprob,T3,2047,4,False,0,0,0.75,1,3.0,1,0.9473684210526315,0.9411764705882353,0.007575757575757576,0.6666666666666666,1,0.7368421052631579,15.0,0.0,0.0
G_noprob,T3,2048,4,False,0,0,0.25,1,1.0,1,0.8421052631578947,0.8125,0.031496062992125984,1.0,1,0.5280898876404494,42.0,0.0,0.0
G_noprob,T3,2049,4,False,0,0,0.5,1,2.0,1,0.8947368421052632,0.875,0.01680672268907563,0.42857142857142855,1,0.7567567567567568,9.0,0.0,0.0
G_noprob,T3,2050,4,False,0,0,0.25,1,5.0,1,0.7894736842105263,0.8125,0.05714285714285714,1.0,1,0.34782608695652173,15.0,0.0,0.0
G_noprob,T3,2051,4,False,1,1,0.5,1,1.0,1,0.8947368421052632,0.8666666666666667,0.018518518518518517,0.4,1,0.44155844155844154,43.0,0.0,0.0
G_noprob,T3,2052,4,False,1,7,1.0,1,53.0,0,0.8421052631578947,0.8,0.008620689655172414,0.3360655737704918,5,0.6506187915566338,20.4,0.4,0.0
G_noprob,T3,2053,4,False,0,0,0.25,1,1.0,1,0.8947368421052632,0.9375,0.028846153846153848,1.0,1,0.7272727272727273,6.0,0.0,0.0
G_noprob,T3,2054,4,False,0,0,0.5,1,1.0,1,0.631578947368421,0.5882352941176471,0.08080808080808081,1.0,1,1.0,0.0,0.0,0.0
G_noprob,T3,2055,4,False,0,0,0.5,1,7.0,1,0.8421052631578947,0.8,0.021505376344086023,1.0,1,0.5333333333333333,21.0,0.0,0.0
G_noprob,T3,2056,4,False,0,0,0.5,1,6.0,1,0.8947368421052632,0.9375,0.024793388429752067,0.6666666666666666,1,0.37777777777777777,56.0,0.0,0.0
G_noprob,T3,2057,4,False,0,0,0.5,1,2.0,1,0.8947368421052632,0.8888888888888888,0.034782608695652174,0.42857142857142855,1,1.0,0.0,0.0,0.0
G_noprob,T3,2058,4,False,0,0,0.25,1,3.0,1,1.0,1.0,0.008695652173913044,1.0,1,1.0,0.0,0.0,0.0
G_noprob,T3,2059,4,False,0,0,0.5,1,2.0,1,0.8947368421052632,0.8666666666666667,0.028846153846153848,1.0,1,0.6973684210526315,23.0,0.0,0.0
G_noprob,T4,2000,4,False,0,0,0.75,1,8.0,1,0.7894736842105263,0.8125,0.043478260869565216,1.0,1,0.27358490566037735,77.0,0.0,0.0
G_noprob,T4,2001,4,False,0,0,0.75,1,15.0,1,0.7368421052631579,0.7058823529411765,0.031578947368421054,0.6,1,0.5471698113207547,24.0,0.0,0.0
G_noprob,T4,2002,4,False,0,0,0.5,1,6.0,1,0.8421052631578947,0.8333333333333334,0.0392156862745098,1.0,1,0.9620253164556962,3.0,0.0,0.0
G_noprob,T4,2003,4,False,0,0,0.75,1,18.0,1,0.7894736842105263,0.7647058823529411,0.02040816326530612,1.0,1,1.0,0.0,0.0,0.0
G_noprob,T4,2004,4,False,0,0,0.75,1,38.0,0,0.7894736842105263,0.8,0.05102040816326531,0.875,1,0.4329896907216495,55.0,1.0,0.0
G_noprob,T4,2005,4,False,0,0,1.0,1,23.0,1,0.9473684210526315,0.9333333333333333,0.03937007874015748,0.5555555555555556,1,0.7017543859649122,34.0,0.0,0.0
G_noprob,T4,2006,4,False,0,0,0.75,1,32.0,1,0.7894736842105263,0.8125,0.03773584905660377,1.0,2,0.6888335704125177,17.5,0.5,0.0
G_noprob,T4,2007,4,False,1,5,1.0,1,59.0,0,0.7368421052631579,0.6875,0.043478260869565216,0.2962962962962963,2,0.5725490196078431,21.5,1.0,0.0
G_noprob,T4,2008,4,False,0,0,1.0,1,25.0,1,0.631578947368421,0.6875,0.07142857142857142,0.7142857142857143,1,0.8382352941176471,11.0,0.0,0.0
G_noprob,T4,2009,4,False,0,0,1.0,1,26.0,1,0.8947368421052632,0.875,0.03361344537815126,1.0,1,0.6419753086419753,29.0,0.0,0.0
G_noprob,T4,2010,4,False,0,0,0.25,1,13.0,1,0.7368421052631579,0.75,0.04,1.0,1,0.8809523809523809,5.0,0.0,0.0
G_noprob,T4,2011,4,False,0,0,0.75,1,8.0,1,0.7894736842105263,0.875,0.05172413793103448,1.0,1,0.8214285714285714,15.0,0.0,0.0
G_noprob,T4,2012,4,False,0,0,0.75,1,22.0,1,0.6842105263157895,0.6875,0.04807692307692308,1.0,1,0.8225806451612904,11.0,0.0,0.0
G_noprob,T4,2013,4,False,0,0,0.75,1,19.0,1,0.8421052631578947,0.8333333333333334,0.02654867256637168,1.0,1,0.49333333333333335,38.0,0.0,0.0
G_noprob,T4,2014,4,False,0,0,1.0,1,17.0,1,0.6842105263157895,0.6875,0.06,1.0,1,0.7377049180327869,16.0,0.0,0.0
G_noprob,T4,2015,4,False,0,0,0.5,1,4.0,1,0.8421052631578947,0.8125,0.016260162601626018,1.0,1,1.0,0.0,0.0,0.0
G_noprob,T4,2016,4,False,0,0,0.75,1,12.0,1,0.7894736842105263,0.7777777777777778,0.05714285714285714,1.0,1,0.6268656716417911,25.0,0.0,0.0
G_noprob,T4,2017,4,False,0,0,0.75,1,6.0,1,0.8947368421052632,0.8666666666666667,0.009174311926605505,1.0,1,0.2676056338028169,52.0,0.0,0.0
G_noprob,T4,2018,4,False,0,0,0.75,1,14.0,1,0.9473684210526315,0.9411764705882353,0.0,0.5,1,0.5254237288135594,28.0,0.0,0.0
G_noprob,T4,2019,4,False,0,0,0.25,1,3.0,1,0.8947368421052632,0.8823529411764706,0.016260162601626018,1.0,1,0.2676056338028169,52.0,0.0,0.0
G_noprob,T4,2020,4,False,0,0,0.5,1,7.0,1,0.8421052631578947,0.8235294117647058,0.023622047244094488,1.0,1,0.9696969696969697,1.0,0.0,0.0
G_noprob,T4,2021,4,False,0,0,0.75,1,11.0,1,0.8947368421052632,0.8666666666666667,0.026785714285714284,1.0,1,0.8085106382978723,9.0,0.0,0.0
G_noprob,T4,2022,4,False,0,0,0.5,1,4.0,1,0.9473684210526315,0.9333333333333333,0.0,1.0,1,0.3469387755102041,32.0,0.0,0.0
G_noprob,T4,2023,4,False,0,0,0.25,1,12.0,1,0.8947368421052632,0.8823529411764706,0.023255813953488372,1.0,1,0.7333333333333333,12.0,0.0,0.0
G_noprob,T4,2024,4,False,0,0,0.75,1,5.0,1,1.0,1.0,0.007874015748031496,1.0,1,0.47126436781609193,46.0,0.0,0.0
G_noprob,T4,2025,4,False,0,0,0.75,1,16.0,1,0.8947368421052632,0.875,0.0392156862745098,0.8,1,0.9310344827586207,4.0,0.0,0.0
G_noprob,T4,2026,4,False,0,0,0.5,1,20.0,1,0.8947368421052632,0.8823529411764706,0.023255813953488372,1.0,1,0.6235294117647059,32.0,0.0,0.0
G_noprob,T4,2027,4,False,0,0,0.0,0,,0,1.0,1.0,0.0072992700729927005,,0,,,,
G_noprob,T4,2028,4,False,0,0,0.75,1,33.0,1,0.8421052631578947,0.8,0.009345794392523364,1.0,1,0.6881720430107527,29.0,0.0,0.0
G_noprob,T4,2029,4,False,0,0,1.0,1,25.0,1,0.8947368421052632,0.875,0.025423728813559324,1.0,1,0.6436781609195402,31.0,0.0,0.0
G_noprob,T4,2030,4,False,0,0,0.5,1,8.0,1,0.8947368421052632,0.8888888888888888,0.041237113402061855,1.0,1,0.9342105263157895,5.0,0.0,0.0
G_noprob,T4,2031,4,False,0,0,1.0,1,13.0,1,0.7894736842105263,0.8666666666666667,0.04132231404958678,0.5,1,0.46601941747572817,55.0,0.0,0.0
G_noprob,T4,2032,4,False,0,0,0.5,1,16.0,1,0.7894736842105263,0.7333333333333333,0.0380952380952381,1.0,1,0.6153846153846154,25.0,0.0,0.0
G_noprob,T4,2033,4,False,0,0,0.0,0,,0,0.7368421052631579,0.7058823529411765,0.058823529411764705,,0,,,,
G_noprob,T4,2034,4,False,0,0,0.5,1,5.0,1,0.8947368421052632,0.8666666666666667,0.01818181818181818,1.0,1,0.6904761904761905,13.0,0.0,0.0
G_noprob,T4,2035,4,False,0,0,0.5,1,10.0,1,0.8421052631578947,0.8235294117647058,0.04672897196261682,1.0,1,0.8367346938775511,8.0,0.0,0.0
G_noprob,T4,2036,4,False,0,0,0.5,1,14.0,1,0.8947368421052632,0.8823529411764706,0.017699115044247787,0.5,1,0.6363636363636364,28.0,0.0,0.0
G_noprob,T4,2037,4,False,0,0,0.75,1,21.0,1,0.7894736842105263,0.7647058823529411,0.019417475728155338,1.0,1,0.8586956521739131,13.0,0.0,0.0
G_noprob,T4,2038,4,False,0,0,0.25,1,3.0,1,0.8947368421052632,0.8823529411764706,0.032,1.0,1,1.0,0.0,0.0,0.0
G_noprob,T4,2039,4,False,0,0,0.75,1,13.0,1,0.8947368421052632,0.8823529411764706,0.008928571428571428,1.0,1,0.3504273504273504,76.0,0.0,0.0
G_noprob,T4,2040,4,False,0,0,0.5,1,5.0,1,0.8421052631578947,0.8823529411764706,0.0297029702970297,0.5,1,0.4473684210526316,21.0,0.0,0.0
G_noprob,T4,2041,4,False,0,0,0.5,1,13.0,1,0.8421052631578947,0.8235294117647058,0.027777777777777776,1.0,1,0.9183673469387755,4.0,0.0,0.0
G_noprob,T4,2042,4,False,0,0,1.0,1,19.0,1,0.7368421052631579,0.8,0.05785123966942149,0.75,1,0.44565217391304346,51.0,0.0,0.0
G_noprob,T4,2043,4,False,0,0,0.25,1,33.0,1,0.9473684210526315,1.0,0.009174311926605505,1.0,1,0.4854368932038835,53.0,0.0,0.0
G_noprob,T4,2044,4,False,0,0,1.0,1,25.0,1,0.7368421052631579,0.7058823529411765,0.056074766355140186,0.8571428571428571,1,0.4811320754716981,55.0,0.0,0.0
G_noprob,T4,2045,4,False,0,0,0.75,1,30.0,1,0.8421052631578947,0.8125,0.017543859649122806,1.0,1,0.8690476190476191,11.0,0.0,0.0
G_noprob,T4,2046,4,False,0,0,0.25,1,11.0,1,0.8947368421052632,0.875,0.035398230088495575,1.0,1,1.0,0.0,0.0,0.0
G_noprob,T4,2047,4,False,0,0,0.5,1,10.0,1,0.9473684210526315,0.9411764705882353,0.014925373134328358,0.5,1,0.6197183098591549,27.0,0.0,0.0
G_noprob,T4,2048,4,False,0,0,1.0,1,12.0,1,0.8421052631578947,0.8125,0.031496062992125984,1.0,1,0.5689655172413793,50.0,0.0,0.0
G_noprob,T4,2049,4,False,0,0,0.75,1,17.0,1,0.8947368421052632,0.875,0.01680672268907563,0.6666666666666666,1,0.835820895522388,11.0,0.0,0.0
G_noprob,T4,2050,4,False,0,0,0.25,1,3.0,1,0.7368421052631579,0.75,0.0594059405940594,1.0,1,0.3157894736842105,13.0,0.0,0.0
G_noprob,T4,2051,4,False,0,0,0.25,1,1.0,1,0.8947368421052632,0.8666666666666667,0.018518518518518517,1.0,1,0.4342105263157895,43.0,0.0,0.0
G_noprob,T4,2052,4,False,0,0,0.0,0,,0,0.8947368421052632,0.8666666666666667,0.02459016393442623,,1,0.5108695652173914,45.0,0.0,0.0
G_noprob,T4,2053,4,False,0,0,0.25,1,3.0,1,0.8947368421052632,0.9375,0.028846153846153848,1.0,1,0.7272727272727273,6.0,0.0,0.0
G_noprob,T4,2054,4,False,0,0,0.75,1,4.0,1,0.6842105263157895,0.6470588235294118,0.0784313725490196,1.0,1,1.0,0.0,0.0,0.0
G_noprob,T4,2055,4,False,0,0,0.75,1,4.0,1,0.8421052631578947,0.8,0.021505376344086023,1.0,1,0.8695652173913043,6.0,0.0,0.0
G_noprob,T4,2056,4,False,0,0,0.75,1,13.0,1,0.8421052631578947,0.875,0.03361344537815126,0.6,1,0.4666666666666667,56.0,0.0,0.0
G_noprob,T4,2057,4,False,0,0,1.0,1,14.0,1,0.8947368421052632,0.8888888888888888,0.04424778761061947,0.5,1,1.0,0.0,0.0,0.0
G_noprob,T4,2058,4,False,0,0,0.25,1,3.0,1,1.0,1.0,0.008695652173913044,1.0,1,1.0,0.0,0.0,0.0
G_noprob,T4,2059,4,False,0,0,1.0,1,10.0,1,0.8421052631578947,0.8,0.03,1.0,1,0.45588235294117646,37.0,0.0,0.0
G_noprob,T5,2000,4,False,0,0,0.5,1,2.0,1,0.7368421052631579,0.75,0.05303030303030303,0.9523809523809523,9,0.8968547261230189,6.111111111111111,0.7777777777777778,0.0
G_noprob,T5,2001,4,False,0,0,0.0,0,,0,0.8421052631578947,0.8235294117647058,0.02912621359223301,0.875,3,0.7808219178082192,16.0,0.0,0.0
G_noprob,T5,2002,4,False,0,0,0.5,1,1.0,1,0.8947368421052632,0.8888888888888888,0.03773584905660377,1.0,4,1.0,0.0,0.5,0.0
G_noprob,T5,2003,4,False,0,0,0.25,1,9.0,1,0.9473684210526315,0.9411764705882353,0.009259259259259259,1.0,5,0.9198015873015872,1.6,0.6,0.0
G_noprob,T5,2004,4,False,0,0,0.0,0,,0,0.7894736842105263,0.8,0.04081632653061224,0.8333333333333334,5,0.739448108762956,10.4,0.0,0.0
G_noprob,T5,2005,4,False,1,1,0.75,1,5.0,1,0.8421052631578947,0.8,0.05084745762711865,0.7307692307692307,8,0.8649631713724667,5.0,0.75,0.0
G_noprob,T5,2006,4,False,0,0,0.5,1,5.0,1,0.7894736842105263,0.8125,0.03773584905660377,1.0,7,0.8986860429791886,3.0,0.8571428571428571,0.0
G_noprob,T5,2007,4,False,0,0,0.5,1,2.0,1,0.7894736842105263,0.75,0.027522935779816515,0.9444444444444444,5,0.875128205128205,5.4,0.6,0.0
G_noprob,T5,2008,4,False,0,0,0.5,1,3.0,1,0.6842105263157895,0.75,0.05555555555555555,0.8333333333333334,6,0.9320987654320988,1.8333333333333333,0.6666666666666666,0.0
G_noprob,T5,2009,4,False,0,0,1.0,1,9.0,1,0.8421052631578947,0.8125,0.02631578947368421,0.7407407407407407,10,0.9442741935483872,2.2,0.9,0.0
G_noprob,T5,2010,4,False,0,0,0.5,1,2.0,1,0.7368421052631579,0.75,0.038834951456310676,0.8888888888888888,8,0.9190705128205128,3.75,0.5,0.0
G_noprob,T5,2011,4,False,0,0,0.75,1,3.0,1,0.6842105263157895,0.75,0.046296296296296294,1.0,7,0.8939703153988868,5.142857142857143,0.5714285714285714,0.0
G_noprob,T5,2012,4,False,0,0,1.0,1,1.0,1,0.5263157894736842,0.5,0.0594059405940594,0.8095238095238095,6,0.9019486871651216,4.833333333333333,0.6666666666666666,0.0
G_noprob,T5,2013,4,False,0,0,1.0,1,4.0,1,0.7894736842105263,0.7777777777777778,0.037383177570093455,0.76,7,0.788521568426259,6.142857142857143,0.8571428571428571,0.0
G_noprob,T5,2014,4,False,0,0,0.75,1,9.0,1,0.7894736842105263,0.8125,0.05825242718446602,0.9285714285714286,5,0.9027741593091138,3.2,0.4,0.0
G_noprob,T5,2015,4,False,0,0,0.5,1,4.0,1,0.7894736842105263,0.75,0.01652892561983471,1.0,6,0.9420289855072465,4.0,0.5,0.0
G_noprob,T5,2016,4,False,0,0,0.75,1,1.0,1,0.7368421052631579,0.7222222222222222,0.06,0.8695652173913043,6,0.9587384184443009,1.0,0.6666666666666666,0.0
G_noprob,T5,2017,4,False,0,0,1.0,1,9.0,1,0.8947368421052632,0.8666666666666667,0.01834862385321101,0.8666666666666667,5,0.91123745819398,3.8,0.4,0.0
G_noprob,T5,2018,4,False,0,0,0.5,1,4.0,1,0.8947368421052632,0.8823529411764706,0.009433962264150943,0.9166666666666666,5,0.8938389351512275,5.0,0.2,0.0
G_noprob,T5,2019,4,False,0,0,0.5,1,4.0,1,0.7894736842105263,0.7647058823529411,0.02631578947368421,0.9375,6,0.7281440781440781,9.0,0.6666666666666666,0.0
G_noprob,T5,2020,4,False,0,0,0.75,1,3.0,1,0.7368421052631579,0.7058823529411765,0.04504504504504504,1.0,7,0.9623798978285565,0.0,0.7142857142857143,0.0
G_noprob,T5,2021,4,False,1,9,1.0,1,38.0,0,0.8947368421052632,0.8666666666666667,0.027522935779816515,0.3904761904761905,8,0.9301433735605421,3.25,0.875,0.0
G_noprob,T5,2022,4,False,0,0,0.0,0,,0,0.9473684210526315,0.9333333333333333,0.0,0.8888888888888888,4,0.5613572784186138,8.0,0.0,0.0
G_noprob,T5,2023,4,False,0,0,0.75,1,4.0,1,0.6842105263157895,0.6470588235294118,0.042735042735042736,0.8461538461538461,9,0.9408194905869325,2.111111111111111,0.6666666666666666,0.0
G_noprob,T5,2024,4,False,0,0,0.75,1,4.0,1,0.9473684210526315,0.9411764705882353,0.008130081300813009,0.9411764705882353,6,0.8695598611200167,3.3333333333333335,0.6666666666666666,0.0
G_noprob,T5,2025,4,False,1,2,0.75,1,5.0,1,0.8421052631578947,0.8125,0.0297029702970297,0.65625,7,0.9007263922518159,5.428571428571429,0.8571428571428571,0.0
G_noprob,T5,2026,4,False,0,0,1.0,1,1.0,1,0.8947368421052632,0.8823529411764706,0.015503875968992248,0.8333333333333334,6,0.9074074074074074,5.0,0.8333333333333334,0.0
G_noprob,T5,2027,4,False,0,0,0.5,1,2.0,1,0.9473684210526315,0.9375,0.0,0.8888888888888888,5,0.7999742922330408,10.2,0.6,0.0
G_noprob,T5,2028,4,False,1,1,0.75,1,5.0,1,0.8947368421052632,0.8666666666666667,0.008695652173913044,0.7083333333333334,5,0.807843137254902,10.2,0.2,0.0
G_noprob,T5,2029,4,False,0,0,0.75,1,5.0,1,0.8947368421052632,0.875,0.024390243902439025,0.9473684210526315,7,0.763708515789259,4.428571428571429,0.7142857142857143,0.0
G_noprob,T5,2030,4,False,1,8,1.0,1,32.0,0,0.8421052631578947,0.8333333333333334,0.041666666666666664,0.27419354838709675,5,0.8469363986554139,4.6,0.6,0.0
G_noprob,T5,2031,4,False,0,0,0.5,1,4.0,1,0.631578947368421,0.6666666666666666,0.05714285714285714,0.875,5,0.8025028229915447,7.8,0.4,0.0
G_noprob,T5,2032,4,False,1,1,0.5,1,1.0,1,0.7894736842105263,0.7333333333333333,0.02830188679245283,0.8235294117647058,7,0.8980836236933799,3.5714285714285716,0.7142857142857143,0.0
G_noprob,T5,2033,4,False,1,13,1.0,1,5.0,1,0.6842105263157895,0.6470588235294118,0.050505050505050504,0.2631578947368421,8,0.8564080760424596,3.875,0.875,0.0
G_noprob,T5,2034,4,False,0,0,0.0,0,,0,0.9473684210526315,0.9333333333333333,0.017543859649122806,1.0,4,0.9226190476190477,3.25,0.0,0.0
G_noprob,T5,2035,4,False,0,0,0.75,1,10.0,1,0.7894736842105263,0.7647058823529411,0.04854368932038835,1.0,3,0.9070225161391906,3.6666666666666665,0.3333333333333333,0.0
G_noprob,T5,2036,4,False,0,0,0.75,1,2.0,1,0.8947368421052632,0.8823529411764706,0.03669724770642202,0.9259259259259259,8,0.9647435897435898,1.375,0.625,0.0
G_noprob,T5,2037,4,False,0,0,0.25,1,1.0,1,0.8947368421052632,0.8823529411764706,0.02631578947368421,1.0,4,1.0,0.0,0.5,0.0
G_noprob,T5,2038,4,False,0,0,0.25,1,8.0,1,0.7894736842105263,0.7647058823529411,0.025,0.7692307692307693,5,0.8987301587301587,6.2,0.2,0.0
G_noprob,T5,2039,4,False,0,0,1.0,1,1.0,1,0.8947368421052632,0.8823529411764706,0.017543859649122806,0.8518518518518519,9,0.8580433969322858,4.333333333333333,0.6666666666666666,0.0
G_noprob,T5,2040,4,False,1,2,1.0,1,3.0,1,0.631578947368421,0.6470588235294118,0.03333333333333333,0.6923076923076923,7,0.8824853235262561,3.0,0.7142857142857143,0.0
G_noprob,T5,2041,4,False,0,0,0.75,1,1.0,1,0.7894736842105263,0.7647058823529411,0.02830188679245283,1.0,4,0.8592889637244476,7.25,0.5,0.0
G_noprob,T5,2042,4,False,0,0,0.5,1,0.0,1,0.7368421052631579,0.8,0.05084745762711865,0.85,7,0.8542729591836735,8.142857142857142,0.5714285714285714,0.0
G_noprob,T5,2043,4,False,0,0,0.75,1,5.0,1,0.8947368421052632,0.9411764705882353,0.009523809523809525,0.875,6,0.8699186991869919,5.333333333333333,0.6666666666666666,0.0
G_noprob,T5,2044,4,False,0,0,1.0,1,1.0,1,0.6842105263157895,0.6470588235294118,0.0380952380952381,0.85,7,0.9112077674369109,3.142857142857143,0.7142857142857143,0.0
G_noprob,T5,2045,4,False,1,1,0.5,1,1.0,1,0.7894736842105263,0.75,0.018867924528301886,0.8095238095238095,7,0.8526179702650291,8.571428571428571,0.5714285714285714,0.0
G_noprob,T5,2046,4,False,0,0,0.25,1,4.0,1,0.8421052631578947,0.8125,0.03669724770642202,1.0,5,0.866495464012143,9.6,0.4,0.0
G_noprob,T5,2047,4,False,0,0,0.75,1,3.0,1,0.8421052631578947,0.8235294117647058,0.0078125,0.8333333333333334,5,0.7874006458022851,11.4,0.4,0.0
G_noprob,T5,2048,4,False,0,0,0.75,1,2.0,1,0.7894736842105263,0.75,0.032520325203252036,0.8125,6,0.9162844743590085,4.833333333333333,0.8333333333333334,0.0
G_noprob,T5,2049,4,False,0,0,0.25,1,3.0,1,0.8947368421052632,0.875,0.01694915254237288,0.8,5,0.9060975609756097,4.0,0.4,0.0
G_noprob,T5,2050,4,False,0,0,0.25,1,6.0,1,0.6842105263157895,0.6875,0.05825242718446602,0.8947368421052632,7,0.8259906591554721,5.571428571428571,0.14285714285714285,0.0
G_noprob,T5,2051,4,False,1,1,0.5,1,1.0,1,0.8947368421052632,0.8666666666666667,0.01834862385321101,0.75,4,0.8668831168831169,10.25,0.0,0.0
G_noprob,T5,2052,4,False,0,0,0.5,1,2.0,1,0.7894736842105263,0.7333333333333333,0.01680672268907563,0.8181818181818182,5,0.7803728070175439,10.8,0.8,0.0
G_noprob,T5,2053,4,False,0,0,0.25,1,2.0,1,0.8947368421052632,0.9375,0.028846153846153848,0.9090909090909091,4,0.7014492753623188,7.5,0.5,0.0
G_noprob,T5,2054,4,False,0,0,0.75,1,4.0,1,0.6842105263157895,0.6470588235294118,0.07920792079207921,0.8823529411764706,5,0.8256474498994522,1.8,0.2,0.0
G_noprob,T5,2055,4,False,0,0,0.5,1,2.0,1,0.8947368421052632,0.8666666666666667,0.020833333333333332,1.0,6,0.9426129426129427,2.3333333333333335,0.6666666666666666,0.0
G_noprob,T5,2056,4,False,0,0,0.5,1,6.0,1,0.8421052631578947,0.875,0.025,0.9,4,0.7712695247590562,12.75,0.75,0.0
G_noprob,T5,2057,4,False,0,0,0.5,1,1.0,1,0.7368421052631579,0.7222222222222222,0.046296296296296294,0.8076923076923077,8,0.9232405440612128,3.5,0.625,0.0
G_noprob,T5,2058,4,False,0,0,0.25,1,1.0,1,0.8947368421052632,0.8823529411764706,0.018867924528301886,0.7368421052631579,6,0.9024390243902439,4.0,0.6666666666666666,0.0
G_noprob,T5,2059,4,False,0,0,0.5,1,5.0,1,0.8421052631578947,0.8,0.02040816326530612,0.8,6,0.8733333333333334,5.333333333333333,0.8333333333333334,0.0
